year,event,promised,delivered,fires,base_test
2020,lib: EMA9 above EMA21 by 10 bp,0.4493475057882551,0.46187314521402345,39762,0.5058584018435476
2020,lib: EMA9 below EMA21 by 10 bp,0.5506067860975811,0.57062287467861,36171,0.5058584018435476
2020,lib: OBV falling over 60 min,0.5404140019524635,0.5585134549655804,20773,0.5058584018435476
2020,lib: OBV rising over 60 min,0.4596635470421878,0.4820011500862565,17390,0.5058584018435476
2020,lib: RSI14 above 70,0.41134751773049644,0.42776886035313,18690,0.5058584018435476
2020,lib: RSI14 below 30,0.5940178679222504,0.6276072344258887,14431,0.5058584018435476
2020,lib: RSI60 above 65,0.4509656853553347,0.45675316034597474,3006,0.5058584018435476
2020,lib: RSI60 below 35,0.5701317194731221,0.6311010215664018,1762,0.5058584018435476
2020,lib: above upper Bollinger band,0.45420116949884226,0.4553292465888867,25285,0.5058584018435476
2020,lib: below lower Bollinger band,0.5487040996211695,0.5848834932445662,25535,0.5058584018435476
2020,lib: last 15 min down more than 2 sd,0.5817197584842807,0.608537586489973,8527,0.5058584018435476
2020,lib: last 15 min up more than 2 sd,0.4301946225672179,0.45400954430616636,10687,0.5058584018435476
2020,lib: last 5 min down more than 2 sd,0.5568537803742274,0.588586317028072,11898,0.5058584018435476
2020,lib: last 5 min up more than 2 sd,0.43522006799595697,0.4641383069854373,12841,0.5058584018435476
2020,lib: lower quarter of 4h range,0.5395941769213977,0.554991517510751,76039,0.5058584018435476
2020,lib: price 30 bp+ above 60-min VWAP,0.454669728783902,0.4508965319780967,55882,0.5058584018435476
2020,lib: price 30 bp+ below 60-min VWAP,0.5542051407920239,0.5847727426674795,44289,0.5058584018435476
2020,lib: price at 4h high (rangepos >= 0.98),0.43907753767931723,0.43911764705882356,6800,0.5058584018435476
2020,lib: price at 4h low (rangepos <= 0.02),0.585287548855388,0.6391009329940628,2358,0.5058584018435476
2020,lib: sweep: 15-min move < -1.5 sd,0.5699588477366255,0.5900298854391499,24092,0.5058584018435476
2020,lib: sweep: 15-min move < -2 sd,0.5817197584842807,0.608537586489973,8527,0.5058584018435476
2020,lib: sweep: 15-min move < -2.5 sd,0.5765361609570419,0.615549215406562,2804,0.5058584018435476
2020,lib: sweep: 15-min move < -3 sd,0.5693194094346417,0.617269544924154,857,0.5058584018435476
2020,lib: sweep: 15-min move > +1.5 sd,0.4327261792250193,0.45148775756688503,27323,0.5058584018435476
2020,lib: sweep: 15-min move > +2 sd,0.4301946225672179,0.45400954430616636,10687,0.5058584018435476
2020,lib: sweep: 15-min move > +2.5 sd,0.43653566229985447,0.4678058444774641,4038,0.5058584018435476
2020,lib: sweep: 15-min move > +3 sd,0.45454545454545453,0.4657718120805369,1490,0.5058584018435476
2020,lib: sweep: 5-min move < -1.5 sd,0.5555897751770865,0.5693530317882649,28564,0.5058584018435476
2020,lib: sweep: 5-min move < -2 sd,0.5568537803742274,0.588586317028072,11898,0.5058584018435476
2020,lib: sweep: 5-min move < -2.5 sd,0.5551107801154347,0.5993901276920145,5247,0.5058584018435476
2020,lib: sweep: 5-min move < -3 sd,0.5579291762894534,0.6038543897216274,2335,0.5058584018435476
2020,lib: sweep: 5-min move > +1.5 sd,0.4449059369655509,0.4649822110950059,30356,0.5058584018435476
2020,lib: sweep: 5-min move > +2 sd,0.43522006799595697,0.4641383069854373,12841,0.5058584018435476
2020,lib: sweep: 5-min move > +2.5 sd,0.4357984771044122,0.47208931419457734,5643,0.5058584018435476
2020,lib: sweep: 5-min move > +3 sd,0.43073593073593075,0.48130657221566314,2541,0.5058584018435476
2020,lib: sweep: EMA9 < EMA21 - 10 bp,0.5506067860975811,0.57062287467861,36171,0.5058584018435476
2020,lib: sweep: EMA9 > EMA21 + 10 bp,0.4493475057882551,0.46187314521402345,39762,0.5058584018435476
2020,lib: sweep: OBV falling,0.5404140019524635,0.5585134549655804,20773,0.5058584018435476
2020,lib: sweep: OBV rising,0.4596635470421878,0.4820011500862565,17390,0.5058584018435476
2020,lib: sweep: RSI14 < 20,0.5874915330774442,0.6375515818431912,1454,0.5058584018435476
2020,lib: sweep: RSI14 < 25,0.5990603599299251,0.6430834213305174,4735,0.5058584018435476
2020,lib: sweep: RSI14 < 30,0.5940178679222504,0.6276072344258887,14431,0.5058584018435476
2020,lib: sweep: RSI14 < 35,0.5776268173449305,0.608029680667815,37735,0.5058584018435476
2020,lib: sweep: RSI14 > 65,0.4307278087765893,0.4356705694518361,45096,0.5058584018435476
2020,lib: sweep: RSI14 > 70,0.41134751773049644,0.42776886035313,18690,0.5058584018435476
2020,lib: sweep: RSI14 > 75,0.4067435960389557,0.42726623840114203,7005,0.5058584018435476
2020,lib: sweep: RSI14 > 80,0.4116500121862052,0.43676603432700994,2214,0.5058584018435476
2020,lib: sweep: RSI60 < 35,0.5701317194731221,0.6311010215664018,1762,0.5058584018435476
2020,lib: sweep: RSI60 < 40,0.5701664123762552,0.6094736842105263,10450,0.5058584018435476
2020,lib: sweep: RSI60 < 45,0.5484338366996258,0.5721772124341051,64307,0.5058584018435476
2020,lib: sweep: RSI60 > 55,0.45600761460113665,0.4523713111233818,81495,0.5058584018435476
2020,lib: sweep: RSI60 > 60,0.43851421765669196,0.4526878340144609,15905,0.5058584018435476
2020,lib: sweep: RSI60 > 65,0.4509656853553347,0.45675316034597474,3006,0.5058584018435476
2020,lib: sweep: price < VWAP60 - 15 bp,0.5439046863950971,0.5696493544740318,105263,0.5058584018435476
2020,lib: sweep: price < VWAP60 - 30 bp,0.5542051407920239,0.5847727426674795,44289,0.5058584018435476
2020,lib: sweep: price < VWAP60 - 50 bp,0.551479670394748,0.5887168634439741,17956,0.5058584018435476
2020,lib: sweep: price > VWAP60 + 15 bp,0.46550682519061964,0.45753083443815035,124455,0.5058584018435476
2020,lib: sweep: price > VWAP60 + 30 bp,0.454669728783902,0.4508965319780967,55882,0.5058584018435476
2020,lib: sweep: price > VWAP60 + 50 bp,0.45417925478348437,0.4473415360014214,22513,0.5058584018435476
2020,lib: sweep: range position < 0.05,0.5831894755640217,0.6199123356293049,6388,0.5058584018435476
2020,lib: sweep: range position < 0.1,0.568187975665624,0.5998292474692035,16398,0.5058584018435476
2020,lib: sweep: range position < 0.15,0.5572804577187549,0.5795583238958097,31788,0.5058584018435476
2020,lib: sweep: range position > 0.85,0.45691395698310117,0.44755151190794756,67266,0.5058584018435476
2020,lib: sweep: range position > 0.90,0.44989518511793736,0.43674424652190874,38455,0.5058584018435476
2020,lib: sweep: range position > 0.95,0.44041411042944784,0.4338885838062115,16389,0.5058584018435476
2020,lib: three windows down in a row,0.5429878454720104,0.5650575739729088,49241,0.5058584018435476
2020,lib: three windows up in a row,0.4658966532893156,0.4522796352583587,55930,0.5058584018435476
2020,lib: upper quarter of 4h range,0.47167313338926176,0.47033768713775276,134059,0.5058584018435476
2020,pa: 10 minutes before funding settlement (16:00 UTC),0.5446778711484593,0.5188202247191012,3560,0.5058584018435476
2020,pa: acceptance above the 4h high (last 5 closes all above it),0.45055034320295684,0.4665079467215752,15541,0.5058584018435476
2020,pa: acceptance below the 4h low (last 5 closes all below it),0.5437749120750293,0.5708395372809529,8731,0.5058584018435476
2020,pa: broke above the previous day's high in the last 5 minutes,0.4612853271389857,0.46751669702489373,3294,0.5058584018435476
2020,pa: crossed a $100 level downward in the last 3 minutes,0.5340873389883758,0.5518793607922575,26658,0.5058584018435476
2020,pa: delta divergence: new 4h high with net taker selling over the hour,0.4529884655714785,0.43060278207109737,3235,0.5058584018435476
2020,pa: delta divergence: new 4h low with net taker buying over the hour,0.5655775425678785,0.6397163120567376,705,0.5058584018435476
2020,pa: doji at a new 1h high,0.45878848063555117,0.4309809143364403,2253,0.5058584018435476
2020,pa: doji at a new 1h low,0.54630847266579,0.5993322203672788,1797,0.5058584018435476
2020,"pa: liquidity sweep of the 1h high (took it out, closed back below)",0.4558307028853421,0.4359978636282713,11234,0.5058584018435476
2020,"pa: liquidity sweep of the 1h low (took it out, closed back above)",0.554773968222736,0.5951829083946387,9923,0.5058584018435476
2020,pa: lost the session VWAP in the last 5 minutes after 30+ minutes above,0.5412896575420914,0.5656075673053602,4123,0.5058584018435476
2020,pa: pin bar at a new 1h high (long upper wick),0.4536118363794604,0.43510506798516685,2427,0.5058584018435476
2020,pa: pin bar at a new 1h low (long lower wick),0.563013698630137,0.6218330849478391,2684,0.5058584018435476
2020,pa: reclaimed the session VWAP in the last 5 minutes after 30+ minutes below,0.4450293829578844,0.4170915270696771,4119,0.5058584018435476
2020,pa: volume climax at a new 1h high (hour's largest volume),0.45246367656348707,0.4665587918015103,3708,0.5058584018435476
2020,pa: volume climax at a new 1h low (hour's largest volume),0.5488885858448111,0.606963861777895,3791,0.5058584018435476
2020,pa: wick rejection at the 1h high,0.4617874544277488,0.43529240404923164,13731,0.5058584018435476
2020,pa: wick rejection at the 1h low,0.5495707665425815,0.5944147772038869,11423,0.5058584018435476
2020,pa: wick rejection at the 4h high,0.43917426788286124,0.4317017140837604,5659,0.5058584018435476
2020,pa: wick rejection at the 4h low,0.5705267990359233,0.6135540610450078,3866,0.5058584018435476
2020,pa: wick rejection at the daily high,0.4484386347131445,0.4459681843115743,1823,0.5058584018435476
2020,pa: wick rejection at the daily low,0.5703185703185704,0.5991189427312775,908,0.5058584018435476
2021,lib: EMA9 above EMA21 by 10 bp,0.45304269116054074,0.4433147555457455,72488,0.49699675529325515
2021,lib: EMA9 below EMA21 by 10 bp,0.5560473417245914,0.5515569564787199,70747,0.49699675529325515
2021,lib: OBV falling over 60 min,0.545712031113491,0.5377857593554337,20603,0.49699675529325515
2021,lib: OBV rising over 60 min,0.46717870339917583,0.4602587800369686,17312,0.49699675529325515
2021,lib: RSI14 above 70,0.41722171183585977,0.4340214962221986,18794,0.49699675529325515
2021,lib: RSI14 below 30,0.6042091541744633,0.5823922426535801,16913,0.49699675529325515
2021,lib: RSI60 above 65,0.45305192469121,0.48423488573908013,3457,0.49699675529325515
2021,lib: RSI60 below 35,0.5846883468834688,0.610110400929692,1721,0.49699675529325515
2021,lib: above upper Bollinger band,0.4545752619775204,0.44545064210156526,25619,0.49699675529325515
2021,lib: below lower Bollinger band,0.5604194935135752,0.5578091821044153,27314,0.49699675529325515
2021,lib: last 15 min down more than 2 sd,0.589963589170482,0.5600842645173109,10918,0.49699675529325515
2021,lib: last 15 min up more than 2 sd,0.43913578078341825,0.4512287176046297,11923,0.49699675529325515
2021,lib: last 5 min down more than 2 sd,0.5674831081081081,0.5543561476037361,13062,0.49699675529325515
2021,lib: last 5 min up more than 2 sd,0.44595024128066574,0.448708432304038,13472,0.49699675529325515
2021,lib: lower quarter of 4h range,0.5442754043301813,0.5317589194364399,106537,0.49699675529325515
2021,lib: price 30 bp+ above 60-min VWAP,0.45352314870199784,0.44552615093913345,97377,0.49699675529325515
2021,lib: price 30 bp+ below 60-min VWAP,0.5625392447765972,0.550773775554735,89367,0.49699675529325515
2021,lib: price at 4h high (rangepos >= 0.98),0.4390928483215448,0.43322475570032576,7061,0.49699675529325515
2021,lib: price at 4h low (rangepos <= 0.02),0.5986137366099559,0.6043293907609909,4481,0.49699675529325515
2021,lib: sweep: 15-min move < -1.5 sd,0.5765667277050479,0.5590968517013533,28301,0.49699675529325515
2021,lib: sweep: 15-min move < -2 sd,0.589963589170482,0.5600842645173109,10918,0.49699675529325515
2021,lib: sweep: 15-min move < -2.5 sd,0.5873031496062993,0.5707019328585962,3932,0.49699675529325515
2021,lib: sweep: 15-min move < -3 sd,0.5806274078150798,0.6053082191780822,1168,0.49699675529325515
2021,lib: sweep: 15-min move > +1.5 sd,0.4396648574019681,0.44230901939134637,28982,0.49699675529325515
2021,lib: sweep: 15-min move > +2 sd,0.43913578078341825,0.4512287176046297,11923,0.49699675529325515
2021,lib: sweep: 15-min move > +2.5 sd,0.4481114778144481,0.46630565583634176,4986,0.49699675529325515
2021,lib: sweep: 15-min move > +3 sd,0.45851114272166904,0.49383932971907346,2029,0.49699675529325515
2021,lib: sweep: 5-min move < -1.5 sd,0.5602831799243102,0.548819255222525,30828,0.49699675529325515
2021,lib: sweep: 5-min move < -2 sd,0.5674831081081081,0.5543561476037361,13062,0.49699675529325515
2021,lib: sweep: 5-min move < -2.5 sd,0.569641628619676,0.5646428571428571,5600,0.49699675529325515
2021,lib: sweep: 5-min move < -3 sd,0.5721683707342983,0.5773411371237458,2392,0.49699675529325515
2021,lib: sweep: 5-min move > +1.5 sd,0.452198887093879,0.4520188274470878,31231,0.49699675529325515
2021,lib: sweep: 5-min move > +2 sd,0.44595024128066574,0.448708432304038,13472,0.49699675529325515
2021,lib: sweep: 5-min move > +2.5 sd,0.44924491135915956,0.46641669383762635,6134,0.49699675529325515
2021,lib: sweep: 5-min move > +3 sd,0.44868035190615835,0.4704633887513265,2827,0.49699675529325515
2021,lib: sweep: EMA9 < EMA21 - 10 bp,0.5560473417245914,0.5515569564787199,70747,0.49699675529325515
2021,lib: sweep: EMA9 > EMA21 + 10 bp,0.45304269116054074,0.4433147555457455,72488,0.49699675529325515
2021,lib: sweep: OBV falling,0.545712031113491,0.5377857593554337,20603,0.49699675529325515
2021,lib: sweep: OBV rising,0.46717870339917583,0.4602587800369686,17312,0.49699675529325515
2021,lib: sweep: RSI14 < 20,0.5998640149583546,0.5808580858085809,1515,0.49699675529325515
2021,lib: sweep: RSI14 < 25,0.6111143237147979,0.5813710099424385,5733,0.49699675529325515
2021,lib: sweep: RSI14 < 30,0.6042091541744633,0.5823922426535801,16913,0.49699675529325515
2021,lib: sweep: RSI14 < 35,0.5874753197699374,0.5714184195565662,42216,0.49699675529325515
2021,lib: sweep: RSI14 > 65,0.4324804604569973,0.4283388369106586,43608,0.49699675529325515
2021,lib: sweep: RSI14 > 70,0.41722171183585977,0.4340214962221986,18794,0.49699675529325515
2021,lib: sweep: RSI14 > 75,0.41422180607573866,0.44797447280799113,7208,0.49699675529325515
2021,lib: sweep: RSI14 > 80,0.42045274655690995,0.47573221757322176,2390,0.49699675529325515
2021,lib: sweep: RSI60 < 35,0.5846883468834688,0.610110400929692,1721,0.49699675529325515
2021,lib: sweep: RSI60 < 40,0.5807987989542619,0.5623367198838897,13780,0.49699675529325515
2021,lib: sweep: RSI60 < 45,0.5560057327336114,0.5467524581056113,77397,0.49699675529325515
2021,lib: sweep: RSI60 > 55,0.45469305191435,0.44836111896015823,84936,0.49699675529325515
2021,lib: sweep: RSI60 > 60,0.4437846304911977,0.45745498462889767,18216,0.49699675529325515
2021,lib: sweep: RSI60 > 65,0.45305192469121,0.48423488573908013,3457,0.49699675529325515
2021,lib: sweep: price < VWAP60 - 15 bp,0.551908162481763,0.5355552463122739,158092,0.49699675529325515
2021,lib: sweep: price < VWAP60 - 30 bp,0.5625392447765972,0.550773775554735,89367,0.49699675529325515
2021,lib: sweep: price < VWAP60 - 50 bp,0.5601567670685337,0.5624619705125204,42730,0.49699675529325515
2021,lib: sweep: price > VWAP60 + 15 bp,0.46287873171868216,0.45785793154214205,168454,0.49699675529325515
2021,lib: sweep: price > VWAP60 + 30 bp,0.45352314870199784,0.44552615093913345,97377,0.49699675529325515
2021,lib: sweep: price > VWAP60 + 50 bp,0.4523697573819823,0.4397734607616549,48027,0.49699675529325515
2021,lib: sweep: range position < 0.05,0.5933065942122742,0.5798069784706755,12123,0.49699675529325515
2021,lib: sweep: range position < 0.1,0.5772908296636783,0.55871547149272,29396,0.49699675529325515
2021,lib: sweep: range position < 0.15,0.5638380620786725,0.5477866235914003,52002,0.49699675529325515
2021,lib: sweep: range position > 0.85,0.45333029846075057,0.45283907427341225,74320,0.49699675529325515
2021,lib: sweep: range position > 0.90,0.44478886891900077,0.44880098428395665,43077,0.49699675529325515
2021,lib: sweep: range position > 0.95,0.43789587699262994,0.4386844424856765,18152,0.49699675529325515
2021,lib: sweep: two windows down,0.5391558223943926,0.5390706073655225,122381,0.49699675529325515
2021,lib: sweep: two windows up,0.4721925349629171,0.45255888985826925,121498,0.49699675529325515
2021,lib: three windows down in a row,0.5500268805015966,0.5425092641609317,56670,0.49699675529325515
2021,lib: three windows up in a row,0.4613716438217802,0.45523512321101905,55758,0.49699675529325515
2021,lib: two windows down in a row,0.5391558223943926,0.5390706073655225,122381,0.49699675529325515
2021,lib: two windows up in a row,0.4721925349629171,0.45255888985826925,121498,0.49699675529325515
2021,lib: upper quarter of 4h range,0.4711798370453237,0.4673518436988012,138553,0.49699675529325515
2021,pa: 10 minutes before funding settlement (16:00 UTC),0.5360747663551402,0.5286908077994429,3590,0.49699675529325515
2021,pa: acceptance above the 4h high (last 5 closes all above it),0.45672526268612124,0.446997228210656,16235,0.49699675529325515
2021,pa: acceptance below the 4h low (last 5 closes all below it),0.5516369443705084,0.5686748809433819,13229,0.49699675529325515
2021,pa: broke above the previous day's high in the last 5 minutes,0.46371158392434986,0.49458674412463693,3787,0.49699675529325515
2021,pa: broke below the previous day's low in the last 5 minutes,0.5419931271477664,0.51221928665786,3028,0.49699675529325515
2021,"pa: crossed a $1,000 level downward in the last 3 minutes",0.5369867149758454,0.5173029308458571,17367,0.49699675529325515
2021,pa: crossed a $100 level downward in the last 3 minutes,0.5404620781420104,0.5178085523615524,131566,0.49699675529325515
2021,pa: crossed above the daily open in the last 5 minutes,0.4728623408126137,0.4732204961743566,8626,0.49699675529325515
2021,pa: delta divergence: new 4h high with net taker selling over the hour,0.44110892388451445,0.43140442132639795,3076,0.49699675529325515
2021,pa: delta divergence: new 4h low with net taker buying over the hour,0.5759255592951891,0.5588673621460507,1342,0.49699675529325515
2021,pa: doji at a new 1h high,0.45123568414707654,0.4254170755642787,2038,0.49699675529325515
2021,pa: doji at a new 1h low,0.5596910112359551,0.5836557059961315,2068,0.49699675529325515
2021,"pa: liquidity sweep of the 1h high (took it out, closed back below)",0.44922465680315476,0.4219972779857094,11756,0.49699675529325515
2021,"pa: liquidity sweep of the 1h low (took it out, closed back above)",0.5680285600952003,0.5654433257551152,12316,0.49699675529325515
2021,pa: lost the session VWAP in the last 5 minutes after 30+ minutes above,0.5490897775011669,0.5410786290322581,3968,0.49699675529325515
2021,pa: pin bar at a new 1h high (long upper wick),0.4481155163974547,0.3954827280779451,2258,0.49699675529325515
2021,pa: pin bar at a new 1h low (long lower wick),0.5815344908493665,0.5710192386410151,2443,0.49699675529325515
2021,pa: reclaimed the session VWAP in the last 5 minutes after 30+ minutes below,0.4356637096117848,0.43525356967011325,4062,0.49699675529325515
2021,pa: volume climax at a new 1h high (hour's largest volume),0.45766932270916333,0.4645899893503727,3756,0.49699675529325515
2021,pa: volume climax at a new 1h low (hour's largest volume),0.5686803308162531,0.5551217271474507,4354,0.49699675529325515
2021,pa: wick rejection at the 1h high,0.4533426183844011,0.4205679201841903,13030,0.49699675529325515
2021,pa: wick rejection at the 1h low,0.5631407454502106,0.5660363255848718,13379,0.49699675529325515
2021,pa: wick rejection at the 4h high,0.43654348637551327,0.43420150788211104,5836,0.49699675529325515
2021,pa: wick rejection at the 4h low,0.5837506956037841,0.5766031195840554,5770,0.49699675529325515
2021,pa: wick rejection at the daily high,0.44745466462748523,0.4421104054714216,2047,0.49699675529325515
2021,pa: wick rejection at the daily low,0.5778288340034463,0.597303634232122,1706,0.49699675529325515
2022,lib: EMA9 above EMA21 by 10 bp,0.4496405654460366,0.45259222333001,40120,0.5000608832639518
2022,lib: EMA9 below EMA21 by 10 bp,0.5544887205502841,0.5283550626675526,43643,0.5000608832639518
2022,lib: OBV falling over 60 min,0.5439286221319443,0.5353093839639393,21963,0.5000608832639518
2022,lib: OBV rising over 60 min,0.46544252981840845,0.4560750687591005,18543,0.5000608832639518
2022,lib: RSI14 above 70,0.4216660566988542,0.41671375296643687,17698,0.5000608832639518
2022,lib: RSI14 below 30,0.5984862584527576,0.5562599049128367,19561,0.5000608832639518
2022,lib: RSI60 above 65,0.46219057307561884,0.4437639198218263,3592,0.5000608832639518
2022,lib: RSI60 below 35,0.5894956598176024,0.505370709981661,3817,0.5000608832639518
2022,lib: above upper Bollinger band,0.4522804468615632,0.44205397301349325,26680,0.5000608832639518
2022,lib: below lower Bollinger band,0.5597479537726875,0.5448404713998275,27832,0.5000608832639518
2022,lib: last 15 min down more than 2 sd,0.581524691517707,0.5457577483120475,12293,0.5000608832639518
2022,lib: last 15 min up more than 2 sd,0.4427057541844112,0.42138250522299936,11009,0.5000608832639518
2022,lib: last 5 min down more than 2 sd,0.5639537277180849,0.5451413303332865,14222,0.5000608832639518
2022,lib: last 5 min up more than 2 sd,0.4467231015620125,0.4320497452801918,13348,0.5000608832639518
2022,lib: lower quarter of 4h range,0.5405364483151172,0.5395750234362076,108806,0.5000608832639518
2022,lib: price 30 bp+ above 60-min VWAP,0.45075459959114744,0.45141751645331596,55308,0.5000608832639518
2022,lib: price 30 bp+ below 60-min VWAP,0.5583636804085637,0.5360322641283729,58517,0.5000608832639518
2022,lib: price at 4h high (rangepos >= 0.98),0.437427135678392,0.41519717858287913,3119,0.5000608832639518
2022,lib: price at 4h low (rangepos <= 0.02),0.6004427622652289,0.581273014203051,3802,0.5000608832639518
2022,lib: sweep: 15-min move < -1.5 sd,0.5716946363286985,0.5482966067324591,29588,0.5000608832639518
2022,lib: sweep: 15-min move < -2 sd,0.581524691517707,0.5457577483120475,12293,0.5000608832639518
2022,lib: sweep: 15-min move < -2.5 sd,0.5826710190178825,0.5376150460184074,4998,0.5000608832639518
2022,lib: sweep: 15-min move < -3 sd,0.5866305705955852,0.540053050397878,1885,0.5000608832639518
2022,lib: sweep: 15-min move > +1.5 sd,0.4404098735186319,0.43303781436584043,27635,0.5000608832639518
2022,lib: sweep: 15-min move > +2 sd,0.4427057541844112,0.42138250522299936,11009,0.5000608832639518
2022,lib: sweep: 15-min move > +2.5 sd,0.4538190512142947,0.40345889599620943,4221,0.5000608832639518
2022,lib: sweep: 15-min move > +3 sd,0.46998559308468063,0.3831715210355987,1545,0.5000608832639518
2022,lib: sweep: 5-min move < -1.5 sd,0.5571990819523348,0.5389643355755807,31516,0.5000608832639518
2022,lib: sweep: 5-min move < -2 sd,0.5639537277180849,0.5451413303332865,14222,0.5000608832639518
2022,lib: sweep: 5-min move < -2.5 sd,0.5683449905044236,0.5402639774581047,6743,0.5000608832639518
2022,lib: sweep: 5-min move < -3 sd,0.5734152977930062,0.5445121951219513,3280,0.5000608832639518
2022,lib: sweep: 5-min move > +1.5 sd,0.45214990069340394,0.4461310990635781,30435,0.5000608832639518
2022,lib: sweep: 5-min move > +2 sd,0.4467231015620125,0.4320497452801918,13348,0.5000608832639518
2022,lib: sweep: 5-min move > +2.5 sd,0.4541752480808837,0.4176888315041963,6196,0.5000608832639518
2022,lib: sweep: 5-min move > +3 sd,0.45484581497797355,0.4175824175824176,3003,0.5000608832639518
2022,lib: sweep: EMA9 < EMA21 - 10 bp,0.5544887205502841,0.5283550626675526,43643,0.5000608832639518
2022,lib: sweep: EMA9 > EMA21 + 10 bp,0.4496405654460366,0.45259222333001,40120,0.5000608832639518
2022,lib: sweep: OBV falling,0.5439286221319443,0.5353093839639393,21963,0.5000608832639518
2022,lib: sweep: OBV rising,0.46544252981840845,0.4560750687591005,18543,0.5000608832639518
2022,lib: sweep: RSI14 < 20,0.5959718842930521,0.54733492442323,2514,0.5000608832639518
2022,lib: sweep: RSI14 < 25,0.6037088508642404,0.5522151898734177,7584,0.5000608832639518
2022,lib: sweep: RSI14 < 30,0.5984862584527576,0.5562599049128367,19561,0.5000608832639518
2022,lib: sweep: RSI14 < 35,0.5832041636737111,0.555308043416541,45789,0.5000608832639518
2022,lib: sweep: RSI14 > 65,0.4314229503589287,0.42660539919586443,43525,0.5000608832639518
2022,lib: sweep: RSI14 > 70,0.4216660566988542,0.41671375296643687,17698,0.5000608832639518
2022,lib: sweep: RSI14 > 75,0.4234261501210654,0.4189681335356601,6590,0.5000608832639518
2022,lib: sweep: RSI14 > 80,0.43562650740783276,0.4026643747314138,2327,0.5000608832639518
2022,lib: sweep: RSI60 < 35,0.5894956598176024,0.505370709981661,3817,0.5000608832639518
2022,lib: sweep: RSI60 < 40,0.5759448991662374,0.5309124463985235,18423,0.5000608832639518
2022,lib: sweep: RSI60 < 45,0.553439217906725,0.5464672724622187,82316,0.5000608832639518
2022,lib: sweep: RSI60 > 55,0.45296022425209026,0.44845633859657974,79292,0.5000608832639518
2022,lib: sweep: RSI60 > 60,0.44786764826444114,0.4515634218289086,16950,0.5000608832639518
2022,lib: sweep: RSI60 > 65,0.46219057307561884,0.4437639198218263,3592,0.5000608832639518
2022,lib: sweep: price < VWAP60 - 15 bp,0.5467031750186233,0.5324959349593495,123000,0.5000608832639518
2022,lib: sweep: price < VWAP60 - 30 bp,0.5583636804085637,0.5360322641283729,58517,0.5000608832639518
2022,lib: sweep: price < VWAP60 - 50 bp,0.5609790711846862,0.5280468039688501,25297,0.5000608832639518
2022,lib: sweep: price > VWAP60 + 15 bp,0.46133015478923833,0.46236806250923357,121838,0.5000608832639518
2022,lib: sweep: price > VWAP60 + 30 bp,0.45075459959114744,0.45141751645331596,55308,0.5000608832639518
2022,lib: sweep: price > VWAP60 + 50 bp,0.44782455164952406,0.4471885336273429,22675,0.5000608832639518
2022,lib: sweep: range position < 0.05,0.588671764372699,0.5609035621198958,11510,0.5000608832639518
2022,lib: sweep: range position < 0.1,0.5709705422767521,0.5527232531654049,29854,0.5000608832639518
2022,lib: sweep: range position < 0.15,0.5586209482855607,0.5467258227563743,53418,0.5000608832639518
2022,lib: sweep: range position > 0.85,0.4531842994541201,0.4481849295853672,53469,0.5000608832639518
2022,lib: sweep: range position > 0.90,0.4460049959539809,0.4392623603086185,28903,0.5000608832639518
2022,lib: sweep: range position > 0.95,0.43813200046188616,0.42573311682109083,10469,0.5000608832639518
2022,lib: sweep: two windows down,0.5391338434983466,0.5279392221848632,124914,0.5000608832639518
2022,lib: sweep: two windows up,0.46735353363234156,0.4703333705695546,125326,0.5000608832639518
2022,lib: three windows down in a row,0.5480083579317435,0.5364965998017975,58526,0.5000608832639518
2022,lib: three windows up in a row,0.4598446000526628,0.45946596930699884,58124,0.5000608832639518
2022,lib: two windows down in a row,0.5391338434983466,0.5279392221848632,124914,0.5000608832639518
2022,lib: two windows up in a row,0.46735353363234156,0.4703333705695546,125326,0.5000608832639518
2022,lib: upper quarter of 4h range,0.47012219926776155,0.4603562696472232,111657,0.5000608832639518
2022,pa: 10 minutes before funding settlement (16:00 UTC),0.5342197340797761,0.5098630136986302,3650,0.5000608832639518
2022,pa: acceptance above the 4h high (last 5 closes all above it),0.45392485415890915,0.45129687625471776,12453,0.5000608832639518
2022,pa: acceptance below the 4h low (last 5 closes all below it),0.5568441723460783,0.5202638329058263,13645,0.5000608832639518
2022,pa: broke below the previous day's low in the last 5 minutes,0.5332427448316025,0.5225303292894281,3462,0.5000608832639518
2022,pa: delta divergence: new 4h high with net taker selling over the hour,0.437854339293502,0.38871951219512196,1312,0.5000608832639518
2022,pa: delta divergence: new 4h low with net taker buying over the hour,0.5723447520725794,0.5683709869203329,841,0.5000608832639518
2022,pa: doji at a new 1h high,0.44614342398141876,0.435589519650655,1832,0.5000608832639518
2022,pa: doji at a new 1h low,0.565084893339138,0.556550424128181,2122,0.5000608832639518
2022,"pa: liquidity sweep of the 1h high (took it out, closed back below)",0.44218719081854757,0.43781725888324874,11820,0.5000608832639518
2022,"pa: liquidity sweep of the 1h low (took it out, closed back above)",0.5672805863559481,0.553637875069274,12631,0.5000608832639518
2022,pa: lost the session VWAP in the last 5 minutes after 30+ minutes above,0.5472000951135418,0.5298408488063661,4524,0.5000608832639518
2022,pa: lower highs (three successive 10-minute highs declining),0.5348755114505822,0.5236964245702762,156205,0.5000608832639518
2022,pa: pin bar at a new 1h high (long upper wick),0.4367209971236817,0.4215726636475916,2429,0.5000608832639518
2022,pa: pin bar at a new 1h low (long lower wick),0.5791921218200055,0.5510894064613073,2662,0.5000608832639518
2022,pa: reclaimed the session VWAP in the last 5 minutes after 30+ minutes below,0.4355618080616551,0.4570375489518544,4341,0.5000608832639518
2022,pa: volume climax at a new 1h high (hour's largest volume),0.45955349376630905,0.42567927543953116,3754,0.5000608832639518
2022,pa: volume climax at a new 1h low (hour's largest volume),0.564866261790929,0.5506531920138032,4057,0.5000608832639518
2022,pa: wick rejection at the 1h high,0.44573159864551776,0.44021739130434784,12512,0.5000608832639518
2022,pa: wick rejection at the 1h low,0.5638984509466437,0.5506774265195824,13507,0.5000608832639518
2022,pa: wick rejection at the 4h high,0.4359196713829302,0.4307658547289884,4557,0.5000608832639518
2022,pa: wick rejection at the 4h low,0.5815030791868767,0.5495756172839507,5184,0.5000608832639518
2022,pa: wick rejection at the daily high,0.44580314009661837,0.413527397260274,1168,0.5000608832639518
2022,pa: wick rejection at the daily low,0.5842328450269854,0.5716026812918952,1641,0.5000608832639518
2023,lib: EMA9 above EMA21 by 10 bp,0.4501192449169328,0.46294577030200423,18311,0.5043653163924071
2023,lib: EMA9 below EMA21 by 10 bp,0.5498797809791284,0.5792151162790697,16512,0.5043653163924071
2023,lib: OBV falling over 60 min,0.5422612126977416,0.548451289150372,23116,0.5043653163924071
2023,lib: OBV rising over 60 min,0.4634583752170337,0.46616346775932715,23185,0.5043653163924071
2023,lib: RSI14 above 70,0.42067838629704757,0.4566201641697648,27167,0.5043653163924071
2023,lib: RSI14 below 30,0.5886573771077026,0.5718772245718353,23881,0.5043653163924071
2023,lib: RSI60 above 65,0.4578892643618404,0.45256038647342994,5175,0.5043653163924071
2023,lib: RSI60 below 35,0.564638488930175,0.5898977751052316,3326,0.5043653163924071
2023,lib: above upper Bollinger band,0.4501579201219797,0.4559958826556871,27202,0.5043653163924071
2023,lib: below lower Bollinger band,0.55665171675261,0.5536927621861152,27080,0.5043653163924071
2023,lib: last 15 min down more than 2 sd,0.5728949950932286,0.574610632558949,11493,0.5043653163924071
2023,lib: last 15 min up more than 2 sd,0.4381384127478257,0.4558049937023042,13497,0.5043653163924071
2023,lib: last 5 min down more than 2 sd,0.5596936500859818,0.5725958516656191,14319,0.5043653163924071
2023,lib: last 5 min up more than 2 sd,0.44353460204795936,0.45489631713220385,15287,0.5043653163924071
2023,lib: lower quarter of 4h range,0.540311699695777,0.5426063470627954,96265,0.5043653163924071
2023,lib: price 30 bp+ above 60-min VWAP,0.45086353143206875,0.4504832831563936,25244,0.5043653163924071
2023,lib: price 30 bp+ below 60-min VWAP,0.5541527297100468,0.5846560846560847,21168,0.5043653163924071
2023,lib: price at 4h high (rangepos >= 0.98),0.43495034650282205,0.4518386184308471,6717,0.5043653163924071
2023,lib: price at 4h low (rangepos <= 0.02),0.5963493400730132,0.5850746268656717,4355,0.5043653163924071
2023,lib: sweep: 15-min move < -1.5 sd,0.5664125981368308,0.5634096332896373,29751,0.5043653163924071
2023,lib: sweep: 15-min move < -2 sd,0.5728949950932286,0.574610632558949,11493,0.5043653163924071
2023,lib: sweep: 15-min move < -2.5 sd,0.5708748035620744,0.5857779863881718,4261,0.5043653163924071
2023,lib: sweep: 15-min move < -3 sd,0.5735008224914012,0.5773535220539829,1519,0.5043653163924071
2023,lib: sweep: 15-min move > +1.5 sd,0.43884870034330553,0.46270317038501946,32362,0.5043653163924071
2023,lib: sweep: 15-min move > +2 sd,0.4381384127478257,0.4558049937023042,13497,0.5043653163924071
2023,lib: sweep: 15-min move > +2.5 sd,0.44325130499627147,0.4405594405594406,5291,0.5043653163924071
2023,lib: sweep: 15-min move > +3 sd,0.4527720739219713,0.43319630010277493,1946,0.5043653163924071
2023,lib: sweep: 5-min move < -1.5 sd,0.5532657572874674,0.5531373570793612,32623,0.5043653163924071
2023,lib: sweep: 5-min move < -2 sd,0.5596936500859818,0.5725958516656191,14319,0.5043653163924071
2023,lib: sweep: 5-min move < -2.5 sd,0.5616617252576592,0.5916077466953581,6506,0.5043653163924071
2023,lib: sweep: 5-min move < -3 sd,0.5662349466030447,0.6082611592271818,3002,0.5043653163924071
2023,lib: sweep: 5-min move > +1.5 sd,0.4508885843931392,0.4626812561160039,33723,0.5043653163924071
2023,lib: sweep: 5-min move > +2 sd,0.44353460204795936,0.45489631713220385,15287,0.5043653163924071
2023,lib: sweep: 5-min move > +2.5 sd,0.4459724238026125,0.4454798331015299,7190,0.5043653163924071
2023,lib: sweep: 5-min move > +3 sd,0.4462320067739204,0.43539165237278443,3498,0.5043653163924071
2023,lib: sweep: EMA9 < EMA21 - 10 bp,0.5498797809791284,0.5792151162790697,16512,0.5043653163924071
2023,lib: sweep: EMA9 > EMA21 + 10 bp,0.4501192449169328,0.46294577030200423,18311,0.5043653163924071
2023,lib: sweep: OBV falling,0.5422612126977416,0.548451289150372,23116,0.5043653163924071
2023,lib: sweep: OBV rising,0.4634583752170337,0.46616346775932715,23185,0.5043653163924071
2023,lib: sweep: RSI14 < 20,0.58363599677159,0.5558504221954161,4145,0.5043653163924071
2023,lib: sweep: RSI14 < 25,0.5909506697157791,0.5681079483896385,10153,0.5043653163924071
2023,lib: sweep: RSI14 < 30,0.5886573771077026,0.5718772245718353,23881,0.5043653163924071
2023,lib: sweep: RSI14 < 35,0.5769578718306071,0.5581762824218599,51894,0.5043653163924071
2023,lib: sweep: RSI14 > 65,0.4304445408775098,0.46152353397784207,56684,0.5043653163924071
2023,lib: sweep: RSI14 > 70,0.42067838629704757,0.4566201641697648,27167,0.5043653163924071
2023,lib: sweep: RSI14 > 75,0.42253649082429895,0.44646201449393375,12281,0.5043653163924071
2023,lib: sweep: RSI14 > 80,0.42867500453144824,0.4458933437135072,5138,0.5043653163924071
2023,lib: sweep: RSI60 < 35,0.564638488930175,0.5898977751052316,3326,0.5043653163924071
2023,lib: sweep: RSI60 < 40,0.5642328759387882,0.5830991079066357,16366,0.5043653163924071
2023,lib: sweep: RSI60 < 45,0.5518510524072814,0.5531067023604337,81807,0.5043653163924071
2023,lib: sweep: RSI60 > 55,0.4520437205029038,0.4641654429219711,90569,0.5043653163924071
2023,lib: sweep: RSI60 > 60,0.4486713968616482,0.4575864566358863,22092,0.5043653163924071
2023,lib: sweep: RSI60 > 65,0.4578892643618404,0.45256038647342994,5175,0.5043653163924071
2023,lib: sweep: price < VWAP60 - 15 bp,0.5438832319385499,0.5566200199707674,69101,0.5043653163924071
2023,lib: sweep: price < VWAP60 - 30 bp,0.5541527297100468,0.5846560846560847,21168,0.5043653163924071
2023,lib: sweep: price < VWAP60 - 50 bp,0.5552369661713215,0.5925925925925926,6615,0.5043653163924071
2023,lib: sweep: price > VWAP60 + 15 bp,0.4615194610778443,0.4599584821486133,77557,0.5043653163924071
2023,lib: sweep: price > VWAP60 + 30 bp,0.45086353143206875,0.4504832831563936,25244,0.5043653163924071
2023,lib: sweep: price > VWAP60 + 50 bp,0.4477319706754657,0.4504537650233014,8154,0.5043653163924071
2023,lib: sweep: range position < 0.05,0.5818453652285348,0.58142456750749,10347,0.5043653163924071
2023,lib: sweep: range position < 0.1,0.566284441156483,0.5658781008707081,24348,0.5043653163924071
2023,lib: sweep: range position < 0.15,0.555643543943171,0.5590780076908991,43688,0.5043653163924071
2023,lib: sweep: range position > 0.85,0.452303606963535,0.4621528590047789,59846,0.5043653163924071
2023,lib: sweep: range position > 0.90,0.4448654527593587,0.45547700145977044,34937,0.5043653163924071
2023,lib: sweep: range position > 0.95,0.43630609087072725,0.4510237244068898,15385,0.5043653163924071
2023,lib: sweep: two windows down,0.536800906238061,0.5337987399965946,123333,0.5043653163924071
2023,lib: sweep: two windows up,0.467957540891072,0.477374562611821,126318,0.5043653163924071
2023,lib: three windows down in a row,0.5455091752818242,0.5457030552081472,55970,0.5043653163924071
2023,lib: three windows up in a row,0.45976661197557683,0.4656633145061303,58072,0.5043653163924071
2023,lib: two windows down in a row,0.536800906238061,0.5337987399965946,123333,0.5043653163924071
2023,lib: two windows up in a row,0.467957540891072,0.477374562611821,126318,0.5043653163924071
2023,lib: upper quarter of 4h range,0.46834373618774394,0.47267322397008793,118748,0.5043653163924071
2023,pa: acceptance above the 4h high (last 5 closes all above it),0.45344952795933186,0.4713313896987366,15435,0.5043653163924071
2023,pa: acceptance below the 4h low (last 5 closes all below it),0.5480765852801687,0.5679779770890685,11261,0.5043653163924071
2023,pa: broke above the previous day's high in the last 5 minutes,0.46972573149178504,0.44518272425249167,2709,0.5043653163924071
2023,pa: delta divergence: new 4h high with net taker selling over the hour,0.43170545593285004,0.44583533943187287,2077,0.5043653163924071
2023,pa: doji at a new 1h high,0.4445540484997945,0.4597137014314928,2445,0.5043653163924071
2023,pa: doji at a new 1h low,0.5634836427939877,0.5508068033144352,2293,0.5043653163924071
2023,"pa: liquidity sweep of the 1h high (took it out, closed back below)",0.44128579655515415,0.4525580347081361,8874,0.5043653163924071
2023,"pa: liquidity sweep of the 1h low (took it out, closed back above)",0.5641587709922281,0.5593090630807915,9147,0.5043653163924071
2023,pa: lost the session VWAP in the last 5 minutes after 30+ minutes above,0.5435210343858334,0.5271715875053488,4674,0.5043653163924071
2023,pa: lower highs (three successive 10-minute highs declining),0.532593625409503,0.5295960299835234,153551,0.5043653163924071
2023,pa: pin bar at a new 1h high (long upper wick),0.43385955362003265,0.4407470288624788,2945,0.5043653163924071
2023,pa: pin bar at a new 1h low (long lower wick),0.573703133025167,0.5661989017693716,3278,0.5043653163924071
2023,pa: reclaimed the session VWAP in the last 5 minutes after 30+ minutes below,0.4400676655389077,0.4633326329060727,4759,0.5043653163924071
2023,pa: volume climax at a new 1h high (hour's largest volume),0.4523076923076923,0.43929712460063897,3756,0.5043653163924071
2023,pa: volume climax at a new 1h low (hour's largest volume),0.5619145124136166,0.5998459958932238,3896,0.5043653163924071
2023,pa: wick rejection at the 1h high,0.4447261811080994,0.4544275056762893,12332,0.5043653163924071
2023,pa: wick rejection at the 1h low,0.5611356076429179,0.5523284515385881,12154,0.5043653163924071
2023,pa: wick rejection at the 4h high,0.43503230437903806,0.4394263698630137,4672,0.5043653163924071
2023,pa: wick rejection at the 4h low,0.5744698933412654,0.5780847576679935,4271,0.5043653163924071
2023,pa: wick rejection at the daily high,0.44096509240246407,0.4491279069767442,1376,0.5043653163924071
2023,pa: wick rejection at the daily low,0.5811978327720018,0.6193853427895981,846,0.5043653163924071
2024,lib: EMA9 above EMA21 by 10 bp,0.45100319532105637,0.47940252504297315,33742,0.5037986019930327
2024,lib: EMA9 below EMA21 by 10 bp,0.5517147327229266,0.5426450490744191,32196,0.5037986019930327
2024,lib: OBV falling over 60 min,0.5433083543118085,0.5343113442792836,30879,0.5037986019930327
2024,lib: OBV rising over 60 min,0.4640247812226246,0.4810354605197318,29977,0.5037986019930327
2024,lib: RSI14 above 70,0.42910264263590636,0.4599159773052103,23089,0.5037986019930327
2024,lib: RSI14 below 30,0.5849441242424804,0.5673549163075072,19954,0.5037986019930327
2024,lib: RSI60 above 65,0.45654816904148227,0.4820775420629115,4101,0.5037986019930327
2024,lib: RSI60 below 35,0.56981039152918,0.5720430107526882,2325,0.5037986019930327
2024,lib: above upper Bollinger band,0.45117754321082776,0.476350218047635,26829,0.5037986019930327
2024,lib: below lower Bollinger band,0.5561542807124278,0.5361521418020679,27080,0.5037986019930327
2024,lib: last 15 min down more than 2 sd,0.5732107682206172,0.5714665014603062,11299,0.5037986019930327
2024,lib: last 15 min up more than 2 sd,0.44181280241624804,0.4666043904717422,12846,0.5037986019930327
2024,lib: last 5 min down more than 2 sd,0.5620891303502198,0.5508759385055416,13985,0.5037986019930327
2024,lib: last 5 min up more than 2 sd,0.4457986808144537,0.4703688354745131,14478,0.5037986019930327
2024,lib: lower quarter of 4h range,0.5407049507488699,0.5289353583719886,106928,0.5037986019930327
2024,lib: price 30 bp+ above 60-min VWAP,0.45083700221376516,0.4779727721778242,49802,0.5037986019930327
2024,lib: price 30 bp+ below 60-min VWAP,0.556100562906116,0.5413943867237083,42542,0.5037986019930327
2024,lib: price at 4h high (rangepos >= 0.98),0.4382184321972862,0.4741818181818182,11000,0.5037986019930327
2024,lib: price at 4h low (rangepos <= 0.02),0.5941335740072202,0.5657588613658135,7307,0.5037986019930327
2024,lib: sweep: 15-min move < -1.5 sd,0.5658570558022112,0.5550790142192603,30311,0.5037986019930327
2024,lib: sweep: 15-min move < -2 sd,0.5732107682206172,0.5714665014603062,11299,0.5037986019930327
2024,lib: sweep: 15-min move < -2.5 sd,0.5735942786176181,0.5731051344743276,4090,0.5037986019930327
2024,lib: sweep: 15-min move < -3 sd,0.5742139897635876,0.5895258315640481,1413,0.5037986019930327
2024,lib: sweep: 15-min move > +1.5 sd,0.44358889339178914,0.47203387230386895,32593,0.5037986019930327
2024,lib: sweep: 15-min move > +2 sd,0.44181280241624804,0.4666043904717422,12846,0.5037986019930327
2024,lib: sweep: 15-min move > +2.5 sd,0.4426907029835472,0.4613186364564197,4899,0.5037986019930327
2024,lib: sweep: 15-min move > +3 sd,0.44886013555144794,0.4714439655172414,1856,0.5037986019930327
2024,lib: sweep: 5-min move < -1.5 sd,0.5532423208191126,0.5328405744847065,33282,0.5037986019930327
2024,lib: sweep: 5-min move < -2 sd,0.5620891303502198,0.5508759385055416,13985,0.5037986019930327
2024,lib: sweep: 5-min move < -2.5 sd,0.5672541477696768,0.5632825719120136,5910,0.5037986019930327
2024,lib: sweep: 5-min move < -3 sd,0.5740203640851589,0.5767090620031796,2516,0.5037986019930327
2024,lib: sweep: 5-min move > +1.5 sd,0.45311085530359757,0.48374996336781645,34123,0.5037986019930327
2024,lib: sweep: 5-min move > +2 sd,0.4457986808144537,0.4703688354745131,14478,0.5037986019930327
2024,lib: sweep: 5-min move > +2.5 sd,0.4458705035971223,0.4611407335595411,6189,0.5037986019930327
2024,lib: sweep: 5-min move > +3 sd,0.4439323185153739,0.4570356472795497,2665,0.5037986019930327
2024,lib: sweep: EMA9 < EMA21 - 10 bp,0.5517147327229266,0.5426450490744191,32196,0.5037986019930327
2024,lib: sweep: EMA9 > EMA21 + 10 bp,0.45100319532105637,0.47940252504297315,33742,0.5037986019930327
2024,lib: sweep: OBV falling,0.5433083543118085,0.5343113442792836,30879,0.5037986019930327
2024,lib: sweep: OBV rising,0.4640247812226246,0.4810354605197318,29977,0.5037986019930327
2024,lib: sweep: RSI14 < 20,0.5754428398662588,0.5867589787970575,2311,0.5037986019930327
2024,lib: sweep: RSI14 < 25,0.5852611436842234,0.5847953216374269,7353,0.5037986019930327
2024,lib: sweep: RSI14 < 30,0.5849441242424804,0.5673549163075072,19954,0.5037986019930327
2024,lib: sweep: RSI14 < 35,0.5731564146667759,0.5519037656903766,47800,0.5037986019930327
2024,lib: sweep: RSI14 > 65,0.43694533109466965,0.46670063598105266,52989,0.5037986019930327
2024,lib: sweep: RSI14 > 70,0.42910264263590636,0.4599159773052103,23089,0.5037986019930327
2024,lib: sweep: RSI14 > 75,0.4290223605500739,0.4521187854521188,8991,0.5037986019930327
2024,lib: sweep: RSI14 > 80,0.4341454365570121,0.4612839179351423,3022,0.5037986019930327
2024,lib: sweep: RSI60 < 35,0.56981039152918,0.5720430107526882,2325,0.5037986019930327
2024,lib: sweep: RSI60 < 40,0.567773674915713,0.5579676053498219,14879,0.5037986019930327
2024,lib: sweep: RSI60 < 45,0.5520828397293132,0.5402752213165045,79863,0.5037986019930327
2024,lib: sweep: RSI60 > 55,0.4543298363687097,0.4733725234051818,91860,0.5037986019930327
2024,lib: sweep: RSI60 > 60,0.45064030150653295,0.4748895138609883,19912,0.5037986019930327
2024,lib: sweep: RSI60 > 65,0.45654816904148227,0.4820775420629115,4101,0.5037986019930327
2024,lib: sweep: price < VWAP60 - 15 bp,0.5451610140086035,0.5320267376208709,107863,0.5037986019930327
2024,lib: sweep: price < VWAP60 - 30 bp,0.556100562906116,0.5413943867237083,42542,0.5037986019930327
2024,lib: sweep: price < VWAP60 - 50 bp,0.5568658989182526,0.5402063219150905,15122,0.5037986019930327
2024,lib: sweep: price > VWAP60 + 15 bp,0.4613570793379983,0.48296440616916075,122156,0.5037986019930327
2024,lib: sweep: price > VWAP60 + 30 bp,0.45083700221376516,0.4779727721778242,49802,0.5037986019930327
2024,lib: sweep: price > VWAP60 + 50 bp,0.4478673564003709,0.4827682200322922,17961,0.5037986019930327
2024,lib: sweep: range position < 0.05,0.5817692025119388,0.5565093873517787,16192,0.5037986019930327
2024,lib: sweep: range position < 0.1,0.5662140728465046,0.5465809468147282,34220,0.5037986019930327
2024,lib: sweep: range position < 0.15,0.5562271489692726,0.538391502276176,56015,0.5037986019930327
2024,lib: sweep: range position > 0.85,0.45392575061232354,0.47707364689563053,77858,0.5037986019930327
2024,lib: sweep: range position > 0.90,0.44666553373309703,0.4746317845227439,49156,0.5037986019930327
2024,lib: sweep: range position > 0.95,0.4389245446660885,0.46889732571237847,23969,0.5037986019930327
2024,lib: sweep: two windows down,0.5362885930369956,0.5212926656810439,124456,0.5037986019930327
2024,lib: sweep: two windows up,0.46955508073386365,0.48676470588235293,129200,0.5037986019930327
2024,lib: three windows down in a row,0.5455425076715619,0.5290155173302631,58193,0.5037986019930327
2024,lib: three windows up in a row,0.46077299030455854,0.47842178096739935,62146,0.5037986019930327
2024,lib: two windows down in a row,0.5362885930369956,0.5212926656810439,124456,0.5037986019930327
2024,lib: two windows up in a row,0.46955508073386365,0.48676470588235293,129200,0.5037986019930327
2024,lib: upper quarter of 4h range,0.4690461974009436,0.4810144792018817,139027,0.5037986019930327
2024,pa: acceptance above the 4h high (last 5 closes all above it),0.4567242095271994,0.4741558649383901,18747,0.5037986019930327
2024,pa: acceptance below the 4h low (last 5 closes all below it),0.5513630831048085,0.545380156836004,14665,0.5037986019930327
2024,pa: broke above the previous day's high in the last 5 minutes,0.46602913377071054,0.5070876288659794,3104,0.5037986019930327
2024,pa: delta divergence: new 4h high with net taker selling over the hour,0.4340418756468434,0.47067822539520654,1961,0.5037986019930327
2024,pa: delta divergence: new 4h low with net taker buying over the hour,0.5725942235461727,0.5789473684210527,931,0.5037986019930327
2024,pa: doji at a new 1h high,0.44709103353867213,0.46228597871355853,2161,0.5037986019930327
2024,pa: doji at a new 1h low,0.561346761743733,0.564748201438849,1946,0.5037986019930327
2024,"pa: liquidity sweep of the 1h high (took it out, closed back below)",0.4427973465101168,0.46807684843780323,10306,0.5037986019930327
2024,"pa: liquidity sweep of the 1h low (took it out, closed back above)",0.5634693687253287,0.5414987912973409,9928,0.5037986019930327
2024,pa: lost the session VWAP in the last 5 minutes after 30+ minutes above,0.5405841660261338,0.5203904555314534,4610,0.5037986019930327
2024,pa: pin bar at a new 1h high (long upper wick),0.43514300177170334,0.43447792571829014,2854,0.5037986019930327
2024,pa: pin bar at a new 1h low (long lower wick),0.5722481812267108,0.5620665742024965,2884,0.5037986019930327
2024,pa: reclaimed the session VWAP in the last 5 minutes after 30+ minutes below,0.44441824826122833,0.49006010171058717,4326,0.5037986019930327
2024,pa: volume climax at a new 1h high (hour's largest volume),0.45001408054069275,0.46535500427716,3507,0.5037986019930327
2024,pa: volume climax at a new 1h low (hour's largest volume),0.5682215867867355,0.5596761556542178,3829,0.5037986019930327
2024,pa: wick rejection at the 1h high,0.44620401709612867,0.46737122163919886,13531,0.5037986019930327
2024,pa: wick rejection at the 1h low,0.5597416296604982,0.538031766302179,12529,0.5037986019930327
2024,pa: wick rejection at the 4h high,0.43569157647965573,0.4676758682101514,5615,0.5037986019930327
2024,pa: wick rejection at the 4h low,0.5750251762336355,0.5551492992078001,4923,0.5037986019930327
2024,pa: wick rejection at the daily high,0.4421902268760908,0.47199170124481327,1928,0.5037986019930327
2024,pa: wick rejection at the daily low,0.5854071661237785,0.56758669497523,1413,0.5037986019930327
2025,lib: EMA9 above EMA21 by 10 bp,0.45420330413467674,0.45879692446856624,22110,0.49979261638216427
2025,lib: EMA9 below EMA21 by 10 bp,0.5507287970206602,0.5301599455504509,23508,0.49979261638216427
2025,lib: OBV falling over 60 min,0.5416500026861342,0.5181215414527145,40118,0.49979261638216427
2025,lib: OBV rising over 60 min,0.4676488564808892,0.47643250438676105,33054,0.49979261638216427
2025,lib: RSI14 above 70,0.4342211286655731,0.45917967218257394,25502,0.49979261638216427
2025,lib: RSI14 below 30,0.5821993868868869,0.5460215848003611,24369,0.49979261638216427
2025,lib: RSI60 above 65,0.46079305870904963,0.48481414324569355,4412,0.49979261638216427
2025,lib: RSI60 below 35,0.5700899348376326,0.5334699453551912,2928,0.49979261638216427
2025,lib: above upper Bollinger band,0.4548765726241531,0.4774727341105679,26590,0.49979261638216427
2025,lib: below lower Bollinger band,0.5532756174168142,0.5296208530805687,27008,0.49979261638216427
2025,lib: last 15 min down more than 2 sd,0.5729435057362154,0.5447964571623233,11742,0.49979261638216427
2025,lib: last 15 min up more than 2 sd,0.44590944172883973,0.46261460638634205,12652,0.49979261638216427
2025,lib: last 5 min down more than 2 sd,0.5603679150019757,0.5374526581568242,14258,0.49979261638216427
2025,lib: last 5 min up more than 2 sd,0.44969953504693394,0.4674332139906362,14524,0.49979261638216427
2025,lib: lower quarter of 4h range,0.5388227763478458,0.5116222386519665,123083,0.49979261638216427
2025,lib: price 30 bp+ above 60-min VWAP,0.4541200935794125,0.46641388362257546,34285,0.49979261638216427
2025,lib: price 30 bp+ below 60-min VWAP,0.5544279160294731,0.5289307589466157,32163,0.49979261638216427
2025,lib: price at 4h high (rangepos >= 0.98),0.44687274397847343,0.4643985597766184,13609,0.49979261638216427
2025,lib: price at 4h low (rangepos <= 0.02),0.5870974310245359,0.5265608830631252,11596,0.49979261638216427
2025,lib: sweep: 15-min move < -1.5 sd,0.5641477745397088,0.53345713206597,31772,0.49979261638216427
2025,lib: sweep: 15-min move < -2 sd,0.5729435057362154,0.5447964571623233,11742,0.49979261638216427
2025,lib: sweep: 15-min move < -2.5 sd,0.5735213731278015,0.5441860465116279,4300,0.49979261638216427
2025,lib: sweep: 15-min move < -3 sd,0.5764632498180684,0.5352016404647983,1463,0.49979261638216427
2025,lib: sweep: 15-min move > +1.5 sd,0.4483323185862441,0.4679432277009666,32692,0.49979261638216427
2025,lib: sweep: 15-min move > +2 sd,0.44590944172883973,0.46261460638634205,12652,0.49979261638216427
2025,lib: sweep: 15-min move > +2.5 sd,0.44570202936809106,0.4613542347049858,4593,0.49979261638216427
2025,lib: sweep: 15-min move > +3 sd,0.4524754183198206,0.45512082853855007,1738,0.49979261638216427
2025,lib: sweep: 5-min move < -1.5 sd,0.5500396203988454,0.525209220378799,34055,0.49979261638216427
2025,lib: sweep: 5-min move < -2 sd,0.5603679150019757,0.5374526581568242,14258,0.49979261638216427
2025,lib: sweep: 5-min move < -2.5 sd,0.5666781191714931,0.5561989100817438,5872,0.49979261638216427
2025,lib: sweep: 5-min move < -3 sd,0.5743817103787191,0.5654664484451718,2444,0.49979261638216427
2025,lib: sweep: 5-min move > +1.5 sd,0.45801752418139924,0.4747904052165813,34352,0.49979261638216427
2025,lib: sweep: 5-min move > +2 sd,0.44969953504693394,0.4674332139906362,14524,0.49979261638216427
2025,lib: sweep: 5-min move > +2.5 sd,0.44817899802144656,0.456773982676908,6119,0.49979261638216427
2025,lib: sweep: 5-min move > +3 sd,0.4457554557794717,0.4658199477026522,2677,0.49979261638216427
2025,lib: sweep: EMA9 < EMA21 - 10 bp,0.5507287970206602,0.5301599455504509,23508,0.49979261638216427
2025,lib: sweep: EMA9 > EMA21 + 10 bp,0.45420330413467674,0.45879692446856624,22110,0.49979261638216427
2025,lib: sweep: OBV falling,0.5416500026861342,0.5181215414527145,40118,0.49979261638216427
2025,lib: sweep: OBV rising,0.4676488564808892,0.47643250438676105,33054,0.49979261638216427
2025,lib: sweep: RSI14 < 20,0.5770405669599218,0.5600497822028625,3214,0.49979261638216427
2025,lib: sweep: RSI14 < 25,0.5851899576024607,0.5465635551682824,9181,0.49979261638216427
2025,lib: sweep: RSI14 < 30,0.5821993868868869,0.5460215848003611,24369,0.49979261638216427
2025,lib: sweep: RSI14 < 35,0.5698167915342106,0.5310785773967377,55054,0.49979261638216427
2025,lib: sweep: RSI14 > 65,0.44181194133043605,0.46753977322668544,56885,0.49979261638216427
2025,lib: sweep: RSI14 > 70,0.4342211286655731,0.45917967218257394,25502,0.49979261638216427
2025,lib: sweep: RSI14 > 75,0.4328470917596788,0.4601389024748117,10223,0.49979261638216427
2025,lib: sweep: RSI14 > 80,0.4384182557049078,0.48778565799842394,3807,0.49979261638216427
2025,lib: sweep: RSI60 < 35,0.5700899348376326,0.5334699453551912,2928,0.49979261638216427
2025,lib: sweep: RSI60 < 40,0.5663443735856819,0.5281254869371007,19253,0.49979261638216427
2025,lib: sweep: RSI60 < 45,0.5502799063919607,0.5215106449424408,92861,0.49979261638216427
2025,lib: sweep: RSI60 > 55,0.4573875256517377,0.47214157193097245,97816,0.49979261638216427
2025,lib: sweep: RSI60 > 60,0.45466596633400863,0.4658385093167702,20447,0.49979261638216427
2025,lib: sweep: RSI60 > 65,0.46079305870904963,0.48481414324569355,4412,0.49979261638216427
2025,lib: sweep: price < VWAP60 - 15 bp,0.5433826981349494,0.522557699419199,91942,0.49979261638216427
2025,lib: sweep: price < VWAP60 - 30 bp,0.5544279160294731,0.5289307589466157,32163,0.49979261638216427
2025,lib: sweep: price < VWAP60 - 50 bp,0.555355740584219,0.5301182033096927,10575,0.49979261638216427
2025,lib: sweep: price > VWAP60 + 15 bp,0.46439894296847,0.4755371579044438,97597,0.49979261638216427
2025,lib: sweep: price > VWAP60 + 30 bp,0.4541200935794125,0.46641388362257546,34285,0.49979261638216427
2025,lib: sweep: price > VWAP60 + 50 bp,0.45131371330866626,0.46369831894593366,11005,0.49979261638216427
2025,lib: sweep: range position < 0.05,0.5761937867201025,0.5202048947068867,24598,0.49979261638216427
2025,lib: sweep: range position < 0.1,0.5623709364649891,0.5173480850342299,47181,0.49979261638216427
2025,lib: sweep: range position < 0.15,0.5530364243169442,0.5159123642809661,72208,0.49979261638216427
2025,lib: sweep: range position > 0.85,0.4580103710553274,0.47729081772064674,84173,0.49979261638216427
2025,lib: sweep: range position > 0.90,0.4520542038563606,0.4772356840160817,55218,0.49979261638216427
2025,lib: sweep: range position > 0.95,0.4454293578646192,0.47138272736890363,28357,0.49979261638216427
2025,lib: sweep: two windows down,0.5340856242401351,0.5125235448870624,128478,0.49979261638216427
2025,lib: sweep: two windows up,0.47209967418434506,0.48184577161367426,127188,0.49979261638216427
2025,lib: three windows down in a row,0.5430362792055161,0.517349593495935,61500,0.49979261638216427
2025,lib: three windows up in a row,0.46349857980313564,0.47386557545434965,60361,0.49979261638216427
2025,lib: two windows down in a row,0.5340856242401351,0.5125235448870624,128478,0.49979261638216427
2025,lib: two windows up in a row,0.47209967418434506,0.48184577161367426,127188,0.49979261638216427
2025,lib: upper quarter of 4h range,0.47095674858882913,0.4843243092068464,143024,0.49979261638216427
2025,pa: acceptance above the 4h high (last 5 closes all above it),0.4598959546548645,0.45434616365026764,19615,0.49979261638216427
2025,pa: acceptance below the 4h low (last 5 closes all below it),0.5503041421260982,0.5184246647661281,18942,0.49979261638216427
2025,pa: broke above the previous day's high in the last 5 minutes,0.4720720720720721,0.4779139355941864,3509,0.49979261638216427
2025,pa: delta divergence: new 4h high with net taker selling over the hour,0.43898911995592893,0.4729005360333532,3358,0.49979261638216427
2025,pa: delta divergence: new 4h low with net taker buying over the hour,0.5732778548312529,0.5195258019525802,1434,0.49979261638216427
2025,pa: doji at a new 1h high,0.4490489535507722,0.46194120016109547,2483,0.49979261638216427
2025,pa: doji at a new 1h low,0.5617724612515275,0.511522633744856,2430,0.49979261638216427
2025,"pa: liquidity sweep of the 1h high (took it out, closed back below)",0.44620373154818715,0.4644137781158318,9203,0.49979261638216427
2025,"pa: liquidity sweep of the 1h low (took it out, closed back above)",0.5605326224520021,0.5198298882405301,10111,0.49979261638216427
2025,pa: lost the session VWAP in the last 5 minutes after 30+ minutes above,0.5375448906301012,0.5194747384820833,4493,0.49979261638216427
2025,pa: pin bar at a new 1h high (long upper wick),0.43504126916068175,0.43778501628664496,3070,0.49979261638216427
2025,pa: pin bar at a new 1h low (long lower wick),0.5707644889091001,0.5169385194479298,3188,0.49979261638216427
2025,pa: reclaimed the session VWAP in the last 5 minutes after 30+ minutes below,0.4510495382031906,0.4818823529411765,4250,0.49979261638216427
2025,pa: volume climax at a new 1h high (hour's largest volume),0.45218232378188855,0.45964125560538116,3122,0.49979261638216427
2025,pa: volume climax at a new 1h low (hour's largest volume),0.5670212765957446,0.5469208211143695,3410,0.49979261638216427
2025,pa: wick rejection at the 1h high,0.44923532835899876,0.4640600609529473,13453,0.49979261638216427
2025,pa: wick rejection at the 1h low,0.5566962986184196,0.520492101623353,13737,0.49979261638216427
2025,pa: wick rejection at the 4h high,0.4405778962833977,0.45375822653273296,5774,0.49979261638216427
2025,pa: wick rejection at the 4h low,0.5720353225165765,0.5234518444333166,5991,0.49979261638216427
2025,pa: wick rejection at the daily high,0.4473684210526316,0.4342629482071713,1757,0.49979261638216427
2025,pa: wick rejection at the daily low,0.5826364436619719,0.5165226232841891,1967,0.49979261638216427
2026,lib: EMA9 above EMA21 by 10 bp,0.45451916169340667,0.45758178877969896,16078,0.49943700773900024
2026,lib: EMA9 below EMA21 by 10 bp,0.5492162499491681,0.5393979771061717,16511,0.49943700773900024
2026,lib: OBV falling over 60 min,0.537104192251198,0.5342916196918451,31932,0.49943700773900024
2026,lib: OBV rising over 60 min,0.46931975138121546,0.469976862903522,27229,0.49943700773900024
2026,lib: RSI14 above 70,0.4380904327104281,0.4452262604092699,15491,0.49943700773900024
2026,lib: RSI14 below 30,0.5764084576428163,0.5471350451735616,16824,0.49943700773900024
2026,lib: RSI60 above 65,0.4644380244875499,0.4302030456852792,2364,0.49943700773900024
2026,lib: RSI60 below 35,0.5651021072707819,0.5608749484110607,2423,0.49943700773900024
2026,lib: above upper Bollinger band,0.457749071316221,0.4509629794083366,18017,0.49943700773900024
2026,lib: below lower Bollinger band,0.5503065004113008,0.53562421185372,19032,0.49943700773900024
2026,lib: last 15 min down more than 2 sd,0.5690772542230125,0.5595842397872854,8274,0.49943700773900024
2026,lib: last 15 min up more than 2 sd,0.4482476325338526,0.4356285533796589,7915,0.49943700773900024
2026,lib: last 5 min down more than 2 sd,0.55726705009206,0.5517944535073409,9808,0.49943700773900024
2026,lib: last 5 min up more than 2 sd,0.45213591130954633,0.44417978458989227,9656,0.49943700773900024
2026,lib: lower quarter of 4h range,0.5345941262359105,0.5303843490304709,80864,0.49943700773900024
2026,lib: price 30 bp+ above 60-min VWAP,0.4550653264979346,0.4559865962108519,23277,0.49943700773900024
2026,lib: price 30 bp+ below 60-min VWAP,0.5524090408888255,0.5405285562256119,22552,0.49943700773900024
2026,lib: price at 4h high (rangepos >= 0.98),0.45089345920431556,0.43242740134028296,5372,0.49943700773900024
2026,lib: price at 4h low (rangepos <= 0.02),0.5700021917541339,0.5495479524906931,5641,0.49943700773900024
2026,lib: sweep: 15-min move < -1.5 sd,0.5597731728435493,0.5447278264179672,21016,0.49943700773900024
2026,lib: sweep: 15-min move < -2 sd,0.5690772542230125,0.5595842397872854,8274,0.49943700773900024
2026,lib: sweep: 15-min move < -2.5 sd,0.569547273242809,0.5688188976377953,3175,0.49943700773900024
2026,lib: sweep: 15-min move < -3 sd,0.5710160620826565,0.5701275045537341,1098,0.49943700773900024
2026,lib: sweep: 15-min move > +1.5 sd,0.45114248519568867,0.4554642166344294,20680,0.49943700773900024
2026,lib: sweep: 15-min move > +2 sd,0.4482476325338526,0.4356285533796589,7915,0.49943700773900024
2026,lib: sweep: 15-min move > +2.5 sd,0.4477620494011118,0.43674176776429807,2885,0.49943700773900024
2026,lib: sweep: 15-min move > +3 sd,0.45282028202820285,0.4344758064516129,992,0.49943700773900024
2026,lib: sweep: 5-min move < -1.5 sd,0.5466031609277148,0.5415731366530762,21829,0.49943700773900024
2026,lib: sweep: 5-min move < -2 sd,0.55726705009206,0.5517944535073409,9808,0.49943700773900024
2026,lib: sweep: 5-min move < -2.5 sd,0.5653582153582154,0.5524507558405863,4366,0.49943700773900024
2026,lib: sweep: 5-min move < -3 sd,0.5733522324592487,0.5607665153807363,1983,0.49943700773900024
2026,lib: sweep: 5-min move > +1.5 sd,0.46034620032413337,0.4509405185561769,21637,0.49943700773900024
2026,lib: sweep: 5-min move > +2 sd,0.45213591130954633,0.44417978458989227,9656,0.49943700773900024
2026,lib: sweep: 5-min move > +2.5 sd,0.4492966126907221,0.432463634264604,4331,0.49943700773900024
2026,lib: sweep: 5-min move > +3 sd,0.4482158398607485,0.423038728897716,2014,0.49943700773900024
2026,lib: sweep: EMA9 < EMA21 - 10 bp,0.5492162499491681,0.5393979771061717,16511,0.49943700773900024
2026,lib: sweep: EMA9 > EMA21 + 10 bp,0.45451916169340667,0.45758178877969896,16078,0.49943700773900024
2026,lib: sweep: OBV falling,0.537104192251198,0.5342916196918451,31932,0.49943700773900024
2026,lib: sweep: OBV rising,0.46931975138121546,0.469976862903522,27229,0.49943700773900024
2026,lib: sweep: RSI14 < 20,0.5742518639566949,0.5377100429855413,2559,0.49943700773900024
2026,lib: sweep: RSI14 < 25,0.5790006457580676,0.5490196078431373,6936,0.49943700773900024
2026,lib: sweep: RSI14 < 30,0.5764084576428163,0.5471350451735616,16824,0.49943700773900024
2026,lib: sweep: RSI14 < 35,0.5638801591123557,0.5423696579454995,36807,0.49943700773900024
2026,lib: sweep: RSI14 > 65,0.4456545426380199,0.45372273609683683,35028,0.49943700773900024
2026,lib: sweep: RSI14 > 70,0.4380904327104281,0.4452262604092699,15491,0.49943700773900024
2026,lib: sweep: RSI14 > 75,0.43717159818342455,0.4401668270773179,6234,0.49943700773900024
2026,lib: sweep: RSI14 > 80,0.4465892787270119,0.45268862025844103,2399,0.49943700773900024
2026,lib: sweep: RSI60 < 35,0.5651021072707819,0.5608749484110607,2423,0.49943700773900024
2026,lib: sweep: RSI60 < 40,0.5602798885720408,0.5573188241517418,13233,0.49943700773900024
2026,lib: sweep: RSI60 < 45,0.5459422334723726,0.5348219712722736,62518,0.49943700773900024
2026,lib: sweep: RSI60 > 55,0.4595418434338157,0.4581622631180666,62109,0.49943700773900024
2026,lib: sweep: RSI60 > 60,0.45629318327516205,0.4450893539025508,13094,0.49943700773900024
2026,lib: sweep: RSI60 > 65,0.4644380244875499,0.4302030456852792,2364,0.49943700773900024
2026,lib: sweep: price < VWAP60 - 15 bp,0.5412279596126924,0.5351663837555648,62446,0.49943700773900024
2026,lib: sweep: price < VWAP60 - 30 bp,0.5524090408888255,0.5405285562256119,22552,0.49943700773900024
2026,lib: sweep: price < VWAP60 - 50 bp,0.5538512706036213,0.5521861777150917,7090,0.49943700773900024
2026,lib: sweep: price > VWAP60 + 15 bp,0.465525064487056,0.46662584200857316,63687,0.49943700773900024
2026,lib: sweep: price > VWAP60 + 30 bp,0.4550653264979346,0.4559865962108519,23277,0.49943700773900024
2026,lib: sweep: price > VWAP60 + 50 bp,0.45202028056860244,0.44575440455689497,7549,0.49943700773900024
2026,lib: sweep: range position < 0.05,0.5621344059127985,0.5401134521880064,12340,0.49943700773900024
2026,lib: sweep: range position < 0.1,0.5528022774979955,0.539149115740208,26067,0.49943700773900024
2026,lib: sweep: range position < 0.15,0.54607952289378,0.5357308908313185,43016,0.49943700773900024
2026,lib: sweep: range position > 0.85,0.4610992365831051,0.45652698287393373,45603,0.49943700773900024
2026,lib: sweep: range position > 0.90,0.45653483883233603,0.4508107322038828,27506,0.49943700773900024
2026,lib: sweep: range position > 0.95,0.45073162297101604,0.4337110706078136,12619,0.49943700773900024
2026,lib: three windows down in a row,0.5394882828818226,0.5314819906516359,40007,0.49943700773900024
2026,lib: three windows up in a row,0.4648507898091925,0.46745163130867784,38558,0.49943700773900024
2026,pa: acceptance above the 4h high (last 5 closes all above it),0.45900837362511926,0.4551667577911427,10974,0.49943700773900024
2026,pa: acceptance below the 4h low (last 5 closes all below it),0.5443721880587045,0.5412812310884413,11567,0.49943700773900024
2026,pa: delta divergence: new 4h high with net taker selling over the hour,0.4453579418344519,0.4494909945184025,1277,0.49943700773900024
2026,pa: delta divergence: new 4h low with net taker buying over the hour,0.5656355344041245,0.5429553264604811,1164,0.49943700773900024
2026,pa: doji at a new 1h high,0.45071154045912537,0.43612334801762115,1362,0.49943700773900024
2026,pa: doji at a new 1h low,0.5549808109461037,0.5252525252525253,1485,0.49943700773900024
2026,"pa: liquidity sweep of the 1h high (took it out, closed back below)",0.4481595593212427,0.447233691164327,6055,0.49943700773900024
2026,"pa: liquidity sweep of the 1h low (took it out, closed back above)",0.5556556259998815,0.538916704597178,6591,0.49943700773900024
2026,pa: lost the session VWAP in the last 5 minutes after 30+ minutes above,0.5352333228938303,0.5144163150492265,2844,0.49943700773900024
2026,pa: pin bar at a new 1h high (long upper wick),0.43542893961708395,0.4292853573213393,2001,0.49943700773900024
2026,pa: pin bar at a new 1h low (long lower wick),0.5632969232777754,0.5364583333333334,2112,0.49943700773900024
2026,pa: reclaimed the session VWAP in the last 5 minutes after 30+ minutes below,0.4549008082292432,0.4755341144038594,2902,0.49943700773900024
2026,pa: volume climax at a new 1h high (hour's largest volume),0.4530159298371219,0.4338909875876956,1853,0.49943700773900024
2026,pa: volume climax at a new 1h low (hour's largest volume),0.5647864362569286,0.5407407407407407,2025,0.49943700773900024
2026,pa: wick rejection at the 1h high,0.4510830291463618,0.45139486297161113,8137,0.49943700773900024
2026,pa: wick rejection at the 1h low,0.5518703604871186,0.5378285714285714,8750,0.49943700773900024
2026,pa: wick rejection at the 4h high,0.442367381489842,0.440261356565028,3214,0.49943700773900024
2026,pa: wick rejection at the 4h low,0.5645177953406684,0.5474956822107081,3474,0.49943700773900024
2026,pa: wick rejection at the daily high,0.445576908114837,0.44593301435406696,1045,0.49943700773900024
2026,pa: wick rejection at the daily low,0.5708729081863411,0.5570583262890956,1183,0.49943700773900024
