event,horizon,dev_e0,se_e0,held_e0,years_e0,dev_e1,se_e1,held_e1,years_e1,dev_e2,se_e2,held_e2,years_e2,month_lo,month_hi
lib: sweep: RSI14 < 25,5,0.07490218859872706,0.00326292909152649,9,9,0.05957841558716529,0.003118842062781732,9,9,0.048041644201794964,0.002979420090852699,9,9,0.06481395508133783,0.08516276217872963
lib: RSI14 below 30,5,0.07432706092728109,0.001979064914912458,9,9,0.061582231080438726,0.001889854875425193,9,9,0.051745164950427414,0.0018470160955749515,9,9,0.0670197147769108,0.08136053657265624
lib: sweep: 5-min move < -3 sd,5,0.07060522202000181,0.004366282793828384,9,9,0.0459451819531681,0.004356379862657404,8,9,0.032264073271646466,0.004439343653904169,8,9,0.05906334378499603,0.08132860710914842
lib: sweep: 15-min move < -3 sd,5,0.0692732775109699,0.00744294713785837,9,9,0.05149440371995597,0.0072580464219404945,9,9,0.03404114457020867,0.007035259358907094,8,9,0.05174206544387634,0.08726422564456308
lib: sweep: RSI14 < 20,5,0.06835282901964336,0.005793652214583159,9,9,0.053795868029705575,0.005494271119323245,9,9,0.0439556926184854,0.005332114897563961,9,9,0.054467764066755076,0.08248782239526996
pa: wick rejection at the daily low,5,0.06831093004275103,0.005066976349747737,9,9,0.058724077158959664,0.005366148894182885,9,9,0.058235738133948896,0.005103701542481055,9,9,0.05627224762575407,0.08099879920472601
pa: pin bar at a new 1h high (long upper wick),5,-0.06758726403033254,0.0034269211778607056,9,9,-0.049878189028362406,0.003379354516691844,9,9,-0.042506525932709885,0.0033699561872473065,9,9,-0.07559668303654198,-0.059427955029198065
lib: price at 4h low (rangepos <= 0.02),5,0.06680597577938664,0.0030282928613694637,9,9,0.06270080928294258,0.0029735227965114745,9,9,0.05557380249635733,0.002992588360931771,9,9,0.05780267980505792,0.07742922204886248
lib: RSI14 above 70,5,-0.06595733097449966,0.0019961444458294385,9,9,-0.05842013594823041,0.0019200625348087968,9,9,-0.050734238037311995,0.0018775635733237173,9,9,-0.0730704574359984,-0.05814736438649717
lib: sweep: RSI14 > 75,5,-0.06569636768772047,0.003194544055623872,9,9,-0.05626764040830108,0.0030536666653287947,9,9,-0.0462726040341588,0.0029532010479417165,9,9,-0.07487489429744233,-0.05578268458388329
lib: RSI60 below 35,5,0.06303318148043091,0.005671311514064227,9,9,0.04899940063205157,0.005365630359911304,8,9,0.03941676749077864,0.005182925966560045,8,9,0.05014022047609178,0.07732580183177887
pa: wick rejection at the 4h low,5,0.0619857679090676,0.002778243707570013,9,9,0.05379873751123054,0.002830474940376138,9,9,0.052777950064053135,0.0027851677496294274,9,9,0.054386690291974696,0.06974506714817667
lib: sweep: range position > 0.95,30,-0.09007573249069849,0.003382273158595923,9,9,-0.08809856165781715,0.0033439254081056454,9,9,-0.08340258084570376,0.003315074724481605,9,9,-0.10010692139511945,-0.08108490478239189
pa: wick rejection at the daily low,30,0.09003318266302594,0.006993692852194604,9,9,0.0833928374600767,0.006880755205346792,9,9,0.07987029716609957,0.006693557158586107,9,9,0.0746685229610892,0.10804782126175133
pa: wick rejection at the 4h high,30,-0.08708849251530155,0.0035159086383746902,9,9,-0.0809931232214227,0.0034743855649657113,9,9,-0.07644460091885372,0.003458933055445687,9,9,-0.09684453673247155,-0.07759122561511936
lib: sweep: range position < 0.05,30,0.08557266633087358,0.0037684048188685363,9,9,0.0808248212282472,0.003674679896860414,9,9,0.07551260743446404,0.0036222483943097084,9,9,0.07569138532364732,0.09635456298599507
lib: sweep: range position > 0.90,30,-0.0829431950204128,0.0027850542908108293,9,9,-0.08044470148016646,0.002741718553083339,9,9,-0.07744212438907297,0.0027119285028796214,9,9,-0.09122982933516044,-0.07527820360438789
lib: sweep: range position < 0.1,30,0.08213057238041399,0.003167186881137014,9,9,0.07837236979309918,0.0031031507024796064,9,9,0.07420081311837942,0.0030473083987400357,9,9,0.07366187584126849,0.09109291370828657
pa: wick rejection at the 4h low,30,0.08180496056213629,0.003593725423730679,9,9,0.07617792126185904,0.003575689295438498,9,9,0.0719686323841722,0.0035488462997626314,9,9,0.07276444848817273,0.09185236509736096
lib: sweep: RSI60 < 40,30,0.07286208013671475,0.004398550527404469,9,9,0.06677641726739156,0.004345396819280009,9,9,0.06254761514034986,0.004316805189702252,9,9,0.06265051839984029,0.08315443536745953
pa: acceptance above the 4h high (last 5 closes all above it),30,-0.07020051559305275,0.003991888318826191,9,9,-0.06748155222892868,0.00397717002291447,9,9,-0.06499969606047962,0.003979053764218826,9,9,-0.07939135785794095,-0.06088607450229898
lib: RSI14 below 30,30,0.07019011735869621,0.0026650828100018577,9,9,0.06171616047379061,0.0026566593325347662,9,9,0.05446718258393023,0.0026523368944998274,9,9,0.06347970457078414,0.07781405958265464
lib: sweep: RSI14 < 25,30,0.0694803839812476,0.0040609454310659154,9,9,0.059311451918008545,0.004050536981335543,9,9,0.04983751302968595,0.004052658924600761,9,9,0.059688157418903716,0.08002651861607961
pa: pin bar at a new 1h high (long upper wick),30,-0.06941095622179486,0.003549093734533146,9,9,-0.05793021153062831,0.0035583979302396835,9,9,-0.05289180460598745,0.0035376509547416775,9,9,-0.07721076578699293,-0.06154267543429463
