test year,model,minutes,accuracy [95% CI],log loss,vs compact
2020,compact,"513,782","53.95% [53.61, 54.27]",0.6882,reference
2020,cells,"513,782","54.16% [53.84, 54.48]",0.6873,"+0.21 [-0.02, +0.43], days better 56%"
2020,compact + cells,"513,782","54.32% [54.01, 54.63]",0.6870,"+0.37 [+0.18, +0.55], days better 59%"
2020,strongest cell,"513,782","54.19% [53.83, 54.54]",,"+0.24 [+0.01, +0.47], days better 54%"
2020,previous-h reversal rule,"513,782","53.19% [52.92, 53.49]",,"-0.76 [-1.02, -0.49], days better 39%"
2021,compact,"515,599","52.97% [52.65, 53.28]",0.6906,reference
2021,cells,"515,599","53.02% [52.67, 53.33]",0.6909,"+0.05 [-0.19, +0.29], days better 50%"
2021,compact + cells,"515,599","52.97% [52.63, 53.27]",0.6909,"-0.00 [-0.22, +0.22], days better 50%"
2021,strongest cell,"515,599","53.19% [52.85, 53.51]",,"+0.22 [-0.02, +0.45], days better 53%"
2021,previous-h reversal rule,"515,599","52.70% [52.40, 53.00]",,"-0.27 [-0.59, +0.07], days better 47%"
2022,compact,"525,586","53.07% [52.72, 53.45]",0.6904,reference
2022,cells,"525,586","52.59% [52.25, 52.95]",0.6911,"-0.48 [-0.71, -0.27], days better 41%"
2022,compact + cells,"525,586","52.77% [52.43, 53.14]",0.6910,"-0.30 [-0.49, -0.12], days better 45%"
2022,strongest cell,"525,586","53.01% [52.66, 53.39]",,"-0.06 [-0.26, +0.13], days better 48%"
2022,previous-h reversal rule,"525,586","52.38% [52.05, 52.73]",,"-0.69 [-0.95, -0.43], days better 38%"
2023,compact,"524,007","52.96% [52.65, 53.28]",0.6904,reference
2023,cells,"524,007","53.06% [52.75, 53.37]",0.6903,"+0.10 [-0.11, +0.33], days better 53%"
2023,compact + cells,"524,007","53.11% [52.79, 53.42]",0.6903,"+0.15 [-0.02, +0.32], days better 53%"
2023,strongest cell,"524,007","53.01% [52.67, 53.34]",,"+0.05 [-0.16, +0.24], days better 53%"
2023,previous-h reversal rule,"524,007","52.35% [52.03, 52.66]",,"-0.62 [-0.88, -0.35], days better 41%"
2024,compact,"527,026","52.34% [51.98, 52.68]",0.6917,reference
2024,cells,"527,026","52.35% [51.99, 52.67]",0.6922,"+0.00 [-0.21, +0.22], days better 51%"
2024,compact + cells,"527,026","52.26% [51.91, 52.58]",0.6923,"-0.09 [-0.28, +0.09], days better 47%"
2024,strongest cell,"527,026","52.14% [51.76, 52.48]",,"-0.21 [-0.40, -0.01], days better 44%"
2024,previous-h reversal rule,"527,026","51.88% [51.53, 52.21]",,"-0.47 [-0.75, -0.19], days better 42%"
2025,compact,"525,586","51.41% [51.05, 51.78]",0.6935,reference
2025,cells,"525,586","51.65% [51.30, 51.99]",0.6937,"+0.23 [+0.01, +0.45], days better 57%"
2025,compact + cells,"525,586","51.66% [51.33, 52.01]",0.6937,"+0.25 [+0.05, +0.43], days better 57%"
2025,strongest cell,"525,586","51.54% [51.19, 51.92]",,"+0.13 [-0.06, +0.32], days better 53%"
2025,previous-h reversal rule,"525,586","51.36% [51.02, 51.68]",,"-0.05 [-0.36, +0.24], days better 49%"
2026,compact,"349,906","52.50% [52.11, 52.90]",0.6911,reference
2026,cells,"349,906","52.62% [52.22, 53.02]",0.6915,"+0.12 [-0.13, +0.39], days better 52%"
2026,compact + cells,"349,906","52.53% [52.14, 52.94]",0.6915,"+0.03 [-0.18, +0.27], days better 52%"
2026,strongest cell,"349,906","52.68% [52.29, 53.08]",,"+0.18 [-0.04, +0.41], days better 57%"
2026,previous-h reversal rule,"349,906","51.99% [51.60, 52.36]",,"-0.51 [-0.85, -0.17], days better 41%"
