event,horizon,dev_all,se_all,held_all,years_all,fires_all,dev_low,se_low,held_low,years_low,fires_low,dev_mid,se_mid,held_mid,years_mid,fires_mid,dev_high,se_high,held_high,years_high,fires_high
lib: sweep: RSI14 < 25,5,0.07490218859872706,0.00326292909152649,9,9,64233,0.06853409978054834,0.005009953477459348,8,8,30986,0.08285154782397128,0.005910773426597926,9,9,14669,0.08019859620887623,0.005654052816976548,9,9,18578
lib: RSI14 below 30,5,0.07432706092728109,0.001979064914912458,9,9,169065,0.06800265715465988,0.0029842253050095155,9,9,80102,0.0826102794606142,0.0037403562511954228,9,9,40735,0.07810540409352563,0.003536398400690253,9,9,48228
lib: sweep: 5-min move < -3 sd,5,0.07060522202000181,0.004366282793828384,9,9,23148,0.0716142881575801,0.007372789695405276,6,6,8908,0.0753619951565532,0.008284272934127554,8,9,6071,0.07040233468700277,0.007463822903085062,7,8,8169
lib: sweep: 15-min move < -3 sd,5,0.0692732775109699,0.00744294713785837,9,9,12180,0.05879374048530585,0.014602630944364418,4,4,3979,0.030787979109699454,0.022120042101183127,2,2,3152,0.07493721769827982,0.014746805947961749,4,4,5049
pa: wick rejection at the daily low,5,0.06831093004275103,0.005066976349747737,9,9,12238,0.034326572350793505,0.020711296546546708,1,1,1770,0.021391247826864666,0.01775390958570074,1,2,2813,0.06613822886257409,0.006935283071236158,7,7,7655
lib: sweep: RSI14 < 20,5,0.06835282901964336,0.005793652214583159,9,9,22141,0.055789711818251014,0.009215019387305427,7,7,11191,0.05392926854139933,0.012823327218922322,4,5,4583,0.08270630212369603,0.009705831712950473,8,8,6367
pa: pin bar at a new 1h high (long upper wick),5,-0.06758726403033254,0.0034269211778607056,9,9,23729,-0.05626920035108357,0.004919749098854508,7,7,12007,-0.07283489530187987,0.006627626559743128,8,8,6230,-0.08250473745404382,0.007818155926539014,4,4,5492
lib: price at 4h low (rangepos <= 0.02),5,0.06680597577938664,0.0030282928613694637,9,9,46704,0.05095399191817289,0.0050320284935605536,8,8,17981,0.08073177300176661,0.006185817159911707,9,9,11633,0.0742771466055687,0.004705407282511444,8,8,17090
lib: sweep: RSI14 > 75,5,-0.06569636768772047,0.003194544055623872,9,9,70751,-0.06598542431360782,0.004816744949991261,8,8,33410,-0.06607424228899705,0.006008783185443105,9,9,16582,-0.06395129497854508,0.005163523653973817,9,9,20759
lib: RSI14 above 70,5,-0.06595733097449966,0.0019961444458294385,9,9,179989,-0.06470189310850842,0.003000321193171444,9,9,83633,-0.06634124222975059,0.0037613419084368475,9,9,44725,-0.06759027286061989,0.003458546709130893,9,9,51631
lib: sweep: RSI60 < 35,5,0.06303318148043091,0.005671311514064227,9,9,23920,0.06357274157465562,0.01190032870561027,5,5,5318,0.022375130343697147,0.013578501188207599,3,4,4924,0.061236543572116234,0.007361519477439503,8,9,13678
pa: wick rejection at the 4h low,5,0.0619857679090676,0.002778243707570013,9,9,42192,0.062406602315255334,0.004817891039576626,7,7,14640,0.059665928102900785,0.005472164951390661,9,9,11079,0.06471235261252957,0.004434625657412865,9,9,16473
pa: wick rejection at the daily low,30,0.09003318266302594,0.006993692852194604,9,9,12238,0.13293614789206099,0.02733066022238776,1,1,1770,0.01248452903094194,0.02400375523864879,2,2,2813,0.0856186287176073,0.009405263697137888,7,7,7655
lib: sweep: range position > 0.95,30,-0.09007573249069849,0.003382273158595923,9,9,151420,-0.08876956683478313,0.00555104442118871,9,9,59149,-0.09332691374655856,0.005925594179265034,9,9,41048,-0.08962672789858975,0.005582958182339701,9,9,51223
pa: wick rejection at the 4h high,30,-0.08708849251530155,0.0035159086383746902,9,9,45742,-0.09327098947154965,0.005931885143623584,7,7,17841,-0.08821779907668718,0.006261046052390491,9,9,12608,-0.08171498413563034,0.0059496634497802426,9,9,15293
lib: sweep: range position < 0.05,30,0.08557266633087358,0.0037684048188685363,9,9,110296,0.07991085159198641,0.006672929682123553,8,8,40101,0.08305909532342481,0.006714426288701961,9,9,28610,0.09166896877039081,0.005921735695864706,9,9,41585
pa: wick rejection at the 4h low,30,0.08180496056213629,0.003593725423730679,9,9,42191,0.08751924524187407,0.006213670742315488,7,7,14640,0.07145435236800046,0.006619162699838056,9,9,11079,0.0840260605076992,0.005771015378279144,9,9,16472
lib: sweep: range position < 0.1,30,0.08213057238041399,0.003167186881137014,9,9,248062,0.08448104804426172,0.005276422608340037,9,9,88631,0.07945455604263513,0.005732112463818022,9,9,66754,0.08099031957776606,0.005151861654495205,9,9,92677
lib: sweep: range position > 0.90,30,-0.0829431950204128,0.0027850542908108293,9,9,337835,-0.08270564685512223,0.004526251771732427,9,9,129123,-0.08943173714497588,0.004938631086114869,9,9,92763,-0.07908183126869647,0.004666561850833402,9,9,115949
lib: sweep: RSI60 < 40,30,0.07286208013671475,0.004398550527404469,9,9,134567,0.09558458569775535,0.007995805191162261,8,8,36555,0.059726445696747024,0.007862874998786209,9,9,31996,0.06330790692258477,0.0065609257151309115,9,9,66016
pa: pin bar at a new 1h high (long upper wick),30,-0.06941095622179486,0.003549093734533146,9,9,23729,-0.0725277739868897,0.005178580223639562,7,7,12007,-0.059538083302331235,0.0069382223070419986,8,8,6230,-0.06079428229974915,0.008442936931286976,4,4,5492
pa: wick rejection at the daily high,30,-0.0687364723126006,0.0062288892248251095,9,9,13898,-0.06118069156496713,0.017792094865156614,2,2,2810,-0.06515057356802542,0.016016052262440215,3,3,3777,-0.06760506479186919,0.008815637072865333,7,7,7311
lib: sweep: RSI14 < 25,30,0.0694803839812476,0.0040609454310659154,9,9,64233,0.08102822774145269,0.006229214899005254,8,8,30986,0.06049721748751749,0.007483140363214426,8,9,14669,0.057733191617732875,0.007112734681229788,8,9,18578
pa: acceptance above the 4h high (last 5 closes all above it),30,-0.07020051559305275,0.003991888318826191,9,9,133621,-0.08444295876923893,0.007084386792382601,8,8,41533,-0.07631618853315543,0.007186297224888452,9,9,36607,-0.058759280480815385,0.0059878646698836415,9,9,55481
