minute,n_windows,n_called,share,hit,threshold,who
0,23328,314,0.013460219478737998,0.6401273885350318,0.65,xgb-all
1,23328,5376,0.23045267489711935,0.6869419642857143,0.65,xgb-all
2,23328,9306,0.39891975308641975,0.7145927358693316,0.65,xgb-all
3,23328,12174,0.5218621399176955,0.7418268440939707,0.65,xgb-all
4,23328,13699,0.5872342249657064,0.7595444922987079,0.65,xgb-all
5,23328,14531,0.6228995198902606,0.7804005230197508,0.65,xgb-all
6,23328,16324,0.6997599451303155,0.7930654251408968,0.65,xgb-all
7,23328,17491,0.7497856652949245,0.8121319535761249,0.65,xgb-all
8,23328,18170,0.77889231824417,0.8330764997248211,0.65,xgb-all
9,23328,18952,0.8124142661179699,0.8493035035880118,0.65,xgb-all
10,23328,19865,0.8515517832647462,0.8632267807701989,0.65,xgb-all
11,23328,20307,0.8704989711934157,0.8814201999310582,0.65,xgb-all
12,23328,20709,0.8877314814814815,0.8992708484233908,0.65,xgb-all
13,23328,21505,0.9218535665294925,0.9176935596372936,0.65,xgb-all
14,23328,22410,0.9606481481481481,0.9365015618027667,0.65,xgb-all
0,23328,0,0.0,,0.65,rule
1,23328,4140,0.17746913580246915,0.7147342995169083,0.65,rule
2,23328,8041,0.34469307270233196,0.7337395846287775,0.65,rule
3,23328,10579,0.45348936899862824,0.7588618962094716,0.65,rule
4,23328,12347,0.5292781207133059,0.7747631003482628,0.65,rule
5,23328,13383,0.5736882716049383,0.7951879249794516,0.65,rule
6,23328,14990,0.6425754458161865,0.8094062708472315,0.65,rule
7,23328,16213,0.6950017146776406,0.8272990809843952,0.65,rule
8,23328,17433,0.7472993827160493,0.8432857224803534,0.65,rule
9,23328,18249,0.7822788065843621,0.8576908323743767,0.65,rule
10,23328,18998,0.8143861454046639,0.8758290346352248,0.65,rule
11,23328,19635,0.8416923868312757,0.8919786096256684,0.65,rule
12,23328,20280,0.8693415637860082,0.9056213017751479,0.65,rule
13,23328,20804,0.891803840877915,0.9276100749855797,0.65,rule
14,23328,21498,0.9215534979423868,0.9488324495301889,0.65,rule
0,23328,1,4.286694101508916e-05,0.0,0.75,xgb-all
1,23328,709,0.030392661179698216,0.764456981664316,0.75,xgb-all
2,23328,2581,0.11063957475994513,0.7934908950019373,0.75,xgb-all
3,23328,5289,0.22672325102880658,0.7969370391378332,0.75,xgb-all
4,23328,7306,0.3131858710562414,0.8180947166712291,0.75,xgb-all
5,23328,8788,0.37671467764060357,0.8386436049157943,0.75,xgb-all
6,23328,10611,0.4548611111111111,0.8503439826595043,0.75,xgb-all
7,23328,12299,0.5272205075445816,0.8642979103992194,0.75,xgb-all
8,23328,13890,0.5954218106995884,0.8768898488120951,0.75,xgb-all
9,23328,15399,0.660108024691358,0.88473277485551,0.75,xgb-all
10,23328,16732,0.7172496570644719,0.8968443700693283,0.75,xgb-all
11,23328,17651,0.7566443758573388,0.9107132740354654,0.75,xgb-all
12,23328,18817,0.8066272290809328,0.9212414306212467,0.75,xgb-all
13,23328,19742,0.8462791495198903,0.9385573903353257,0.75,xgb-all
14,23328,21285,0.9124228395061729,0.949917782475922,0.75,xgb-all
0,23328,0,0.0,,0.75,rule
1,23328,931,0.03990912208504801,0.7733619763694952,0.75,rule
2,23328,2777,0.1190414951989026,0.7969031328772056,0.75,rule
3,23328,4709,0.20186042524005487,0.8163091951582077,0.75,rule
4,23328,6391,0.2739626200274348,0.8311688311688312,0.75,rule
5,23328,7883,0.3379200960219479,0.8509450716732209,0.75,rule
6,23328,9680,0.4149519890260631,0.8642561983471074,0.75,rule
7,23328,11335,0.4858967764060357,0.8754300838112042,0.75,rule
8,23328,13068,0.5601851851851852,0.8869758187940006,0.75,rule
9,23328,14345,0.6149262688614541,0.8995468804461485,0.75,rule
10,23328,15591,0.6683384773662552,0.9093707908408697,0.75,rule
11,23328,16870,0.7231652949245542,0.9214582098399525,0.75,rule
12,23328,17893,0.7670181755829903,0.9332699938523444,0.75,rule
13,23328,18863,0.8085991083676269,0.9479934262842602,0.75,rule
14,23328,20012,0.8578532235939643,0.9643214071557066,0.75,rule
