predictor,threshold,windows,called,share_called,mean_minute,median_minute,acc_predictor,acc_rule,diff,diff_low,diff_high,p,early_called,early_acc_predictor,early_acc_rule,early_diff,early_low,early_high,p_holm
majority,0.55,23328,0,0.0,,,,,,,,1.0,0,,,,,,1.0
majority,0.6,23328,0,0.0,,,,,,,,1.0,0,,,,,,1.0
majority,0.65,23328,0,0.0,,,,,,,,1.0,0,,,,,,1.0
majority,0.7,23328,0,0.0,,,,,,,,1.0,0,,,,,,1.0
majority,0.75,23328,0,0.0,,,,,,,,1.0,0,,,,,,1.0
majority,0.8,23328,0,0.0,,,,,,,,1.0,0,,,,,,1.0
rule,0.55,23328,23306,0.999056927297668,1.6442976057667553,1.0,0.6344718098343775,0.6344718098343775,0.0,0.0,0.0,1.0,21851,0.6331060363370098,0.6331060363370098,0.0,0.0,0.0,1.0
rule,0.6,23328,23295,0.998585390946502,2.6200472204335696,2.0,0.6754668383773342,0.6754668383773342,0.0,0.0,0.0,1.0,17856,0.6720990143369175,0.6720990143369175,0.0,0.0,0.0,1.0
rule,0.65,23328,23228,0.995713305898491,3.8444980196314793,3.0,0.726063371792664,0.726063371792664,0.0,0.0,0.0,1.0,13017,0.7175232388415149,0.7175232388415149,0.0,0.0,0.0,1.0
rule,0.7,23328,23047,0.9879543895747599,5.134030459495813,4.0,0.7713802230225192,0.7713802230225192,0.0,0.0,0.0,1.0,8703,0.7514650120648052,0.7514650120648052,0.0,0.0,0.0,1.0
rule,0.75,23328,22544,0.96639231824417,6.3410220014194465,6.0,0.8169801277501775,0.8169801277501775,0.0,0.0,0.0,1.0,5565,0.7881401617250674,0.7881401617250674,0.0,0.0,0.0,1.0
rule,0.8,23328,21685,0.9295696159122085,7.4504957343786025,7.0,0.8580124510029975,0.8580124510029975,0.0,0.0,0.0,1.0,3268,0.8240514075887393,0.8240514075887393,0.0,0.0,0.0,1.0
other one-feature,0.55,23328,23245,0.9964420438957476,2.2796300279630026,2.0,0.6613895461389546,0.6613895461389546,0.0,0.0,0.0,1.0,17788,0.6538115583539464,0.6538115583539464,0.0,0.0,0.0,1.0
other one-feature,0.6,23328,23025,0.9870113168724279,3.9950054288816506,3.0,0.7271226927252986,0.7271226927252986,0.0,0.0,0.0,1.0,12804,0.6976726023117775,0.6976726023117775,0.0,0.0,0.0,1.0
other one-feature,0.65,23328,22490,0.9640775034293553,5.433703868385949,5.0,0.7781236104935527,0.7781236104935527,0.0,0.0,0.0,1.0,8385,0.7276088252832439,0.7276088252832439,0.0,0.0,0.0,1.0
other one-feature,0.7,23328,21660,0.9284979423868313,6.60881809787627,6.0,0.8199445983379502,0.8199445983379502,0.0,0.0,0.0,1.0,5458,0.7543056064492488,0.7543056064492488,0.0,0.0,0.0,1.0
other one-feature,0.75,23328,20631,0.8843878600823045,7.580146381658669,8.0,0.8510493916921138,0.8510493916921138,0.0,0.0,0.0,1.0,3532,0.7703850509626274,0.7703850509626274,0.0,0.0,0.0,1.0
other one-feature,0.8,23328,19371,0.8303755144032922,8.417841102679263,9.0,0.8848278354240876,0.8848278354240876,0.0,0.0,0.0,1.0,2239,0.7985707905314873,0.7985707905314873,0.0,0.0,0.0,1.0
logistic-all,0.55,23328,23328,1.0,1.2072187928669411,1.0,0.6087105624142661,0.6069101508916324,0.001800411522633745,-0.0011145404663923182,0.004502100480109733,0.2223888805559722,15619,0.6275689864908125,0.6277610602471348,-0.00019207375632242782,-0.003409363687774991,0.002938053445752917,1.0
logistic-all,0.6,23328,23258,0.9969993141289437,2.9390317310172844,2.0,0.6854845644509416,0.6854415684925617,4.2995958379912286e-05,-0.0010345556187217058,0.0012034276210932929,1.0,16107,0.6759173030359471,0.6747997764946917,0.0011175265412553548,-6.265036240200037e-05,0.002366506578914919,1.0
logistic-all,0.65,23328,22868,0.980281207133059,4.599965016617107,4.0,0.7480321847122616,0.747857267797796,0.00017491691446562882,-0.00030519408978985145,0.0006566886482621399,0.6051197440127993,10802,0.7209775967413442,0.7206998703943714,0.0002777263469727828,-0.000283010235588261,0.0008566433811123622,1.0
logistic-all,0.7,23328,22084,0.946673525377229,6.077839159572541,6.0,0.8010324216627422,0.8011229849664916,-9.056330374932077e-05,-0.00022727453569937542,0.0,0.49637518124093793,6543,0.754852514137246,0.754852514137246,0.0,0.0,0.0,1.0
logistic-all,0.75,23328,21089,0.9040209190672154,7.260941723173218,7.0,0.8422400303475746,0.8422874484328323,-4.7418085257717294e-05,-0.0001919028974032707,9.5084488557976e-05,1.0,3940,0.7812182741116751,0.7814720812182742,-0.0002538071065989848,-0.0007966808072281804,0.0,1.0
logistic-all,0.8,23328,19930,0.854338134430727,8.277922729553437,8.0,0.8783241344706473,0.8783241344706473,0.0,-0.00014924185370135558,0.00014924278342199712,1.0,2336,0.8095034246575342,0.8095034246575342,0.0,0.0,0.0,1.0
forest,0.55,23328,23328,1.0,1.0093878600823045,1.0,0.6000514403292181,0.595164609053498,0.004886831275720165,0.0017564729080932805,0.008016117969821674,0.0017499125043747813,15515,0.620754108926845,0.6183693200128908,0.002384788913954238,0.0004513246969496395,0.004451589905830914,0.08399580020998951
forest,0.6,23328,23327,0.9999571330589849,2.1445963904488363,2.0,0.6565353453080122,0.6558065760706477,0.0007287692373644275,-4.286694101508916e-05,0.001457538474728855,0.07379631018449077,18455,0.6572744513681928,0.657003522080737,0.000270929287455974,-0.00027071732905520357,0.000868733089032405,1.0
forest,0.65,23328,23304,0.9989711934156379,3.35105561277034,3.0,0.7036560247167868,0.7036131136285616,4.2911088225197394e-05,0.0,0.00012883291337961427,1.0,14727,0.6993277653289875,0.6993277653289875,0.0,0.0,0.0,1.0
forest,0.7,23328,23257,0.9969564471879286,4.694113600206389,4.0,0.7521606398073698,0.7521606398073698,0.0,0.0,0.0,1.0,10061,0.7403836596759765,0.7403836596759765,0.0,0.0,0.0,1.0
forest,0.75,23328,23046,0.9879115226337448,6.078408400590124,6.0,0.7992710231710493,0.7992710231710493,0.0,0.0,0.0,1.0,5797,0.7854062446092807,0.7854062446092807,0.0,0.0,0.0,1.0
forest,0.8,23328,22372,0.9590192043895748,7.382442338637583,7.0,0.8439120328982657,0.8439120328982657,0.0,0.0,0.0,1.0,2556,0.8411580594679187,0.8411580594679187,0.0,0.0,0.0,1.0
hgb-all,0.55,23328,23328,1.0,1.2632887517146776,1.0,0.6123113854595336,0.6108967764060357,0.0014146090534979425,-0.0007287379972565158,0.003643689986282579,0.22483875806209688,19172,0.6208533277696641,0.6203838931775506,0.0004694345921134989,-0.0012004238030699267,0.0022137135773219853,1.0
hgb-all,0.6,23328,23318,0.9995713305898491,2.2700917745947335,2.0,0.6615061326014238,0.6615490179260657,-4.288532464190754e-05,-0.0007718042747583207,0.0007717720101113539,1.0,18853,0.6614862356123694,0.6618575293056808,-0.00037129369331140934,-0.0009089974532230816,0.00015714313801840985,1.0
hgb-all,0.65,23328,23286,0.9981995884773662,3.4409945890234477,3.0,0.7061324400927596,0.7062612728678176,-0.00012883277505797475,-0.0005154655783838655,0.0002161219967328523,0.6666666666666666,14413,0.7026295705266079,0.7027683341427877,-0.00013876361617983765,-0.0004176825926051932,0.00013767728293699193,1.0
hgb-all,0.7,23328,23227,0.995670438957476,4.807034916261248,4.0,0.7530460240237654,0.7530890773668575,-4.3053343092091103e-05,-0.000215081978534911,8.620327378873383e-05,1.0,9739,0.747715371188007,0.747715371188007,0.0,0.0,0.0,1.0
hgb-all,0.75,23328,22981,0.985125171467764,6.276141160088769,6.0,0.803141725773465,0.803141725773465,0.0,0.0,0.0,1.0,4980,0.8018072289156627,0.8018072289156627,0.0,0.0,0.0,1.0
hgb-all,0.8,23328,22359,0.9584619341563786,7.695648284807013,7.0,0.8476228811664207,0.8476228811664207,0.0,0.0,0.0,1.0,1700,0.8658823529411764,0.8658823529411764,0.0,0.0,0.0,1.0
xgb-price,0.55,23328,23328,1.0,0.9980281207133059,1.0,0.5952932098765432,0.5911351165980796,0.004158093278463649,0.0008562671467764079,0.007415980795610426,0.01584920753962302,14864,0.6184068891280947,0.6181377825618946,0.00026910656620021526,-0.001427047287758423,0.0020186626978311688,0.729063546822659
xgb-price,0.6,23328,23319,0.9996141975308642,2.134525494232171,2.0,0.6533727861400574,0.652429349457524,0.0009434366825335563,-8.574876898460513e-05,0.001972640336206527,0.07239638018099095,18283,0.6549253404802275,0.6544330799102992,0.0004922605699283488,-0.000162580042436791,0.0011484258376398544,1.0
xgb-price,0.65,23328,23286,0.9981995884773662,3.329124796014773,3.0,0.7044576140170059,0.7044146697586533,4.294425835265825e-05,-0.00021500012962043585,0.00030098756278811744,1.0,14789,0.6975454729866792,0.6974778551626208,6.76178240584218e-05,-0.00020383238864976985,0.0004002755303295161,1.0
xgb-price,0.7,23328,23211,0.9949845679012346,4.615096290551893,4.0,0.7487829046572746,0.7486967386153117,8.616604196286244e-05,0.0,0.00021550795224343778,0.49957502124893755,10392,0.736239414934565,0.736239414934565,0.0,0.0,0.0,1.0
xgb-price,0.75,23328,22991,0.985553840877915,5.990996476882258,6.0,0.7974424774911922,0.7974424774911922,0.0,0.0,0.0,1.0,6184,0.7761966364812419,0.7761966364812419,0.0,0.0,0.0,1.0
xgb-price,0.8,23328,22436,0.9617626886145405,7.384560527723302,7.0,0.8419058655731859,0.8419058655731859,0.0,0.0,0.0,1.0,2689,0.8333953142432131,0.8333953142432131,0.0,0.0,0.0,1.0
xgb-all,0.55,23328,23328,1.0,0.9618912894375857,1.0,0.5961934156378601,0.5911779835390947,0.005015432098765432,0.0015003429355281207,0.008616255144032922,0.00679966001699915,14744,0.6190314704286489,0.6180141074335322,0.0010173629951166576,-0.0012779381008447845,0.0034265880089668537,0.3195840207989601
xgb-all,0.6,23328,23323,0.9997856652949245,2.0577970243965185,2.0,0.651717189040861,0.6510311709471337,0.0006860180937272221,-0.0006002709811928077,0.0019722238010348673,0.31978401079946,18235,0.6533040855497669,0.653962160680011,-0.0006580751302440362,-0.0015328885736732916,0.00021866826082173716,1.0
xgb-all,0.65,23328,23294,0.9985425240054869,3.263243753756332,3.0,0.700051515411694,0.700008585901949,4.292950974499871e-05,-0.00030033927613146345,0.00038661454529833754,1.0,14837,0.6950866078048122,0.694817011525241,0.0002695962795713419,0.0,0.0006117080940004317,1.0
xgb-all,0.7,23328,23226,0.9956275720164609,4.5671661069491085,4.0,0.7448979591836735,0.7448979591836735,0.0,0.0,0.0,1.0,10394,0.7336925149124495,0.7336925149124495,0.0,0.0,0.0,1.0
xgb-all,0.75,23328,23003,0.986068244170096,5.9710037821153765,6.0,0.7947659000999869,0.7947659000999869,0.0,0.0,0.0,1.0,6127,0.7777052391055982,0.7777052391055982,0.0,0.0,0.0,1.0
xgb-all,0.8,23328,22476,0.963477366255144,7.362342053746218,7.0,0.8397401672895533,0.8397401672895533,0.0,0.0,0.0,1.0,2682,0.8366890380313199,0.8366890380313199,0.0,0.0,0.0,1.0
