entry,entry_seconds,n,group,columns,accuracy,ci_low,ci_high,auc,log_loss,rule_diff,rule_diff_low,rule_diff_high,rule_diff_month_low,rule_diff_month_high,rule_days_better,rule_sign_p,all_diff,all_diff_low,all_diff_high,all_diff_month_low,all_diff_month_high,all_days_better,all_sign_p
10 s,10,23328,lead-sign rule,0,0.5414523319615913,0.5351498199588477,0.54809670781893,0.5397559543857394,0.6897541051553863,,,,,,,,,,,,,,
10 s,10,23328,reversal and lag returns,10,0.5442815500685871,0.5377657750342936,0.5505829903978052,0.5594330839374664,0.6883057695965549,0.0028292181069958,-0.0031292866941015,0.0084458590534979,-0.0028647708762002,0.008788055345595,0.5504587155963303,0.1744127936031984,-0.0044581618655692,-0.0099890689300411,0.0008573388203017,-0.0099890689300411,0.0010294443819663,0.4654377880184331,0.9525237381309344
10 s,10,23328,volatility,5,0.533179012345679,0.5263620970507544,0.539909122085048,0.5516871157752429,0.6898005511973135,-0.0082733196159122,-0.0140614283264746,-0.0026566786694101,-0.0133562760403326,-0.0033007544581618,0.4088888888888889,0.9965017491254372,-0.0155606995884773,-0.0222908093278463,-0.0088734567901234,-0.0216154980199724,-0.0099011341317212,0.3822222222222222,1.0
10 s,10,23328,one-minute flow,11,0.5385802469135802,0.5322348679698217,0.5450960219478738,0.5589139335074051,0.6881371923841686,-0.0028720850480109,-0.0087019890260631,0.0030435528120713,-0.0081447187928669,0.002604434585048,0.4977168949771689,0.8270864567716142,-0.0101594650205761,-0.0152617026748971,-0.0051011659807956,-0.0145232714455076,-0.0059585288034705,0.4063926940639269,1.0
10 s,10,23328,position and clock,6,0.5429526748971193,0.5367358967764061,0.549340920781893,0.5621194027612655,0.6875727153984453,0.0015003429355281,-0.0042877657750342,0.0071169838820301,-0.0044715433340582,0.0071138211382113,0.5242290748898678,0.3188405797101449,-0.005787037037037,-0.0116608796296296,8.68055555555497e-05,-0.0134017507997953,0.0025938031462585,0.4619047619047619,0.9770114942528736
10 s,10,23328,all groups,26,0.5487397119341564,0.5424811385459534,0.5551708247599452,0.5696104008558445,0.6853173616290192,0.0072873799725651,0.0018004115226337,0.0129908264746227,0.0020392966070725,0.0122800004148,0.5733333333333334,0.0049975012493753,,,,,,,
10 s,10,23328,indicator bank (extra),12,0.5486111111111112,0.5427383401920439,0.5546564214677641,0.5686081840635879,0.6861194257907082,0.0071587791495198,0.0012002743484224,0.0130754886831275,0.0041405160390516,0.0103330369241192,0.5726872246696035,0.0099950024987506,-0.0001286008230452,-0.0060892489711934,0.0057023748285322,-0.0058018705669309,0.0052942604679664,0.5107296137339056,0.5207396301849075
30 s,30,23328,lead-sign rule,0,0.5611711248285323,0.5548246742112483,0.5673889746227709,0.5581568333110121,0.6857154928864773,,,,,,,,,,,,,,
30 s,30,23328,reversal and lag returns,10,0.5591135116598079,0.5525548696844993,0.5657589591906721,0.5884440423505966,0.6809218090316135,-0.0020576131687242,-0.0071587791495198,0.002914951989026,-0.0081310564467159,0.0035569105691056,0.502283105022831,0.7896051974012993,-0.0084019204389574,-0.0127754200960219,-0.0041141546639231,-0.0120954203878965,-0.0051236276322804,0.4077669902912621,0.9995002498750624
30 s,30,23328,volatility,5,0.5588563100137174,0.5529835390946503,0.5648587534293553,0.5810727854386488,0.6837499045594463,-0.0023148148148148,-0.0071169838820301,0.0026148834019204,-0.0081783746556473,0.0035042059565062,0.4746543778801843,0.8275862068965517,-0.008659122085048,-0.0140614283264746,-0.0030424811385459,-0.0135286998616874,-0.0041239265768035,0.4222222222222222,0.9995002498750624
30 s,30,23328,one-minute flow,11,0.5590277777777778,0.5526834705075446,0.5650720164609053,0.5882541617962853,0.6808835909756122,-0.0021433470507544,-0.0069465877914951,0.0027006172839506,-0.0082821038251366,0.0033436213991769,0.4594594594594595,0.7931034482758621,-0.0084876543209876,-0.0131612225651577,-0.0036436899862825,-0.0119052230913026,-0.0050569901109418,0.4072398190045249,0.999000499750125
30 s,30,23328,position and clock,6,0.5642146776406035,0.558297968106996,0.5700874485596708,0.5890767006592454,0.6807723477831923,0.0030435528120713,-0.0021433470507544,0.0084040637860082,-0.0017505216063437,0.0072708324584977,0.5339366515837104,0.1339330334832583,-0.0033007544581618,-0.0079743227023319,0.0017146776406035,-0.0070145148285306,-0.0002571232309545,0.4759615384615384,0.9070464767616192
30 s,30,23328,all groups,26,0.5675154320987654,0.5612997256515775,0.5734310699588477,0.593361494440525,0.6792118340486151,0.0063443072702331,0.0014146090534979,0.0114465449245541,0.0004430769459034,0.0120403804204124,0.5662100456621004,0.0079960019990005,,,,,,,
30 s,30,23328,indicator bank (extra),12,0.5619427297668038,0.5560260202331961,0.5680727023319616,0.592594963431528,0.6796137182006387,0.0007716049382716,-0.004372427983539,0.0061739111796982,-0.0069896863229755,0.0088110626884998,0.5095238095238095,0.3998000999500249,-0.0055727023319615,-0.0105452674897119,-0.0009377143347051,-0.0084288908768901,-0.002402450478142,0.3981481481481481,0.9890054972513744
