minute,variant,model,n,accuracy,ci_low,ci_high,auc,log_loss,diff,diff_low,diff_high,diff_month_low,diff_month_high,days_better,sign_p,adds,vs_ref,vs_ref_low,vs_ref_high
0,baseline,prev-window,23328,0.522076474622771,0.5163323045267489,0.5282064471879286,0.5190246503653024,0.6922064080019725,,,,,,,,,,,
0,reference,"forest, no HMM columns",23328,0.5347650891632373,0.5287637174211248,0.5410247342249657,0.5468409497497196,0.6899020763485539,0.012688614540466393,0.005787037037037037,0.01946159122085048,0.004766542857480558,0.019441632928475033,0.6211453744493393,0.0004997501249375312,True,,,
0,control,"minute HMM, 3 states, homogeneous (study 30 columns)",23328,0.5340363511659808,0.5278635116598079,0.5410236625514403,0.5463885280155409,0.6899300104966658,0.011959876543209876,0.005528763717421127,0.018905392661179694,0.006153107511078156,0.01659106182795699,0.6017699115044248,0.0004997501249375312,True,-0.0007287379972565158,-0.004843964334705075,0.0036447616598079503
0,a,"window HMM, 5 states: posteriors as features",23328,0.5312928669410151,0.5254190243484225,0.5378086419753086,0.5478334784585686,0.6897253200604884,0.009216392318244171,0.002357681755829904,0.01607617455418381,0.0020570728291316527,0.016237692445399205,0.5688888888888889,0.0024987506246876563,True,-0.003472222222222222,-0.0077589163237311385,0.0007726766117969763
0,a,"window HMM, 5 states: forest per state",23328,0.5308213305898491,0.5249474879972565,0.5372524434156378,0.5425072965675224,0.6913948370099198,0.00874485596707819,0.0018422067901234587,0.015818972908093275,0.00047540039922042,0.016853637796582045,0.5752212389380531,0.005497251374312844,True,-0.003943758573388203,-0.009645061728395061,0.0014146090534979425
0,b,non-homogeneous minute HMM: posteriors as features,23328,0.5345078875171467,0.5282053755144033,0.5412379972565158,0.547764155002866,0.6897158375605277,0.012431412894375857,0.005400162894375859,0.019761659807956106,0.0031946014634667433,0.0203733656362914,0.5947136563876652,0.0004997501249375312,True,-0.000257201646090535,-0.0040723593964334705,0.003472222222222222
0,c,duration-expanded minute HMM: posteriors and duration as features,23328,0.5351508916323731,0.52889231824417,0.5415820044581618,0.5475165355296125,0.6898263360028128,0.013074417009602195,0.006301440329218107,0.020019933127572012,0.006074218750000004,0.0201173133727175,0.6334841628959276,0.0004997501249375312,True,0.00038580246913580245,-0.00334469307270233,0.004158093278463649
0,d,daily regime + minute state as features (study 30 set),23328,0.5335648148148148,0.5271347736625515,0.54072466563786,0.5454311939526366,0.6901325529906848,0.011488340192043896,0.004240612139917701,0.019161522633744855,0.0039051649305555576,0.0183372368062961,0.5622317596566524,0.0009995002498750624,True,-0.0012002743484224967,-0.005186899862825789,0.0030017575445816127
0,d,"daily regime x minute state, joint products added",23328,0.5332218792866941,0.5273051697530864,0.5399123371056241,0.5444456630096479,0.6902789478596031,0.011145404663923183,0.004458161865569273,0.017833719135802464,0.0022846520104770093,0.018920068027210885,0.6043478260869565,0.0009995002498750624,True,-0.0015432098765432098,-0.0059156378600823045,0.002872085048010974
3,baseline,lead-z,23328,0.663451646090535,0.6573216735253772,0.6697970250342935,0.7207987457239755,0.614952351928567,,,,,,,,,,,
3,reference,"forest, no HMM columns",23328,0.6613082990397805,0.6553058556241427,0.6676526063100137,0.7199610830130557,0.6157506392699771,-0.0021433470507544582,-0.005572702331961592,0.000987011316872422,-0.005272108843537415,0.0010295515281541665,0.49029126213592233,0.8780609695152424,False,,,
3,control,"minute HMM, 3 states, homogeneous (study 30 columns)",23328,0.6640089163237312,0.6579218106995884,0.6700970936213991,0.7198157470607547,0.6158455534666463,0.0005572702331961591,-0.002786351165980796,0.0036876286008230394,-0.0019298819823922266,0.003086852796674223,0.5098039215686274,0.3808095952023988,False,0.002700617283950617,0.0009430727023319616,0.004544967421124823
3,a,"window HMM, 5 states: posteriors as features",23328,0.6616941015089163,0.6556916580932785,0.6678669410150891,0.7201638638605232,0.6155114958450074,-0.0017575445816186558,-0.004973636831275718,0.001328875171467764,-0.004746835443037975,0.0014397018970189702,0.4423076923076923,0.8565717141429285,False,0.00038580246913580245,-0.0015003429355281207,0.0023148148148148147
3,a,"window HMM, 5 states: forest per state",23328,0.6603652263374485,0.6544056498628258,0.666667738340192,0.7177268918996598,0.6176831712817826,-0.0030864197530864196,-0.006644375857338821,0.00038580246913580245,-0.007100677161108346,0.000824826024159663,0.46596858638743455,0.9580209895052474,False,-0.0009430727023319616,-0.0038151577503429354,0.0021862139917695473
3,b,non-homogeneous minute HMM: posteriors as features,23328,0.6625943072702332,0.6563786008230452,0.6689386145404664,0.7198591008664733,0.615739636362807,-0.0008573388203017832,-0.004200960219478738,0.002358753429355275,-0.004276818620753635,0.002584500577174012,0.472636815920398,0.6806596701649176,False,0.001286008230452675,-0.0004286694101508916,0.0030864197530864196
3,c,duration-expanded minute HMM: posteriors and duration as features,23328,0.6619513031550068,0.655778463648834,0.6682956104252401,0.719801531011202,0.6157706299628246,-0.0015003429355281207,-0.004802169067215362,0.0016718106995884773,-0.00461017945636369,0.0019410003373819106,0.4925373134328358,0.8045977011494253,False,0.0006430041152263374,-0.001286008230452675,0.002657750342935528
3,d,daily regime + minute state as features (study 30 set),23328,0.6619513031550068,0.6556487911522634,0.6685099451303155,0.7198784623320995,0.6157739310073945,-0.0015003429355281207,-0.004802169067215362,0.0016718106995884773,-0.0047393088895394215,0.0020167462146148747,0.48484848484848486,0.8065967016491754,False,0.0006430041152263374,-0.001286008230452675,0.002614883401920439
3,d,"daily regime x minute state, joint products added",23328,0.6616512345679012,0.6554783950617284,0.6678669410150891,0.720133711722331,0.6155889170088066,-0.001800411522633745,-0.005015432098765432,0.0011584790809327787,-0.004774305555555556,0.001580151192728034,0.4827586206896552,0.8575712143928036,False,0.0003429355281207133,-0.0015860768175582991,0.002273019547325097
