pattern,horizon,years,years_held,fires,share,up_rate,deviation,min_p_adj,all_years_adj_05
sweep: range position > 0.95,30,9,9,151420,0.033649965796148214,0.417910447761194,-0.08698508696492557,0.0022172949002217295,False
price at 4h high (rangepos >= 0.98),30,9,9,64692,0.014369844187838824,0.4183052000247326,-0.08660629330367953,0.0022172949002217295,False
sweep: range position < 0.05,30,9,9,110296,0.02480855553872631,0.5875825052585769,0.08344525518789014,0.0022172949002217295,False
price at 4h low (rangepos <= 0.02),30,9,9,46704,0.010545368640031872,0.5870589242891401,0.08296394174162247,0.0022172949002217295,False
price at 4h low (rangepos <= 0.02),15,9,9,46704,0.010545039874466727,0.5821985268927715,0.08019055419274557,0.0022172949002217295,False
price at 4h low (rangepos <= 0.02),10,9,9,46704,0.010544930290632009,0.5798004453579994,0.07857983494265641,0.0022172949002217295,False
sweep: range position < 0.1,30,9,9,248062,0.05565008086329029,0.5819432238714515,0.07766942664244114,0.0022172949002217295,False
sweep: range position > 0.95,15,9,9,151420,0.03364893927867238,0.42589486197331927,-0.0769709645016392,0.0022172949002217295,True
price at 4h high (rangepos >= 0.98),15,9,9,64692,0.014369406032331503,0.42591046806405736,-0.07695510765626296,0.0022172949002217295,True
sweep: range position > 0.90,30,9,9,337835,0.07504425744330094,0.42822087705536727,-0.07672459477827054,0.0022172949002217295,True
sweep: 15-min move < -3 sd,3,9,9,12180,0.0027176112026756323,0.5779146141215107,0.07522909308890069,0.07538802660753881,False
sweep: 5-min move < -3 sd,3,9,9,23148,0.005156132217408227,0.5776308968377397,0.07487862073699925,0.0022172949002217295,False
sweep: range position < 0.05,15,9,9,110297,0.024808002320631708,0.5767971930333554,0.07472067043854125,0.0022172949002217295,False
sweep: RSI14 < 25,10,9,9,64233,0.014439739825440322,0.5759500568243737,0.0739665606634402,0.0022172949002217295,False
sweep: RSI14 < 25,5,9,9,64233,0.014439590724656552,0.5757632369654228,0.07385396933368438,0.0022172949002217295,False
price at 4h high (rangepos >= 0.98),10,9,9,64692,0.014369259986565932,0.42963581277437707,-0.07228113002112951,0.0022172949002217295,True
sweep: RSI14 < 25,3,9,9,64233,0.014439531085228163,0.5752339140317282,0.0722754059678653,0.0022172949002217295,False
sweep: RSI14 < 30,10,9,9,169065,0.03786649405607637,0.5741282938514772,0.07211654147101032,0.0022172949002217295,True
RSI14 below 30,10,9,9,169065,0.03786649405607637,0.5741282938514772,0.07211654147101032,0.0022172949002217295,True
RSI14 below 30,5,9,9,169065,0.03786610499680683,0.5734954011770621,0.07159240591484295,0.0022172949002217295,True
sweep: RSI14 < 30,5,9,9,169065,0.03786610499680683,0.5734954011770621,0.07159240591484295,0.0022172949002217295,True
sweep: RSI14 < 20,3,9,9,22141,0.004993919099909961,0.5745449618355087,0.07138460821280002,0.0022172949002217295,False
sweep: range position < 0.05,10,9,9,110297,0.024807745836328457,0.5723909081842661,0.07110420138673168,0.0022172949002217295,False
sweep: RSI60 < 40,30,9,9,134567,0.030132596359076263,0.575311926400975,0.07069503974795599,0.0022172949002217295,False
sweep: 5-min move < -3 sd,5,9,9,23148,0.005156153244254849,0.5722740625540004,0.0702458586437783,0.0022172949002217295,False
sweep: range position < 0.1,15,9,9,248064,0.05564878821485838,0.5718483939628483,0.06959978769378783,0.0022172949002217295,False
sweep: range position > 0.95,10,9,9,151420,0.03364859712040861,0.43280280015849953,-0.0691266505793216,0.0022172949002217295,True
sweep: 15-min move < -3 sd,5,9,9,12180,0.0027176223123511604,0.570935960591133,0.06909088202676461,0.16186252771618626,False
sweep: range position < 0.15,30,9,9,428324,0.09593481936754736,0.5730334980061822,0.06860460816361769,0.0022172949002217295,False
sweep: RSI14 < 25,30,9,9,64233,0.014440336260188785,0.5730699173322125,0.06843989898400293,0.0022172949002217295,False
RSI14 below 30,15,9,9,169064,0.03786666686234379,0.5710263568826007,0.06827856050864023,0.0022172949002217295,True
sweep: RSI14 < 30,15,9,9,169064,0.03786666686234379,0.5710263568826007,0.06827856050864023,0.0022172949002217295,True
sweep: RSI14 < 20,5,9,9,22141,0.004993939818180487,0.5700284539993676,0.06801511760527468,0.0022172949002217295,False
sweep: RSI60 < 40,15,9,9,134567,0.030131667997744645,0.5704221688824155,0.06777687551331102,0.0022172949002217295,False
sweep: 15-min move < -2.5 sd,5,9,9,34916,0.00779275976607013,0.5694810402107916,0.06768093290429089,0.0022172949002217295,False
sweep: range position > 0.85,30,9,9,570999,0.12680057874904996,0.4373405207364636,-0.06767304011606817,0.0022172949002217295,True
sweep: RSI14 < 25,15,9,9,64233,0.014439888929385327,0.5702520511263681,0.0675923826983057,0.0022172949002217295,False
sweep: RSI14 < 30,30,9,9,169063,0.03786761784009632,0.5722482151623951,0.06752339183863632,0.0022172949002217295,True
RSI14 below 30,30,9,9,169063,0.03786761784009632,0.5722482151623951,0.06752339183863632,0.0022172949002217295,True
sweep: 15-min move < -2.5 sd,3,9,9,34916,0.007792727896011984,0.5699106426853019,0.06726655334247678,0.0022172949002217295,False
sweep: range position > 0.90,15,9,9,337835,0.07504196999138053,0.4356890197877662,-0.06724223517790828,0.0022172949002217295,True
last 15 min down more than 2 sd,5,9,9,93758,0.020899268990170736,0.5682395102284605,0.0663774548924041,0.0022172949002217295,False
sweep: 15-min move < -2 sd,5,9,9,93758,0.020899268990170736,0.5682395102284605,0.0663774548924041,0.0022172949002217295,False
price at 4h low (rangepos <= 0.02),5,9,9,46704,0.01054482070914066,0.5675316889345666,0.06610197341680757,0.0022172949002217295,False
sweep: RSI60 < 40,10,9,9,134567,0.030131358556996564,0.567754352850253,0.06582721103735933,0.0022172949002217295,False
sweep: RSI14 < 20,30,9,8,22141,0.004994198811471433,0.5704349397046203,0.06581733861448325,0.10643015521064302,False
sweep: RSI14 > 70,10,9,9,179989,0.04005883063088178,0.4364822294695787,-0.06571650726845712,0.0022172949002217295,True
RSI14 above 70,10,9,9,179989,0.04005883063088178,0.4364822294695787,-0.06571650726845712,0.0022172949002217295,True
sweep: RSI60 < 45,30,9,9,678364,0.15148630775937666,0.5699285339434286,0.065127496030711,0.0022172949002217295,False
sweep: 5-min move < -2.5 sd,3,9,9,50986,0.011353770042805612,0.5678225395206528,0.0650692782775587,0.0022172949002217295,False
sweep: RSI14 > 75,5,9,9,70751,0.015755269569022748,0.43743551327896424,-0.06465541553879983,0.0022172949002217295,False
sweep: RSI14 < 20,10,9,9,22141,0.004993991614629846,0.5666410731222619,0.06458568353572747,0.07982261640798226,False
sweep: RSI14 < 30,3,9,9,169065,0.03786594937539394,0.5673498358619465,0.06447685721556284,0.0022172949002217295,True
RSI14 below 30,3,9,9,169065,0.03786594937539394,0.5673498358619465,0.06447685721556284,0.0022172949002217295,True
sweep: RSI14 > 75,10,9,9,70751,0.015755430239512078,0.4377040607199898,-0.06446156965396521,0.0022172949002217295,False
sweep: range position < 0.1,10,9,9,248065,0.05564843124867131,0.565589663999355,0.06413293933025177,0.0022172949002217295,False
RSI14 above 70,15,9,9,179989,0.040059238768693495,0.4392435093255699,-0.06375345689788303,0.0022172949002217295,True
sweep: RSI14 > 70,15,9,9,179989,0.040059238768693495,0.4392435093255699,-0.06375345689788303,0.0022172949002217295,True
sweep: RSI60 > 55,30,9,9,732010,0.1629242149421696,0.4413655551153673,-0.06362585318092245,0.0022172949002217295,True
sweep: RSI14 > 70,5,9,9,179989,0.040058422501576096,0.4387045875025696,-0.06337094260554321,0.0022172949002217295,True
RSI14 above 70,5,9,9,179989,0.040058422501576096,0.4387045875025696,-0.06337094260554321,0.0022172949002217295,True
sweep: 15-min move < -2 sd,10,9,9,93758,0.020899482313727142,0.5651677723500927,0.0631125856861603,0.0022172949002217295,False
last 15 min down more than 2 sd,10,9,9,93758,0.020899482313727142,0.5651677723500927,0.0631125856861603,0.0022172949002217295,False
sweep: RSI14 < 35,10,9,9,396048,0.0884539025734793,0.564802751181675,0.06271886681843364,0.0022172949002217295,True
RSI60 below 35,5,9,9,23920,0.005364183267910259,0.5646739130434782,0.06270941660840801,0.022172949002217297,False
sweep: RSI60 < 35,5,9,9,23920,0.005364183267910259,0.5646739130434782,0.06270941660840801,0.022172949002217297,False
sweep: RSI60 > 60,30,9,9,153484,0.034147730838617524,0.4422154752286883,-0.06266077650173574,0.0022172949002217295,False
sweep: 5-min move < -2.5 sd,5,9,9,50986,0.011353816331809548,0.5642529321774605,0.06226208234673236,0.0022172949002217295,False
sweep: 15-min move < -2.5 sd,10,9,9,34916,0.007792839442382908,0.5639821285370604,0.06198524764657898,0.024390243902439025,False
sweep: range position < 0.15,15,9,9,428336,0.09593461057529779,0.5644003772739158,0.06197787722954062,0.0022172949002217295,False
sweep: 15-min move < -2 sd,3,9,9,93758,0.020899183661995713,0.5641331939674481,0.061443307893155996,0.0022172949002217295,False
last 15 min down more than 2 sd,3,9,9,93758,0.020899183661995713,0.5641331939674481,0.061443307893155996,0.0022172949002217295,False
sweep: RSI14 < 35,15,9,9,396047,0.08845459163479576,0.5642007135516744,0.06133931325832642,0.0022172949002217295,True
sweep: RSI14 < 35,30,9,9,396040,0.08845581337759942,0.5657307342692657,0.0608991146192861,0.0022172949002217295,True
sweep: RSI14 > 75,15,9,9,70751,0.015755590913354614,0.44279232802363216,-0.06014244048478007,0.0022172949002217295,False
sweep: RSI14 > 65,10,9,9,415894,0.09251248975797045,0.4421126537050306,-0.060136146917668776,0.0022172949002217295,True
sweep: RSI14 < 35,5,9,9,396050,0.08845343122088328,0.5618810756217649,0.05994559605163119,0.0022172949002217295,True
sweep: RSI14 < 20,15,9,8,22141,0.0049940434121835825,0.5625762160697348,0.059927120510287035,0.11751662971175167,False
RSI14 above 70,30,9,9,179986,0.04005982900233413,0.4450457257786717,-0.05991993912163557,0.0022172949002217295,False
sweep: RSI14 > 70,30,9,9,179986,0.04005982900233413,0.4450457257786717,-0.05991993912163557,0.0022172949002217295,False
sweep: range position > 0.90,10,9,9,337835,0.07504120753907338,0.44218923438956886,-0.059818686520134945,0.0022172949002217295,True
sweep: RSI60 < 45,15,9,9,678398,0.15149024121859164,0.5625340876594566,0.05970899654938788,0.0022172949002217295,True
sweep: RSI14 > 65,15,9,9,415893,0.09251322009181015,0.44337846513406093,-0.05968122654368796,0.0022172949002217295,True
sweep: range position > 0.85,15,9,9,571002,0.12679736248427154,0.4434257673353158,-0.05958353589507115,0.0022172949002217295,True
sweep: RSI60 > 60,15,9,9,153484,0.034146687634500836,0.44362278804305333,-0.05928612306914249,0.0022172949002217295,False
sweep: 15-min move < -2 sd,15,9,9,93758,0.020899695641739175,0.5614774205934427,0.0586397789177705,0.0022172949002217295,False
last 15 min down more than 2 sd,15,9,9,93758,0.020899695641739175,0.5614774205934427,0.0586397789177705,0.0022172949002217295,False
sweep: 5-min move < -3 sd,10,9,8,23148,0.005156205812138638,0.5606963884568861,0.058384890579128434,0.011086474501108648,False
sweep: RSI60 > 55,15,9,9,732010,0.16291923639518213,0.4447220666384339,-0.05829622040067811,0.0022172949002217295,True
sweep: range position < 0.05,5,9,9,110297,0.02480748935747446,0.5596707072721833,0.058258003487021814,0.0022172949002217295,False
sweep: RSI60 < 40,5,9,9,134567,0.030131049122762692,0.5599887045115073,0.05821204223660437,0.0022172949002217295,False
sweep: RSI14 > 65,30,9,9,415884,0.09251414272514671,0.4468433505496725,-0.05817600145213653,0.0022172949002217295,False
sweep: 5-min move < -3 sd,1,9,9,23148,0.005156111190736968,0.5671332296526698,0.05794059207105717,0.0022172949002217295,False
sweep: 5-min move > +3 sd,3,9,9,23845,0.00530587699556174,0.4449150765359614,-0.0578897989339332,0.0022172949002217295,False
sweep: 15-min move < -3 sd,10,9,8,12180,0.002717650086946707,0.55935960591133,0.05729084733994094,0.2549889135254989,False
sweep: price < VWAP60 - 50 bp,30,9,9,184484,0.04038342426681852,0.5623902343834696,0.05724982658007238,0.0022172949002217295,False
sweep: RSI60 < 35,3,9,9,23920,0.005364161189661423,0.5597826086956522,0.05695883442990213,0.004434589800443459,False
RSI60 below 35,3,9,9,23920,0.005364161189661423,0.5597826086956522,0.05695883442990213,0.004434589800443459,False
sweep: price < VWAP60 - 50 bp,10,9,9,184486,0.04038225250768682,0.5587903689168826,0.05679028485424864,0.0022172949002217295,False
sweep: RSI60 < 35,10,9,8,23920,0.005364238464347696,0.5589464882943144,0.05675616143023554,0.2017738359201774,False
RSI60 below 35,10,9,8,23920,0.005364238464347696,0.5589464882943144,0.05675616143023554,0.2017738359201774,False
sweep: 15-min move < -1.5 sd,5,9,9,243917,0.054314550418307114,0.5584768589315218,0.05655688280746707,0.0022172949002217295,True
sweep: price < VWAP60 - 50 bp,15,9,9,184485,0.040382437307939924,0.5595468466270971,0.05647169819953535,0.0022172949002217295,False
price 30 bp+ below 60-min VWAP,15,9,9,428748,0.09432459782393915,0.5594638342336291,0.05644663650283144,0.0022172949002217295,False
sweep: price < VWAP60 - 30 bp,15,9,9,428748,0.09432459782393915,0.5594638342336291,0.05644663650283144,0.0022172949002217295,False
sweep: range position < 0.15,10,9,9,428339,0.09593426263459359,0.5578502074291625,0.056224937880311576,0.0022172949002217295,False
price 30 bp+ below 60-min VWAP,10,9,9,428751,0.09432430246706103,0.5579672117382817,0.05598347860107411,0.0022172949002217295,False
sweep: price < VWAP60 - 30 bp,10,9,9,428751,0.09432430246706103,0.5579672117382817,0.05598347860107411,0.0022172949002217295,False
sweep: 5-min move > +3 sd,5,9,9,23845,0.0053058986073743495,0.44608932690291464,-0.05591089596977866,0.004434589800443459,False
price 30 bp+ below 60-min VWAP,30,9,9,428741,0.09432591646895835,0.560923727845016,0.05587625046398881,0.0022172949002217295,False
sweep: price < VWAP60 - 30 bp,30,9,9,428741,0.09432591646895835,0.560923727845016,0.05587625046398881,0.0022172949002217295,False
sweep: 5-min move < -2 sd,3,9,9,115174,0.02563785182580863,0.5586243422994773,0.055863523268585236,0.0022172949002217295,True
last 5 min down more than 2 sd,3,9,9,115174,0.02563785182580863,0.5586243422994773,0.055863523268585236,0.0022172949002217295,True
sweep: RSI60 > 60,10,9,9,153484,0.0341463399142804,0.44632013760391964,-0.05577685076916905,0.0022172949002217295,False
sweep: 15-min move < -1.5 sd,10,9,9,243917,0.05431510406380412,0.5578700951553193,0.055764010591197066,0.0022172949002217295,True
sweep: RSI14 > 65,5,9,9,415897,0.09251219055604241,0.446334068290947,-0.055745267865980774,0.0022172949002217295,True
sweep: RSI14 > 75,30,9,9,70751,0.015756072955002576,0.44942120959421067,-0.055488675519626385,0.031042128603104215,False
sweep: 15-min move > +2.5 sd,5,9,9,37783,0.008373479273343986,0.4469205727443559,-0.055042456780464044,0.0022172949002217295,False
sweep: RSI60 < 35,30,9,8,23920,0.005364459261746014,0.5596989966555184,0.05499489921791745,0.23059866962305986,False
RSI60 below 35,30,9,8,23920,0.005364459261746014,0.5596989966555184,0.05499489921791745,0.23059866962305986,False
sweep: RSI14 > 80,5,9,9,25400,0.005670212083624437,0.44716535433070864,-0.0549214945893956,0.004434589800443459,False
sweep: 5-min move < -2 sd,5,9,9,115174,0.025637956305228794,0.5568010141177696,0.05482751134616093,0.0022172949002217295,False
last 5 min down more than 2 sd,5,9,9,115174,0.025637956305228794,0.5568010141177696,0.05482751134616093,0.0022172949002217295,False
last 15 min up more than 2 sd,5,9,9,98307,0.021825389981926152,0.44723163152166173,-0.05476241978172486,0.0022172949002217295,False
sweep: 15-min move > +2 sd,5,9,9,98307,0.021825389981926152,0.44723163152166173,-0.05476241978172486,0.0022172949002217295,False
sweep: 15-min move < -2.5 sd,15,9,8,34916,0.007792919120363469,0.5573376102646351,0.05459761632342108,0.05321507760532151,False
three windows down in a row,30,9,9,485228,0.10790850446223628,0.559151574105369,0.05419099102457914,0.0022172949002217295,False
sweep: EMA9 < EMA21 - 10 bp,30,9,9,336183,0.07387663475350287,0.5592787261699729,0.05412553806574982,0.0022172949002217295,False
EMA9 below EMA21 by 10 bp,30,9,9,336183,0.07387663475350287,0.5592787261699729,0.05412553806574982,0.0022172949002217295,False
sweep: 5-min move > +2.5 sd,5,9,9,51389,0.0114316768883149,0.447877950534161,-0.05412058013063148,0.0022172949002217295,False
sweep: 5-min move > +2.5 sd,3,9,9,51389,0.011431630338708526,0.4488120025686431,-0.05399675663543185,0.0022172949002217295,False
three windows up in a row,30,9,9,501320,0.1112241768105907,0.4513065507061358,-0.0538207266877504,0.0022172949002217295,False
RSI14 above 70,3,9,9,179989,0.040058259252235454,0.44922189689369907,-0.0537783433631176,0.0022172949002217295,False
sweep: RSI14 > 70,3,9,9,179989,0.040058259252235454,0.44922189689369907,-0.0537783433631176,0.0022172949002217295,False
three windows down in a row,15,9,9,485245,0.10790886675588757,0.5567290750033488,0.053724307613971733,0.0022172949002217295,True
sweep: RSI60 < 45,10,9,9,678407,0.15149113974822334,0.5556399034797695,0.05360613742156528,0.0022172949002217295,True
sweep: 5-min move < -3 sd,30,9,8,23148,0.00515641609463487,0.5585795749092795,0.053605174897376595,0.004434589800443459,False
sweep: EMA9 < EMA21 - 10 bp,15,9,9,336188,0.07387550172388894,0.5566974430973146,0.0535829728206646,0.0022172949002217295,False
EMA9 below EMA21 by 10 bp,15,9,9,336188,0.07387550172388894,0.5566974430973146,0.0535829728206646,0.0022172949002217295,False
sweep: 5-min move < -2.5 sd,30,9,8,50984,0.011353962441901323,0.5585281656990428,0.05358279581575809,0.0022172949002217295,False
sweep: RSI60 > 55,10,9,9,732010,0.16291757694865278,0.4486086255652245,-0.05357427750134691,0.0022172949002217295,True
sweep: RSI14 > 75,3,9,9,70751,0.015755205301765895,0.4495625503526452,-0.053544122826020335,0.0022172949002217295,False
sweep: 15-min move < -1.5 sd,15,9,9,243917,0.05431565772084491,0.5564064825329927,0.05349120690568676,0.0022172949002217295,False
sweep: 15-min move < -2 sd,30,9,8,93758,0.02090033565251049,0.5579470551846243,0.05315551633968396,0.0022172949002217295,False
last 15 min down more than 2 sd,30,9,8,93758,0.02090033565251049,0.5579470551846243,0.05315551633968396,0.0022172949002217295,False
lower quarter of 4h range,30,9,9,872537,0.19487128182352842,0.5577620204071575,0.05306939606859695,0.0022172949002217295,False
sweep: range position > 0.85,10,9,9,571002,0.12679607494408374,0.4490684796200364,-0.05302630460500557,0.0022172949002217295,True
three windows up in a row,15,9,9,501323,0.11122143589831447,0.45032843097164904,-0.05285864726682471,0.0022172949002217295,True
sweep: RSI14 > 80,10,9,9,25400,0.005670270112074545,0.44944881889763777,-0.05264795617929641,0.017738359201773836,False
price at 4h high (rangepos >= 0.98),5,9,9,64692,0.014369113943835301,0.4493600445186422,-0.05258589928537427,0.0022172949002217295,False
sweep: range position > 0.95,5,9,9,151420,0.03364825496925853,0.4493131686699247,-0.05258129611491896,0.0022172949002217295,False
sweep: 5-min move < -3 sd,15,9,8,23148,0.005156258381118499,0.555469155002592,0.05241536387379386,0.004434589800443459,False
sweep: price < VWAP60 - 50 bp,5,9,9,184486,0.040381851454293086,0.5537872792515421,0.05236624541669388,0.0022172949002217295,False
sweep: EMA9 < EMA21 - 10 bp,10,9,9,336192,0.07387562866779228,0.5543766657148296,0.05231140299375103,0.0022172949002217295,False
EMA9 below EMA21 by 10 bp,10,9,9,336192,0.07387562866779228,0.5543766657148296,0.05231140299375103,0.0022172949002217295,False
sweep: 5-min move < -2.5 sd,10,9,8,50986,0.011353932056008006,0.554446318597262,0.05221293474558597,0.004434589800443459,False
sweep: RSI14 < 35,3,9,9,396052,0.08845350009121924,0.5546266651853797,0.051800984867476196,0.0022172949002217295,True
sweep: 15-min move > +2 sd,10,9,9,98307,0.02182561159439256,0.4506596681823268,-0.05150096796726261,0.0022172949002217295,False
last 15 min up more than 2 sd,10,9,9,98307,0.02182561159439256,0.4506596681823268,-0.05150096796726261,0.0022172949002217295,False
sweep: price > VWAP60 + 50 bp,10,9,9,200443,0.04386071911030092,0.45070668469340414,-0.0513903158004867,0.0022172949002217295,False
sweep: 15-min move > +2.5 sd,3,9,9,37783,0.008373445348781716,0.451525818489797,-0.05126363704884829,0.0022172949002217295,False
sweep: 5-min move > +3 sd,1,9,9,23845,0.005305855383929131,0.45829314321660725,-0.051186955307205795,0.0022172949002217295,False
sweep: 15-min move < -2.5 sd,30,9,8,34916,0.007793158164312382,0.5555046397067247,0.050818866714927635,0.10643015521064302,False
last 15 min up more than 2 sd,15,9,9,98307,0.021825833211457164,0.4523889448360747,-0.050606108252060245,0.004434589800443459,False
sweep: 15-min move > +2 sd,15,9,9,98307,0.021825833211457164,0.4523889448360747,-0.050606108252060245,0.004434589800443459,False
sweep: 5-min move > +2 sd,5,9,9,115372,0.02565708974661908,0.45147002738966124,-0.050542995731764795,0.0022172949002217295,False
last 5 min up more than 2 sd,5,9,9,115372,0.02565708974661908,0.45147002738966124,-0.050542995731764795,0.0022172949002217295,False
sweep: 15-min move > +1.5 sd,5,9,9,248823,0.05531398445333327,0.4515016698617089,-0.0505062349797708,0.0022172949002217295,True
sweep: 15-min move > +3 sd,5,9,9,14324,0.00316496578825441,0.4515498464116169,-0.0503748386318601,0.037694013303769404,False
sweep: OBV falling,30,9,9,239565,0.054508488501855946,0.5550101225137228,0.05034066875552512,0.0022172949002217295,False
OBV falling over 60 min,30,9,9,239565,0.054508488501855946,0.5550101225137228,0.05034066875552512,0.0022172949002217295,False
price 30 bp+ below 60-min VWAP,5,9,9,428751,0.09432335834577425,0.5517841357804413,0.05026920506815846,0.0022172949002217295,False
sweep: price < VWAP60 - 30 bp,5,9,9,428751,0.09432335834577425,0.5517841357804413,0.05026920506815846,0.0022172949002217295,False
sweep: 15-min move > +2 sd,3,9,9,98307,0.021825301338227045,0.4526229057951112,-0.0502096805961294,0.0022172949002217295,False
last 15 min up more than 2 sd,3,9,9,98307,0.021825301338227045,0.4526229057951112,-0.0502096805961294,0.0022172949002217295,False
sweep: price > VWAP60 + 50 bp,15,9,9,200443,0.043861154506688635,0.453061468846505,-0.05017907338241723,0.0022172949002217295,False
sweep: range position < 0.1,5,9,9,248065,0.05564785803340566,0.5513675851087416,0.04988362658461443,0.0022172949002217295,False
sweep: price > VWAP60 + 50 bp,5,9,9,200443,0.043860283722654915,0.4517842977804164,-0.04974882499766786,0.0022172949002217295,False
sweep: 15-min move < -1.5 sd,30,9,9,243913,0.05431645912607372,0.5546198849589813,0.0497461002238897,0.0022172949002217295,False
below lower Bollinger band,30,9,9,234192,0.052076972579683085,0.5548225387716063,0.04974100868738118,0.0022172949002217295,False
upper quarter of 4h range,30,9,9,1099616,0.2440941645176771,0.455512651689317,-0.04961576708045645,0.0022172949002217295,False
RSI60 below 35,15,9,8,23920,0.005364293661949953,0.5521739130434783,0.04937786802315769,0.17738359201773837,False
sweep: RSI60 < 35,15,9,8,23920,0.005364293661949953,0.5521739130434783,0.04937786802315769,0.17738359201773837,False
sweep: 5-min move < -2 sd,10,9,9,115174,0.025638217507588726,0.5514612672999114,0.04927511479737268,0.0022172949002217295,False
last 5 min down more than 2 sd,10,9,9,115174,0.025638217507588726,0.5514612672999114,0.04927511479737268,0.0022172949002217295,False
sweep: 5-min move < -2.5 sd,15,9,8,50985,0.011353831521420296,0.5522800823771697,0.04927214876696817,0.0022172949002217295,False
last 5 min down more than 2 sd,30,9,9,115171,0.025638611369649695,0.5541499162115463,0.049211911056669555,0.0022172949002217295,False
sweep: 5-min move < -2 sd,30,9,9,115171,0.025638611369649695,0.5541499162115463,0.049211911056669555,0.0022172949002217295,False
sweep: 15-min move > +1.5 sd,10,9,9,248822,0.05531433122534881,0.45330396829862313,-0.04887641399279613,0.0022172949002217295,False
sweep: 15-min move < -1.5 sd,3,9,9,243918,0.05431454445740696,0.5515993079641519,0.048858154264064035,0.0022172949002217295,True
below lower Bollinger band,10,9,9,234199,0.0520763614882561,0.5509758794871028,0.04867816014539128,0.0022172949002217295,True
above upper Bollinger band,30,9,9,227174,0.05046151868808057,0.456438676961272,-0.0486754335220258,0.0022172949002217295,True
sweep: 5-min move < -2.5 sd,1,9,9,50986,0.01135372375418764,0.5578786333503315,0.048598685295556665,0.0022172949002217295,False
sweep: RSI14 > 80,15,9,8,25400,0.005670328141741458,0.4542913385826772,-0.048511930280252524,0.07538802660753881,False
OBV rising over 60 min,30,9,9,200989,0.04573043599668749,0.45622894785286755,-0.04835503180579043,0.03325942350332594,False
sweep: OBV rising,30,9,9,200989,0.04573043599668749,0.45622894785286755,-0.04835503180579043,0.03325942350332594,False
sweep: price > VWAP60 + 50 bp,30,9,9,200443,0.0438624607483048,0.45696781628692446,-0.04834903349443581,0.0022172949002217295,False
three windows up in a row,10,9,9,501328,0.11122147131725242,0.4540839530207768,-0.04826444721276574,0.0022172949002217295,True
sweep: price > VWAP60 + 30 bp,10,9,9,469191,0.10308757839969614,0.45387912385361184,-0.04825980948753317,0.0022172949002217295,False
price 30 bp+ above 60-min VWAP,10,9,9,469191,0.10308757839969614,0.45387912385361184,-0.04825980948753317,0.0022172949002217295,False
EMA9 above EMA21 by 10 bp,15,9,9,337631,0.0741419733564813,0.4550263453296646,-0.04819444021810376,0.0022172949002217295,False
sweep: EMA9 > EMA21 + 10 bp,15,9,9,337631,0.0741419733564813,0.4550263453296646,-0.04819444021810376,0.0022172949002217295,False
sweep: RSI14 > 80,3,9,8,25400,0.005670188872585091,0.45511811023622045,-0.04811283414427797,0.004434589800443459,False
sweep: 15-min move < -3 sd,15,9,8,12180,0.002717677862123305,0.5508210180623974,0.04806735884376423,0.18181818181818182,False
price 30 bp+ above 60-min VWAP,15,9,9,469191,0.10308860834223094,0.45522825459141375,-0.0479862188371461,0.0022172949002217295,False
sweep: price > VWAP60 + 30 bp,15,9,9,469191,0.10308860834223094,0.45522825459141375,-0.0479862188371461,0.0022172949002217295,False
sweep: RSI14 < 25,1,9,9,64233,0.014439471446305554,0.5587159248361434,0.04795091224890624,0.0022172949002217295,False
price at 4h low (rangepos <= 0.02),3,9,9,46704,0.010544776877200243,0.5506380609797876,0.04785140590962211,0.0022172949002217295,False
sweep: EMA9 > EMA21 + 10 bp,10,9,9,337631,0.07414123331680035,0.4544073263414793,-0.047732070342846544,0.0022172949002217295,False
EMA9 above EMA21 by 10 bp,10,9,9,337631,0.07414123331680035,0.4544073263414793,-0.047732070342846544,0.0022172949002217295,False
sweep: price < VWAP60 - 15 bp,30,9,9,951018,0.21020273658425395,0.5526341246958523,0.047566144091079066,0.0022172949002217295,False
lower quarter of 4h range,15,9,9,872572,0.19487430526571867,0.550243418308174,0.0475315432862059,0.0022172949002217295,False
OBV falling over 60 min,15,9,9,239571,0.054508038675028465,0.5500999703636917,0.04744307198690623,0.0022172949002217295,False
sweep: OBV falling,15,9,9,239571,0.054508038675028465,0.5500999703636917,0.04744307198690623,0.0022172949002217295,False
sweep: RSI14 < 20,1,9,9,22141,0.004993898381816127,0.5590081748791834,0.04742030394544561,0.0022172949002217295,False
EMA9 below EMA21 by 10 bp,5,9,9,336192,0.07387489058186066,0.5487340567294879,0.04717069893704784,0.0022172949002217295,False
sweep: EMA9 < EMA21 - 10 bp,5,9,9,336192,0.07387489058186066,0.5487340567294879,0.04717069893704784,0.0022172949002217295,False
sweep: 15-min move > +1.5 sd,15,9,9,248822,0.05531489385603002,0.4559042206878813,-0.047110203553012764,0.0022172949002217295,False
sweep: price < VWAP60 - 15 bp,15,9,9,951035,0.21020004758962788,0.5501858501527284,0.047105033976611366,0.0022172949002217295,True
below lower Bollinger band,5,9,9,234203,0.05207669683332571,0.5491133760028694,0.047086814783786846,0.0022172949002217295,True
EMA9 above EMA21 by 10 bp,5,9,9,337631,0.07414049329209806,0.45466500410211147,-0.04697159013792468,0.0022172949002217295,False
sweep: EMA9 > EMA21 + 10 bp,5,9,9,337631,0.07414049329209806,0.45466500410211147,-0.04697159013792468,0.0022172949002217295,False
three windows down in a row,10,9,9,485246,0.10790798039981678,0.549109111667072,0.04693003974180554,0.0022172949002217295,True
below lower Bollinger band,15,9,9,234198,0.05207667483374031,0.5497826625334119,0.04665428610550615,0.0022172949002217295,True
sweep: RSI60 > 60,5,9,9,153484,0.03414599220130213,0.4553373641552214,-0.04662512026104981,0.0022172949002217295,False
sweep: RSI60 < 40,3,9,9,134567,0.03013092535089308,0.5492728529282811,0.04657992709544656,0.0022172949002217295,False
price 30 bp+ above 60-min VWAP,5,9,9,469191,0.1030865484780382,0.4551110315415257,-0.04655046958455339,0.0022172949002217295,True
sweep: price > VWAP60 + 30 bp,5,9,9,469191,0.1030865484780382,0.4551110315415257,-0.04655046958455339,0.0022172949002217295,True
above upper Bollinger band,10,9,9,227181,0.05046095817072714,0.45605046196644966,-0.04628971258247855,0.0022172949002217295,True
sweep: 5-min move > +2 sd,3,9,9,115372,0.02565698531282785,0.4566099226848802,-0.046209574201007464,0.0022172949002217295,False
last 5 min up more than 2 sd,3,9,9,115372,0.02565698531282785,0.4566099226848802,-0.046209574201007464,0.0022172949002217295,False
sweep: 15-min move > +3 sd,3,9,8,14324,0.0031649530199902285,0.45657637531415807,-0.04615889457020039,0.004434589800443459,False
sweep: 5-min move < -2 sd,15,9,9,115173,0.025638262454192397,0.5491217559671103,0.046132871767162076,0.0022172949002217295,False
last 5 min down more than 2 sd,15,9,9,115173,0.025638262454192397,0.5491217559671103,0.046132871767162076,0.0022172949002217295,False
sweep: range position > 0.90,5,9,9,337835,0.07504044510259851,0.4560687909778442,-0.0458290031070136,0.0022172949002217295,True
above upper Bollinger band,15,9,9,227180,0.050461258593684576,0.4573554010036095,-0.045813889745150216,0.0022172949002217295,True
sweep: RSI14 > 65,3,9,9,415898,0.09251202971778844,0.45716016907991863,-0.04576745375524571,0.0022172949002217295,True
below lower Bollinger band,3,9,9,234205,0.05207691598290237,0.5483785572468564,0.04564845927931871,0.0022172949002217295,True
sweep: 15-min move < -2.5 sd,1,9,9,34916,0.007792696026220671,0.5545022339328675,0.04512603594979703,0.0022172949002217295,False
sweep: 15-min move > +2.5 sd,10,9,9,37783,0.008373564085977376,0.45703093984066906,-0.04510901938340234,0.013303769401330377,False
sweep: 5-min move > +3 sd,30,9,8,23845,0.005306168770220458,0.4599287062277207,-0.04501919808277982,0.022172949002217297,False
sweep: price < VWAP60 - 15 bp,10,9,9,951039,0.21019879367901168,0.5470364517122852,0.04491217511913648,0.0022172949002217295,True
above upper Bollinger band,5,9,9,227184,0.0504610832093367,0.4572108951334601,-0.044862878565502584,0.0022172949002217295,False
sweep: 15-min move < -3 sd,1,9,9,12180,0.002717600093093068,0.554351395730706,0.04482336216372984,0.011086474501108648,False
price 30 bp+ above 60-min VWAP,30,9,9,469191,0.10309169829510287,0.46043722066280046,-0.04480996893321887,0.0022172949002217295,False
sweep: price > VWAP60 + 30 bp,30,9,9,469191,0.10309169829510287,0.46043722066280046,-0.04480996893321887,0.0022172949002217295,False
sweep: 5-min move > +2.5 sd,1,9,9,51389,0.011431583789489741,0.4649244001634591,-0.044555206779505474,0.0022172949002217295,False
sweep: 15-min move > +1.5 sd,3,9,9,248823,0.055313759408177704,0.4584142141200773,-0.04441816694314871,0.0022172949002217295,True
sweep: OBV rising,15,9,9,200989,0.04572899675301437,0.4582489588982482,-0.04435009310802657,0.011086474501108648,False
OBV rising over 60 min,15,9,9,200989,0.04572899675301437,0.4582489588982482,-0.04435009310802657,0.011086474501108648,False
sweep: EMA9 > EMA21 + 10 bp,30,9,9,337631,0.07414419356540054,0.4609795901442699,-0.04428245000636266,0.0022172949002217295,False
EMA9 above EMA21 by 10 bp,30,9,9,337631,0.07414419356540054,0.4609795901442699,-0.04428245000636266,0.0022172949002217295,False
sweep: 5-min move < -1.5 sd,5,9,9,267896,0.05953407501963438,0.5461932988921074,0.04419559781184934,0.0022172949002217295,True
sweep: 15-min move > +1.5 sd,30,9,9,248822,0.05531658181827411,0.46079928623674754,-0.04417170368395368,0.0022172949002217295,False
sweep: 15-min move > +2.5 sd,15,9,9,37783,0.00837364890036469,0.4588571579811026,-0.0441357635545061,0.05543237250554324,False
last 15 min up more than 2 sd,30,9,9,98307,0.021826498090241574,0.4609742948111528,-0.043978105863241246,0.004434589800443459,False
sweep: 15-min move > +2 sd,30,9,9,98307,0.021826498090241574,0.4609742948111528,-0.043978105863241246,0.004434589800443459,False
upper quarter of 4h range,15,9,9,1099633,0.244090401040085,0.45967882011543854,-0.043465309534208296,0.0022172949002217295,True
sweep: range position < 0.15,5,9,9,428339,0.0959332768002245,0.5450402601677643,0.043461924004847385,0.0022172949002217295,False
sweep: price > VWAP60 + 50 bp,3,9,9,200443,0.04386010957004413,0.45850940167528925,-0.043300596468909325,0.0022172949002217295,False
sweep: 5-min move > +2.5 sd,30,9,9,51389,0.011432258791099362,0.4617135962949269,-0.043240484427362724,0.004434589800443459,False
sweep: RSI60 < 45,5,9,9,678411,0.15149054340566018,0.5449174615388017,0.04305057254083933,0.0022172949002217295,True
sweep: range position < 0.05,3,9,9,110297,0.024807386767458615,0.5456630733383501,0.04301215044064122,0.0022172949002217295,False
sweep: price < VWAP60 - 50 bp,3,9,9,184486,0.040381691035191764,0.5446266925403553,0.042912670927161,0.0022172949002217295,False
sweep: RSI14 > 80,30,9,8,25400,0.005670502238043428,0.46204724409448816,-0.04273895484469459,0.2793791574279379,False
sweep: 5-min move < -1.5 sd,3,9,9,267897,0.05953404845461385,0.5453737817146141,0.04259996194330984,0.0022172949002217295,True
sweep: RSI60 > 55,5,9,9,732011,0.16291613338365435,0.45942479006463016,-0.04257065657178932,0.0022172949002217295,True
sweep: 5-min move > +1.5 sd,5,9,9,269066,0.05975659970851513,0.4595898404109029,-0.04244382503172495,0.0022172949002217295,False
lower quarter of 4h range,10,9,9,872583,0.19487516903786395,0.544271433204635,0.04236827410846389,0.0022172949002217295,False
sweep: OBV falling,10,9,9,239576,0.05450852121531516,0.5440945670684877,0.04221024293860265,0.0022172949002217295,False
OBV falling over 60 min,10,9,9,239576,0.05450852121531516,0.5440945670684877,0.04221024293860265,0.0022172949002217295,False
sweep: 5-min move > +3 sd,10,9,9,23845,0.0053059526376933895,0.46018033130635355,-0.042035433697308944,0.0066518847006651885,False
sweep: 5-min move < -1.5 sd,30,9,9,267885,0.059534735689957693,0.5467719357186852,0.04178189978496882,0.0022172949002217295,False
sweep: 5-min move > +2.5 sd,10,9,9,51389,0.011431793264026565,0.46068224717351963,-0.04151284165732977,0.0022172949002217295,False
two windows down in a row,30,9,9,1060663,0.23569331223696732,0.5465553149303785,0.041487736627317195,0.0022172949002217295,True
sweep: two windows down,30,9,9,1060663,0.23569331223696732,0.5465553149303785,0.041487736627317195,0.0022172949002217295,True
sweep: 5-min move < -1.5 sd,10,9,9,267895,0.059534464679159446,0.5436458313891637,0.04143442462375102,0.0022172949002217295,True
sweep: price > VWAP60 + 15 bp,15,9,9,1028992,0.22705472904006976,0.46182186061699215,-0.0414067030746158,0.0022172949002217295,False
sweep: range position > 0.85,5,9,9,571004,0.12679521912453853,0.4607340754180356,-0.041193754123499626,0.0022172949002217295,True
sweep: price < VWAP60 - 30 bp,3,9,9,428751,0.09432298070263173,0.5430657887678396,0.04114528516499871,0.0022172949002217295,False
price 30 bp+ below 60-min VWAP,3,9,9,428751,0.09432298070263173,0.5430657887678396,0.04114528516499871,0.0022172949002217295,False
sweep: two windows up,30,9,9,1083910,0.24048090845966186,0.46421105073299446,-0.040956350777409056,0.0022172949002217295,True
two windows up in a row,30,9,9,1083910,0.24048090845966186,0.46421105073299446,-0.040956350777409056,0.0022172949002217295,True
sweep: OBV rising,10,9,9,200989,0.04572851702587241,0.4609107961132201,-0.04092414123034632,0.004434589800443459,False
OBV rising over 60 min,10,9,9,200989,0.04572851702587241,0.4609107961132201,-0.04092414123034632,0.004434589800443459,False
sweep: 15-min move < -3 sd,30,9,8,12180,0.0027177611911395985,0.5451559934318555,0.04048508739675494,0.22394678492239467,False
sweep: 5-min move > +2 sd,10,9,9,115370,0.025656923751184127,0.4618618358325388,-0.040340928122849395,0.0022172949002217295,False
last 5 min up more than 2 sd,10,9,9,115370,0.025656923751184127,0.4618618358325388,-0.040340928122849395,0.0022172949002217295,False
sweep: price > VWAP60 + 15 bp,30,9,9,1028978,0.22705860789273113,0.4650079982273673,-0.040205252678401304,0.0022172949002217295,False
RSI60 above 65,5,9,9,31440,0.006958201196105815,0.46186386768447835,-0.04014724901206829,0.2549889135254989,False
sweep: RSI60 > 65,5,9,9,31440,0.006958201196105815,0.46186386768447835,-0.04014724901206829,0.2549889135254989,False
two windows up in a row,15,9,9,1083932,0.24047868101985564,0.46308440012842134,-0.04013864773192288,0.0022172949002217295,True
sweep: two windows up,15,9,9,1083932,0.24047868101985564,0.46308440012842134,-0.04013864773192288,0.0022172949002217295,True
two windows down in a row,15,9,9,1060689,0.23569171786627813,0.5431497828298398,0.0400362735396278,0.0022172949002217295,True
sweep: two windows down,15,9,9,1060689,0.23569171786627813,0.5431497828298398,0.0400362735396278,0.0022172949002217295,True
sweep: price > VWAP60 + 15 bp,10,9,9,1028996,0.22705329111521577,0.4622136529199336,-0.04003496597773998,0.0022172949002217295,True
EMA9 above EMA21 by 10 bp,3,9,9,337631,0.07414019728641104,0.46206657564027,-0.03992232352611269,0.0022172949002217295,False
sweep: EMA9 > EMA21 + 10 bp,3,9,9,337631,0.07414019728641104,0.46206657564027,-0.03992232352611269,0.0022172949002217295,False
sweep: 5-min move < -1.5 sd,15,9,9,267894,0.05953485358495953,0.5425914727466834,0.03955403764950449,0.0022172949002217295,False
price 30 bp+ above 60-min VWAP,3,9,9,469191,0.10308613651522042,0.46253657891988553,-0.03950110871392287,0.0022172949002217295,True
sweep: price > VWAP60 + 30 bp,3,9,9,469191,0.10308613651522042,0.46253657891988553,-0.03950110871392287,0.0022172949002217295,True
sweep: 5-min move > +2 sd,30,9,9,115370,0.025657968142210965,0.4655629713096992,-0.039416155001044284,0.0022172949002217295,False
last 5 min up more than 2 sd,30,9,9,115370,0.025657968142210965,0.4655629713096992,-0.039416155001044284,0.0022172949002217295,False
sweep: 5-min move < -2 sd,1,9,9,115175,0.025637963192548185,0.5485304970696766,0.039178333923480024,0.0022172949002217295,False
last 5 min down more than 2 sd,1,9,9,115175,0.025637963192548185,0.5485304970696766,0.039178333923480024,0.0022172949002217295,False
sweep: range position < 0.1,3,9,9,248065,0.05564762875069292,0.5416846391066857,0.03909986003085564,0.0022172949002217295,False
sweep: price < VWAP60 - 15 bp,5,9,9,951042,0.21019732421294784,0.5408299528306847,0.039077771548695295,0.0022172949002217295,True
above upper Bollinger band,3,9,9,227184,0.05046087822843466,0.4637034298190013,-0.039077410905960897,0.0022172949002217295,False
sweep: 15-min move > +2.5 sd,30,9,8,37783,0.008373903354050739,0.4661090966836937,-0.03884547362760704,0.11086474501108648,False
sweep: 5-min move > +3 sd,15,9,8,23845,0.005306006669137484,0.4642063325644789,-0.03879042545304229,0.1286031042128603,False
sweep: range position > 0.95,3,9,9,151420,0.033648118110790284,0.4644564786686039,-0.038406907572718196,0.0022172949002217295,False
upper quarter of 4h range,10,9,9,1099644,0.24409030997365624,0.4639055912640818,-0.03834433784842395,0.0022172949002217295,True
sweep: RSI14 < 30,1,9,9,169066,0.03786600924852303,0.548454449741521,0.038188320843720036,0.0022172949002217295,False
RSI14 below 30,1,9,9,169066,0.03786600924852303,0.548454449741521,0.038188320843720036,0.0022172949002217295,False
sweep: 5-min move > +2.5 sd,15,9,8,51389,0.011431909642160766,0.4648271030765339,-0.03817402216084481,0.022172949002217297,False
sweep: EMA9 < EMA21 - 10 bp,3,9,9,336192,0.07387459535167651,0.539977155910908,0.03804524066249548,0.0022172949002217295,False
EMA9 below EMA21 by 10 bp,3,9,9,336192,0.07387459535167651,0.539977155910908,0.03804524066249548,0.0022172949002217295,False
sweep: RSI60 > 60,3,9,9,153484,0.034145853118138565,0.46488884834901356,-0.03797167640357302,0.0022172949002217295,False
sweep: 5-min move > +2 sd,15,9,9,115370,0.025657184840792185,0.46525959954927626,-0.03776558976592931,0.0022172949002217295,False
last 5 min up more than 2 sd,15,9,9,115370,0.025657184840792185,0.46525959954927626,-0.03776558976592931,0.0022172949002217295,False
sweep: 15-min move > +2.5 sd,1,9,9,37783,0.00837341142450006,0.47179948654156634,-0.03764652940361102,0.0022172949002217295,False
sweep: 5-min move > +1.5 sd,3,9,9,269069,0.059757009693607324,0.465185510036459,-0.03762506644717667,0.0022172949002217295,False
price at 4h high (rangepos >= 0.98),3,9,9,64692,0.014369055527592814,0.46555988375687873,-0.03744409855909381,0.0022172949002217295,False
sweep: 15-min move > +3 sd,1,9,9,14324,0.003164940251831059,0.4720050265289025,-0.03726662550662674,0.017738359201773836,False
three windows up in a row,5,9,9,501328,0.11122034359695838,0.4650508250087767,-0.037033179121815585,0.0022172949002217295,True
three windows down in a row,5,9,9,485253,0.10790838036677707,0.5388281988983067,0.03687249369402701,0.0022172949002217295,False
sweep: 5-min move > +2 sd,1,9,9,115372,0.02565688087990573,0.47264500918767116,-0.036840132867542286,0.0022172949002217295,False
last 5 min up more than 2 sd,1,9,9,115372,0.02565688087990573,0.47264500918767116,-0.036840132867542286,0.0022172949002217295,False
sweep: 15-min move < -2 sd,1,9,9,93759,0.020899313827764165,0.5460062500666603,0.03663750389688569,0.0022172949002217295,False
last 15 min down more than 2 sd,1,9,9,93759,0.020899313827764165,0.5460062500666603,0.03663750389688569,0.0022172949002217295,False
sweep: 5-min move > +1.5 sd,30,9,9,269060,0.05975835363069083,0.4686240987140415,-0.03640875315199704,0.0022172949002217295,False
two windows up in a row,10,9,9,1083944,0.24047888837807335,0.4659991660085761,-0.036384467962766676,0.0022172949002217295,True
sweep: two windows up,10,9,9,1083944,0.24047888837807335,0.4659991660085761,-0.036384467962766676,0.0022172949002217295,True
sweep: price > VWAP60 + 15 bp,5,9,9,1028997,0.22705121844273923,0.4655931941492541,-0.036268332349506494,0.0022172949002217295,True
sweep: 15-min move > +2 sd,1,9,9,98307,0.021825212695263618,0.47357766995229233,-0.036017461328184286,0.0022172949002217295,False
last 15 min up more than 2 sd,1,9,9,98307,0.021825212695263618,0.47357766995229233,-0.036017461328184286,0.0022172949002217295,False
sweep: 5-min move > +1.5 sd,10,9,9,269061,0.059756142063804606,0.46626601402655904,-0.035974709010746564,0.0022172949002217295,False
sweep: two windows down,10,9,9,1060700,0.2356916774619892,0.5380597718487791,0.03577845881274122,0.0022172949002217295,True
two windows down in a row,10,9,9,1060700,0.2356916774619892,0.5380597718487791,0.03577845881274122,0.0022172949002217295,True
sweep: RSI60 > 65,10,9,8,31440,0.006958271569150366,0.4666030534351145,-0.03552096372654717,0.34811529933481156,False
RSI60 above 65,10,9,8,31440,0.006958271569150366,0.4666030534351145,-0.03552096372654717,0.34811529933481156,False
sweep: 4h return < -100 bp,30,9,9,574271,0.12648635931281083,0.5401213016154394,0.035083184519876576,0.0022172949002217295,False
sweep: range position > 0.90,3,9,9,337836,0.07504035597856912,0.4677299044506802,-0.035041290562379035,0.0022172949002217295,False
sweep: OBV falling,5,9,9,239577,0.054508160457464185,0.5367293187576436,0.03488396237229219,0.0022172949002217295,False
OBV falling over 60 min,5,9,9,239577,0.054508160457464185,0.5367293187576436,0.03488396237229219,0.0022172949002217295,False
sweep: RSI60 < 35,1,9,8,23920,0.005364139111598952,0.5445234113712375,0.034577874224240523,0.017738359201773836,False
RSI60 below 35,1,9,8,23920,0.005364139111598952,0.5445234113712375,0.034577874224240523,0.017738359201773836,False
sweep: RSI60 > 65,3,9,9,31440,0.006958173047294821,0.4687022900763359,-0.03426863831576488,0.24833702882483372,False
RSI60 above 65,3,9,9,31440,0.006958173047294821,0.4687022900763359,-0.03426863831576488,0.24833702882483372,False
sweep: 5-min move > +1.5 sd,15,9,9,269060,0.0597565327423112,0.469055229316881,-0.03402397424022957,0.0022172949002217295,False
sweep: range position < 0.15,3,9,9,428339,0.09593288247229427,0.5364442649396857,0.0338639473748531,0.0022172949002217295,False
sweep: RSI60 > 55,3,9,9,732012,0.16291568547383536,0.4692259143292733,-0.033580820672601486,0.0022172949002217295,True
sweep: 4h return < -50 bp,30,9,9,1058755,0.2345251575870135,0.5383899013463928,0.03335931186268326,0.0022172949002217295,False
4h return below -50 bp,30,9,9,1058755,0.2345251575870135,0.5383899013463928,0.03335931186268326,0.0022172949002217295,False
sweep: RSI60 < 45,3,9,9,678413,0.15149055848362558,0.5360392563232131,0.033315774039789026,0.0022172949002217295,True
sweep: OBV rising,5,9,9,200989,0.04572803730910439,0.4694087736144764,-0.03245452464515475,0.0022172949002217295,False
OBV rising over 60 min,5,9,9,200989,0.04572803730910439,0.4694087736144764,-0.03245452464515475,0.0022172949002217295,False
lower quarter of 4h range,5,9,9,872588,0.19487476241212498,0.5342040000550088,0.03244681720220255,0.0022172949002217295,False
sweep: range position > 0.85,3,9,9,571005,0.1267949199710765,0.4709205698724179,-0.03181135066208196,0.0022172949002217295,True
RSI60 above 65,15,9,8,31440,0.006958341943647909,0.4715648854961832,-0.031332618844016336,0.49445676274944567,False
sweep: RSI60 > 65,15,9,8,31440,0.006958341943647909,0.4715648854961832,-0.031332618844016336,0.49445676274944567,False
sweep: 4h return > +50 bp,30,9,9,1124547,0.24843565977600374,0.4740379904085823,-0.03117631318467151,0.0022172949002217295,False
4h return above +50 bp,30,9,9,1124547,0.24843565977600374,0.4740379904085823,-0.03117631318467151,0.0022172949002217295,False
sweep: price < VWAP60 - 15 bp,3,9,9,951044,0.21019690764596674,0.5333612324981809,0.031081509239925142,0.0022172949002217295,True
sweep: 15-min move > +3 sd,10,9,8,14324,0.0031649977093742942,0.47109745881038817,-0.03101832450797598,0.13747228381374724,False
sweep: price > VWAP60 + 15 bp,3,9,9,1028997,0.2270503050569849,0.47197513695375204,-0.0303871151585291,0.0022172949002217295,True
sweep: 15-min move > +3 sd,15,9,6,14324,0.0031650296311505274,0.4730522200502653,-0.029946121609551846,0.22838137472283815,False
sweep: 4h return < -25 bp,30,9,9,1520407,0.33732014088039497,0.5349501811028231,0.029896398403078783,0.0022172949002217295,False
sweep: RSI60 > 65,30,9,7,31440,0.006958553075858941,0.47512722646310435,-0.029721391823301024,0.2549889135254989,False
RSI60 above 65,30,9,7,31440,0.006958553075858941,0.47512722646310435,-0.029721391823301024,0.2549889135254989,False
sweep: price > VWAP60 + 50 bp,1,9,9,200443,0.043859935418831965,0.47596074694551566,-0.029620665569369653,0.0022172949002217295,False
sweep: 4h return > +100 bp,30,9,9,599584,0.13192338751227792,0.47573817847040617,-0.02951572199272373,0.0022172949002217295,False
upper quarter of 4h range,5,9,9,1099651,0.24408934318287231,0.47256447727506273,-0.029449259355782076,0.0022172949002217295,True
sweep: taker buy share > 0.3 (15 min),15,9,8,206993,0.0483220861463253,0.4738276173590411,-0.028974609586276845,0.017738359201773836,False
sweep: taker sell share > 0.3 (15 min),30,9,8,241331,0.05590791028709092,0.5329236608641243,0.028777774762862807,0.13082039911308205,False
two windows up in a row,5,9,9,1083950,0.2404777250054439,0.4733308731952581,-0.028771012302177323,0.0022172949002217295,True
sweep: two windows up,5,9,9,1083950,0.2404777250054439,0.4733308731952581,-0.028771012302177323,0.0022172949002217295,True
sweep: 4h return > +25 bp,30,9,9,1611724,0.35676276193633044,0.47654933474962213,-0.028671193487410096,0.0022172949002217295,False
below lower Bollinger band,1,9,8,234206,0.0520769196376657,0.5376079178159399,0.028586239765527766,0.0022172949002217295,False
sweep: two windows down,5,9,9,1060713,0.2356920888719949,0.5306044142006368,0.02857875087715145,0.0022172949002217295,False
two windows down in a row,5,9,9,1060713,0.2356920888719949,0.5306044142006368,0.02857875087715145,0.0022172949002217295,False
three windows up in a row,3,9,9,501329,0.11122021005008882,0.4742354820886085,-0.02855269325586457,0.0022172949002217295,True
sweep: 15-min move > +1.5 sd,1,9,9,248823,0.055313534364893974,0.4811814020408081,-0.028384475260930186,0.0022172949002217295,False
sweep: RSI14 < 35,1,9,8,396054,0.08845356896124781,0.5380655163184819,0.028205389898978805,0.0022172949002217295,False
OBV falling over 60 min,3,9,9,239577,0.054507931827932884,0.5309983846529508,0.02815449613343579,0.0022172949002217295,False
sweep: OBV falling,3,9,9,239577,0.054507931827932884,0.5309983846529508,0.02815449613343579,0.0022172949002217295,False
sweep: EMA9 > EMA21 + 10 bp,1,9,9,337631,0.07413990128312051,0.4781492220797261,-0.028048451265243135,0.0022172949002217295,False
EMA9 above EMA21 by 10 bp,1,9,9,337631,0.07413990128312051,0.4781492220797261,-0.028048451265243135,0.0022172949002217295,False
price 30 bp+ above 60-min VWAP,1,9,9,469191,0.10308572455574276,0.4786941778508113,-0.027675985482179033,0.0022172949002217295,False
sweep: price > VWAP60 + 30 bp,1,9,9,469191,0.10308572455574276,0.4786941778508113,-0.027675985482179033,0.0022172949002217295,False
taker buying 60 pct+ of last 15 min,15,9,9,504475,0.11551764369520819,0.4756826403687001,-0.027574006938787643,0.0022172949002217295,False
sweep: taker buy share > 0.2 (15 min),15,9,9,504475,0.11551764369520819,0.4756826403687001,-0.027574006938787643,0.0022172949002217295,False
taker selling 60 pct+ of last 15 min,15,9,9,564432,0.12856178415346636,0.5301736967429204,0.02756478958717612,0.0022172949002217295,False
sweep: taker sell share > 0.2 (15 min),15,9,9,564432,0.12856178415346636,0.5301736967429204,0.02756478958717612,0.0022172949002217295,False
sweep: 15-min move < -1.5 sd,1,9,9,243919,0.05431453849668197,0.5368954447992982,0.027473995676322804,0.0022172949002217295,False
sweep: 4h return < -100 bp,15,9,9,574287,0.12648600480179054,0.5304386134458903,0.0274202266760476,0.0022172949002217295,False
sweep: 5-min move < -1.5 sd,1,9,9,267900,0.059534453228452494,0.5366517357222844,0.027330005852434613,0.0022172949002217295,False
sweep: RSI14 > 75,1,9,9,70751,0.01575514103504553,0.48351260052861444,-0.027293166367131638,0.0022172949002217295,False
sweep: taker buy share > 0.2 (15 min),30,9,9,504460,0.11551675244187035,0.4779863616540459,-0.027281809758651965,0.015521064301552107,False
taker buying 60 pct+ of last 15 min,30,9,9,504460,0.11551675244187035,0.4779863616540459,-0.027281809758651965,0.015521064301552107,False
sweep: taker sell share > 0.2 (15 min),30,9,9,564410,0.12856106169750892,0.5318102088907001,0.02711860006497613,0.0022172949002217295,False
taker selling 60 pct+ of last 15 min,30,9,9,564410,0.12856106169750892,0.5318102088907001,0.02711860006497613,0.0022172949002217295,False
sweep: 4h return < -50 bp,15,9,9,1058798,0.23452872825408352,0.5300812808486605,0.027040671794297033,0.0022172949002217295,False
4h return below -50 bp,15,9,9,1058798,0.23452872825408352,0.5300812808486605,0.027040671794297033,0.0022172949002217295,False
sweep: RSI14 > 70,1,9,9,179989,0.0400580960042557,0.48331286911977955,-0.02697026086746457,0.0022172949002217295,False
RSI14 above 70,1,9,9,179989,0.0400580960042557,0.48331286911977955,-0.02697026086746457,0.0022172949002217295,False
sweep: taker sell share > 0.3 (15 min),15,9,9,241339,0.05590784120125848,0.5289240446011627,0.026936125890279716,0.037694013303769404,False
three windows down in a row,3,9,9,485253,0.10790794127240366,0.529581476054759,0.026862617865871963,0.0022172949002217295,False
sweep: taker buy share > 0.3 (15 min),30,9,8,206986,0.04832153775269816,0.4780661494014088,-0.02683372388590577,0.11086474501108648,False
sweep: 5-min move > +1.5 sd,1,9,9,269069,0.059756766921668376,0.48278694312611264,-0.026583847126371796,0.0022172949002217295,False
sweep: RSI60 > 65,1,9,8,31440,0.006958144898716295,0.48377862595419846,-0.026528340317228782,0.12638580931263857,False
RSI60 above 65,1,9,8,31440,0.006958144898716295,0.48377862595419846,-0.026528340317228782,0.12638580931263857,False
sweep: taker buy share > 0.3 (15 min),10,9,8,206993,0.048321563571620964,0.4757262322880484,-0.026360292246390082,0.04878048780487805,False
above upper Bollinger band,1,9,9,227185,0.050460885284841,0.48290600171666265,-0.026220820555704072,0.0022172949002217295,False
sweep: taker sell share > 0.3 (15 min),10,9,9,241343,0.05590811467269009,0.5274319122576582,0.026094131485587813,0.0066518847006651885,False
OBV rising over 60 min,3,9,9,200989,0.04572784542530181,0.4772300971694968,-0.02571274104639598,0.0022172949002217295,False
sweep: OBV rising,3,9,9,200989,0.04572784542530181,0.4772300971694968,-0.02571274104639598,0.0022172949002217295,False
taker selling 60 pct+ of last 15 min,10,9,9,564436,0.12856130707434654,0.527569113238702,0.02570528271051753,0.0022172949002217295,False
sweep: taker sell share > 0.2 (15 min),10,9,9,564436,0.12856130707434654,0.527569113238702,0.02570528271051753,0.0022172949002217295,False
sweep: 15-min move > +3 sd,30,9,6,14324,0.0031651254004175216,0.4797542585869869,-0.025218665382491567,0.2261640798226164,False
4h return above +50 bp,15,9,9,1124557,0.24843030606166894,0.4784381760995663,-0.024787330784726946,0.0022172949002217295,False
sweep: 4h return > +50 bp,15,9,9,1124557,0.24843030606166894,0.4784381760995663,-0.024787330784726946,0.0022172949002217295,False
taker buying 60 pct+ of last 15 min,10,9,9,504480,0.11551750148013605,0.4777473834443387,-0.02470910940453447,0.0022172949002217295,False
sweep: taker buy share > 0.2 (15 min),10,9,9,504480,0.11551750148013605,0.4777473834443387,-0.02470910940453447,0.0022172949002217295,False
lower quarter of 4h range,3,9,9,872590,0.19487459976082788,0.5273301321353672,0.02470144445140554,0.0022172949002217295,False
previous window down,30,9,9,2240744,0.49760685518580683,0.5297017419214333,0.024581212972577093,0.0022172949002217295,True
sweep: previous window down,30,9,9,2240744,0.49760685518580683,0.5297017419214333,0.024581212972577093,0.0022172949002217295,True
sweep: previous window up,30,9,9,2263981,0.5023931448141931,0.4808388409620045,-0.024328916842068893,0.0022172949002217295,True
previous window up,30,9,9,2263981,0.5023931448141931,0.4808388409620045,-0.024328916842068893,0.0022172949002217295,True
previous window down,15,9,9,2240818,0.4976085305949114,0.5272967282483451,0.024127121001601415,0.0022172949002217295,True
sweep: previous window down,15,9,9,2240818,0.4976085305949114,0.5272967282483451,0.024127121001601415,0.0022172949002217295,True
sweep: 4h return < -25 bp,15,9,9,1520472,0.33732532144223226,0.5271369679941492,0.024052279669826926,0.0022172949002217295,False
sweep: previous window up,15,9,9,2264042,0.5023914694050885,0.47934181433029954,-0.023879630779184535,0.0022172949002217295,True
previous window up,15,9,9,2264042,0.5023914694050885,0.47934181433029954,-0.023879630779184535,0.0022172949002217295,True
sweep: 4h return > +100 bp,15,9,9,599585,0.13191964012033916,0.4796234061892809,-0.023612505195733546,0.004434589800443459,False
sweep: taker buy share > 0.1 (15 min),30,9,9,1095196,0.24687900011374403,0.4818507372196392,-0.023586153463797777,0.0022172949002217295,False
sweep: RSI60 < 40,1,9,9,134567,0.03013080158006569,0.5333105441898831,0.02355690692373824,0.0022172949002217295,False
sweep: RSI60 > 60,1,9,9,153484,0.034145714036133715,0.48657189022960046,-0.023298952956706143,0.0022172949002217295,False
sweep: taker sell share > 0.1 (15 min),15,9,9,1214022,0.2724096970484695,0.5257820698471691,0.022780472704634458,0.0022172949002217295,False
upper quarter of 4h range,3,9,9,1099654,0.2440890052825262,0.47998734147286326,-0.0227491837395013,0.0022172949002217295,True
sweep: taker buy share > 0.1 (15 min),15,9,9,1095223,0.24687845117560978,0.48076053917786604,-0.022712320259059948,0.0022172949002217295,False
sweep: 4h return > +25 bp,15,9,9,1611746,0.3567566933643398,0.4805819279216452,-0.022672821081195838,0.0022172949002217295,False
sweep: taker sell share > 0.1 (15 min),30,9,9,1213991,0.2724114230367578,0.5274800225042855,0.022435898425755996,0.0022172949002217295,False
sweep: RSI14 > 65,1,9,9,415898,0.0925116530357044,0.4874993387801817,-0.02238424430399355,0.0022172949002217295,False
sweep: 4h return < -50 bp,10,9,9,1058809,0.23452921560904963,0.5244146961349969,0.02230901583542666,0.0022172949002217295,False
4h return below -50 bp,10,9,9,1058809,0.23452921560904963,0.5244146961349969,0.02230901583542666,0.0022172949002217295,False
sweep: two windows up,3,9,9,1083954,0.24047770721568396,0.48064032237530374,-0.02214502165901211,0.0022172949002217295,True
two windows up in a row,3,9,9,1083954,0.24047770721568396,0.48064032237530374,-0.02214502165901211,0.0022172949002217295,True
sweep: 4h return < -100 bp,10,9,9,574289,0.12648516058416687,0.5239713802632473,0.021944432152497195,0.0022172949002217295,False
sweep: price < VWAP60 - 50 bp,1,9,7,184486,0.04038153061737965,0.5270427024272845,0.02153117225859502,0.0022172949002217295,False
two windows down in a row,3,9,9,1060716,0.235691871275902,0.5241638666711919,0.02141737252114384,0.0022172949002217295,False
sweep: two windows down,3,9,9,1060716,0.235691871275902,0.5241638666711919,0.02141737252114384,0.0022172949002217295,False
sweep: previous window down,10,9,9,2240837,0.49760785074317365,0.523637372999464,0.021304860418670635,0.0022172949002217295,True
previous window down,10,9,9,2240837,0.49760785074317365,0.523637372999464,0.021304860418670635,0.0022172949002217295,True
sweep: taker sell share > 0.3 (15 min),5,9,9,241347,0.05590838814029529,0.5230228674895483,0.021264209335037254,0.0022172949002217295,False
sweep: taker buy share > 0.1 (15 min),10,9,9,1095236,0.24687879257653186,0.48150261678761475,-0.0210994983510554,0.0022172949002217295,False
sweep: taker sell share > 0.1 (15 min),10,9,9,1214033,0.2724092638850085,0.523244425810501,0.021091222868059867,0.0022172949002217295,False
previous window up,10,9,9,2264068,0.5023921492568264,0.4812947314303281,-0.021086256908358192,0.0022172949002217295,True
sweep: previous window up,10,9,9,2264068,0.5023921492568264,0.4812947314303281,-0.021086256908358192,0.0022172949002217295,True
sweep: taker sell share > 0.2 (15 min),5,9,9,564441,0.12856104846336322,0.5229811441762735,0.020947774886459603,0.0022172949002217295,False
taker selling 60 pct+ of last 15 min,5,9,9,564441,0.12856104846336322,0.5229811441762735,0.020947774886459603,0.0022172949002217295,False
sweep: price > VWAP60 + 15 bp,1,9,8,1028997,0.22704939167870755,0.48680414034248887,-0.020683796975617952,0.0022172949002217295,False
4h return above +50 bp,10,9,9,1124567,0.2484299730176457,0.48164404610841327,-0.02061620801553643,0.0022172949002217295,False
sweep: 4h return > +50 bp,10,9,9,1124567,0.2484299730176457,0.48164404610841327,-0.02061620801553643,0.0022172949002217295,False
sweep: taker buy share > 0.3 (15 min),5,9,8,206993,0.048321041008610816,0.48193900276820956,-0.020132500236128226,0.004434589800443459,False
price at 4h low (rangepos <= 0.02),1,9,8,46704,0.010544733045634752,0.5314105858170607,0.02002127339554094,0.0022172949002217295,False
sweep: 4h return > +100 bp,10,9,9,599587,0.13191875612468,0.48229030982993293,-0.019907430811271,0.004434589800443459,False
sweep: 4h return < -25 bp,10,9,9,1520489,0.3373260319764784,0.5218722397860162,0.019673213504723397,0.0022172949002217295,False
sweep: price < VWAP60 - 30 bp,1,9,8,428752,0.09432281855578961,0.5259264096727245,0.019656169692613412,0.0022172949002217295,False
price 30 bp+ below 60-min VWAP,1,9,8,428752,0.09432281855578961,0.5259264096727245,0.019656169692613412,0.0022172949002217295,False
taker buying 60 pct+ of last 15 min,5,9,9,504480,0.11551628179619537,0.4827941642879797,-0.019510486403688132,0.0022172949002217295,False
sweep: taker buy share > 0.2 (15 min),5,9,9,504480,0.11551628179619537,0.4827941642879797,-0.019510486403688132,0.0022172949002217295,False
sweep: RSI14 > 80,1,9,8,25400,0.005670165661740425,0.4921259842519685,-0.019397957118433173,0.06651884700665188,False
sweep: 4h return > +25 bp,10,9,9,1611759,0.3567559059147065,0.48345503266927625,-0.01888752246304115,0.0022172949002217295,False
sweep: taker sell share > 0.1 (15 min),5,9,9,1214047,0.2724094774256258,0.5200086981805482,0.017917486108994685,0.0022172949002217295,True
sweep: RSI60 > 55,1,9,9,732014,0.16291545863122442,0.49165453119749075,-0.01783934271328641,0.0022172949002217295,False
sweep: taker buy share > 0.1 (15 min),5,9,9,1095249,0.24687932922190628,0.48456469716018913,-0.01777589184425865,0.0022172949002217295,False
sweep: taker sell share > 0.3 (15 min),3,9,9,241347,0.05590814799797626,0.5209345879584167,0.017499318849908185,0.0022172949002217295,False
sweep: EMA9 < EMA21 - 10 bp,1,9,7,336193,0.0738745156171163,0.5235504605985253,0.017372202021981975,0.0022172949002217295,False
EMA9 below EMA21 by 10 bp,1,9,7,336193,0.0738745156171163,0.5235504605985253,0.017372202021981975,0.0022172949002217295,False
sweep: previous window down,5,9,9,2240861,0.49760805058746693,0.5189728412427188,0.016913976940836184,0.0022172949002217295,True
previous window down,5,9,9,2240861,0.49760805058746693,0.5189728412427188,0.016913976940836184,0.0022172949002217295,True
sweep: taker sell share > 0.2 (15 min),3,9,9,564442,0.1285607239569196,0.520204024505618,0.01684907036005423,0.0022172949002217295,False
taker selling 60 pct+ of last 15 min,3,9,9,564442,0.1285607239569196,0.520204024505618,0.01684907036005423,0.0022172949002217295,False
previous window up,5,9,9,2264089,0.5023919494125331,0.4853545951594659,-0.016740451140224044,0.0022172949002217295,True
sweep: previous window up,5,9,9,2264089,0.5023919494125331,0.4853545951594659,-0.016740451140224044,0.0022172949002217295,True
sweep: range position > 0.85,1,9,9,571005,0.12679440497492167,0.49361389129692385,-0.01563868153050957,0.0022172949002217295,False
sweep: range position > 0.90,1,9,8,337836,0.07504005101010655,0.49406812773061487,-0.01548514265201123,0.0022172949002217295,False
sweep: range position < 0.05,1,9,8,110297,0.024807284178314612,0.5261339836985593,0.015464680772214412,0.0066518847006651885,False
sweep: range position < 0.1,1,9,7,248065,0.055647399469919284,0.5252292745852901,0.015174069881067509,0.0022172949002217295,False
sweep: 4h return < -50 bp,5,9,9,1058815,0.23452822197456508,0.5166067726656687,0.014856068662304933,0.0022172949002217295,False
4h return below -50 bp,5,9,9,1058815,0.23452822197456508,0.5166067726656687,0.014856068662304933,0.0022172949002217295,False
sweep: taker sell share > 0.1 (15 min),3,9,9,1214052,0.2724094307356619,0.5178171939916907,0.014742809526990808,0.0022172949002217295,False
sweep: 4h return > +50 bp,5,9,9,1124573,0.24842876615843373,0.48735030985093897,-0.014548588183108113,0.0022172949002217295,False
4h return above +50 bp,5,9,9,1124573,0.24842876615843373,0.48735030985093897,-0.014548588183108113,0.0022172949002217295,False
sweep: RSI60 < 45,1,9,8,678414,0.15149015398696491,0.524003042390045,0.01447093944792932,0.0022172949002217295,False
sweep: 4h return < -100 bp,5,9,9,574290,0.12648410434706553,0.5159083389924951,0.014322785721166409,0.0022172949002217295,False
low volatility (vol60 in bottom decile),1,9,9,973930,0.2127102092145226,0.5241064552893945,0.014315134855203526,0.0022172949002217295,False
sweep: 4h return > +100 bp,5,9,9,599588,0.13191765073011588,0.48760148635396305,-0.014154494983344867,0.04656319290465632,False
trade count last 5 min 3x average,30,9,8,115317,0.025941507909402986,0.5190041364239444,0.014066140673115068,0.21286031042128603,False
sweep: OBV falling,1,9,8,239577,0.05450770320037738,0.5244368198950651,0.01405995654218506,0.0066518847006651885,False
OBV falling over 60 min,1,9,8,239577,0.05450770320037738,0.5244368198950651,0.01405995654218506,0.0066518847006651885,False
sweep: range position < 0.15,1,9,7,428339,0.0959324881476882,0.5236459906756097,0.013931713026535286,0.0022172949002217295,False
three windows up in a row,1,9,8,501329,0.11121975897042827,0.49560867214942683,-0.013517263041141314,0.0022172949002217295,False
taker buying 60 pct+ of last 15 min,3,9,9,504480,0.1155157939300503,0.48975182366000636,-0.013431503389908506,0.0022172949002217295,False
sweep: taker buy share > 0.2 (15 min),3,9,9,504480,0.1155157939300503,0.48975182366000636,-0.013431503389908506,0.0022172949002217295,False
sweep: 4h return < -25 bp,5,9,9,1520508,0.337327160431291,0.5151482267768404,0.013258662779796038,0.0022172949002217295,False
sweep: taker buy share > 0.1 (15 min),3,9,9,1095253,0.2468793641385174,0.489810116931887,-0.013229876445990552,0.0022172949002217295,False
trade count last 5 min 3x average,15,9,8,115317,0.025940703707731515,0.5160557419981442,0.013081029966529933,0.13082039911308205,False
sweep: taker sell share > 0.3 (15 min),1,9,8,241347,0.05590790785779382,0.5270378334928547,0.013045841669263591,0.0022172949002217295,False
sweep: 4h return > +25 bp,5,9,9,1611770,0.3567546815722995,0.4889971894252902,-0.013020540937739689,0.0022172949002217295,False
previous window down,3,9,9,2240870,0.49760805622105564,0.5154636368910289,0.012709350343800052,0.0022172949002217295,False
sweep: previous window down,3,9,9,2240870,0.49760805622105564,0.5154636368910289,0.012709350343800052,0.0022172949002217295,False
sweep: price < VWAP60 - 15 bp,1,9,8,951046,0.21019649108260208,0.5201346727708228,0.012705446660939534,0.0022172949002217295,False
OBV rising over 60 min,1,9,9,200989,0.04572765354315898,0.49808198458622116,-0.012704601865784204,0.004434589800443459,False
sweep: OBV rising,1,9,9,200989,0.04572765354315898,0.49808198458622116,-0.012704601865784204,0.004434589800443459,False
sweep: range position > 0.95,1,9,8,151420,0.03364798125346018,0.4974375908070268,-0.012625061296239026,0.0022172949002217295,False
sweep: previous window up,3,9,9,2264098,0.5023919437789444,0.49019388736706626,-0.012578961646055542,0.0022172949002217295,False
previous window up,3,9,9,2264098,0.5023919437789444,0.49019388736706626,-0.012578961646055542,0.0022172949002217295,False
trade count last 5 min 3x average,10,9,7,115317,0.025940435651883895,0.5143040488392865,0.012148700270819823,0.1352549889135255,False
sweep: taker buy share > 0.3 (15 min),3,9,7,206993,0.04832083198668102,0.491137381457344,-0.012029541865433813,0.0066518847006651885,False
4h return above +50 bp,3,9,9,1124576,0.24842841449518005,0.49077785761033493,-0.011662384268298964,0.0022172949002217295,False
sweep: 4h return > +50 bp,3,9,9,1124576,0.24842841449518005,0.49077785761033493,-0.011662384268298964,0.0022172949002217295,False
upper quarter of 4h range,1,9,9,1099656,0.2440884515399884,0.4973637210182093,-0.011658463219159587,0.0022172949002217295,False
MACD histogram positive,30,9,9,2237871,0.4966405785641842,0.49374293692531873,-0.011409701256838656,0.0022172949002217295,False
sweep: MACD hist > 0,30,9,9,2237871,0.4966405785641842,0.49374293692531873,-0.011409701256838656,0.0022172949002217295,False
sweep: MACD hist < 0,30,9,9,2266854,0.5033594214358157,0.5163998210736113,0.01126382182590624,0.0022172949002217295,False
MACD histogram negative,30,9,9,2266854,0.5033594214358157,0.5163998210736113,0.01126382182590624,0.0022172949002217295,False
sweep: 4h return > +100 bp,3,9,9,599588,0.1319171223810149,0.4910605282293842,-0.011124472515594785,0.031042128603104215,False
taker selling 60 pct+ of last 15 min,1,9,8,564445,0.12856082669738514,0.5234681855628095,0.010969787356938765,0.0022172949002217295,False
sweep: taker sell share > 0.2 (15 min),1,9,8,564445,0.12856082669738514,0.5234681855628095,0.010969787356938765,0.0022172949002217295,False
MACD histogram positive,15,9,9,2237948,0.49664281444700087,0.49238588206696493,-0.010821809685364447,0.0022172949002217295,False
sweep: MACD hist > 0,15,9,9,2237948,0.49664281444700087,0.49238588206696493,-0.010821809685364447,0.0022172949002217295,False
sweep: MACD hist < 0,15,9,9,2266912,0.5033571855529991,0.513867322595672,0.01068354102044633,0.0022172949002217295,False
MACD histogram negative,15,9,9,2266912,0.5033571855529991,0.513867322595672,0.01068354102044633,0.0022172949002217295,False
Asia early (0-3 UTC),30,9,9,750052,0.16650744596600042,0.4945150469567443,-0.010626576119625919,0.4124168514412417,False
MACD histogram positive,5,9,9,2237998,0.49664414255342504,0.49158801750493075,-0.010499409825597383,0.0022172949002217295,False
sweep: MACD hist > 0,5,9,9,2237998,0.49664414255342504,0.49158801750493075,-0.010499409825597383,0.0022172949002217295,False
sweep: MACD hist > 0,10,9,9,2237972,0.49664309996524736,0.49197219625625344,-0.010399849210761203,0.0022172949002217295,False
MACD histogram positive,10,9,9,2237972,0.49664309996524736,0.49197219625625344,-0.010399849210761203,0.0022172949002217295,False
MACD histogram negative,5,9,9,2266952,0.503355857446575,0.5124321114871422,0.010365309098237407,0.0022172949002217295,False
sweep: MACD hist < 0,5,9,9,2266952,0.503355857446575,0.5124321114871422,0.010365309098237407,0.0022172949002217295,False
volume last 5 min 3x the daily average,15,9,6,181724,0.040715150529221526,0.5133829323589619,0.010362593701281453,0.015521064301552107,False
sweep: MACD hist < 0,10,9,9,2266933,0.5033569000347528,0.5126088861029418,0.010266986866354522,0.0022172949002217295,False
MACD histogram negative,10,9,9,2266933,0.5033569000347528,0.5126088861029418,0.010266986866354522,0.0022172949002217295,False
sweep: 4h return > +25 bp,3,9,9,1611776,0.35675453969421456,0.49257837317344344,-0.010040121633306365,0.0022172949002217295,False
lower quarter of 4h range,1,9,7,872592,0.1948744371089585,0.519396235583182,0.010020283537289898,0.0022172949002217295,False
three windows down in a row,1,9,7,485255,0.10790793393021865,0.5192053662507341,0.010017889218104647,0.0022172949002217295,False
volume last 5 min 3x the daily average,30,9,7,181724,0.04071640610683563,0.5149292333428717,0.009963642862495403,0.10643015521064302,False
sweep: 4h return > +100 bp,1,9,9,599590,0.1319170250226731,0.4969095548624894,-0.009928764863607109,0.0022172949002217295,False
two windows up in a row,1,9,8,1083956,0.2404771560472686,0.49916694035551257,-0.009885437602442648,0.0022172949002217295,False
sweep: two windows up,1,9,8,1083956,0.2404771560472686,0.49916694035551257,-0.009885437602442648,0.0022172949002217295,False
sweep: 4h return < -50 bp,3,9,9,1058818,0.23452790833418918,0.5121012298619781,0.009790722967749743,0.0022172949002217295,False
4h return below -50 bp,3,9,9,1058818,0.23452790833418918,0.5121012298619781,0.009790722967749743,0.0022172949002217295,False
trade count last 5 min 3x average,5,9,7,115317,0.02594016760172406,0.5118412723189122,0.00976525954903873,0.18625277161862527,False
high volatility (vol60 in top decile),30,9,7,406011,0.09080869051179416,0.5141978911901401,0.009538185821327927,0.9933481152993349,False
weekend,1,9,8,1288191,0.2860263029386652,0.5183439412323173,0.009313619214921243,0.0022172949002217295,False
volume last 5 min 3x the daily average,5,9,7,181724,0.040714313521587504,0.5113853976359755,0.009300656811752184,0.08869179600886919,False
volume last 5 min 3x the daily average,10,9,5,181724,0.040714732020993835,0.5114844489445532,0.009274977935640916,0.06430155210643015,False
sweep: 4h return < -100 bp,3,9,8,574290,0.12648359704376066,0.5112991694091835,0.009259747239274807,0.004434589800443459,False
price at 4h high (rangepos >= 0.98),1,9,6,64692,0.014368997111835887,0.5016539912199345,-0.00900367657615253,0.004434589800443459,False
4h return above +50 bp,1,9,9,1124579,0.24842806283507965,0.4987893247161827,-0.008991296982140573,0.0022172949002217295,False
sweep: 4h return > +50 bp,1,9,9,1124579,0.24842806283507965,0.4987893247161827,-0.008991296982140573,0.0022172949002217295,False
sweep: 4h return < -25 bp,3,9,9,1520514,0.3373272735654772,0.5113428748436384,0.00882218676465174,0.0022172949002217295,False
high volatility (vol60 in top decile),1,9,8,406011,0.09080328996319621,0.4985997916312612,-0.008569234480144239,0.0066518847006651885,False
sweep: taker sell share > 0.1 (15 min),1,9,8,1214056,0.27240916298349754,0.519158094849002,0.008527760007234875,0.0022172949002217295,False
MACD histogram positive,3,9,9,2238006,0.49664385047661264,0.4942810698452104,-0.00848742131939545,0.0022172949002217295,False
sweep: MACD hist > 0,3,9,9,2238006,0.49664385047661264,0.4942810698452104,-0.00848742131939545,0.0022172949002217295,False
sweep: MACD hist < 0,3,9,9,2266962,0.5033561495233873,0.511137813514298,0.008379011133549996,0.0022172949002217295,False
MACD histogram negative,3,9,9,2266962,0.5033561495233873,0.511137813514298,0.008379011133549996,0.0022172949002217295,False
two windows down in a row,1,9,7,1060719,0.23569166263222557,0.5174508988714259,0.008348803058571552,0.0022172949002217295,False
sweep: two windows down,1,9,7,1060719,0.23569166263222557,0.5174508988714259,0.008348803058571552,0.0022172949002217295,False
sweep: more trades than usual (nratio5 > 1.5),15,9,6,619783,0.13880726289354775,0.5101333853945655,0.0072416886194242025,0.07982261640798226,False
sweep: 4h return > +25 bp,1,9,9,1611782,0.3567543978178703,0.501420167243461,-0.006961348192879191,0.0022172949002217295,False
high volatility (vol60 in top decile),15,9,7,406011,0.09080589704241653,0.5094911221617149,0.006871811048743348,0.9512195121951219,False
volume last 5 min 3x the daily average,3,9,7,181724,0.04071414612429489,0.509679513988246,0.00672335344876096,0.10421286031042129,False
sweep: more trades than usual (nratio5 > 1.5),1,9,6,619785,0.13880370289343733,0.5032825899303791,-0.006483675541118283,0.0022172949002217295,False
sweep: more trades than usual (nratio5 > 1.5),30,9,8,619783,0.13881154084487904,0.5113418728813149,0.006473681782551477,0.43680709534368073,False
sweep: more trades than usual (nratio5 > 1.5),10,9,6,619785,0.13880626948802227,0.5082972321046815,0.006226065325211416,0.12195121951219512,False
trade count last 5 min 3x average,3,9,6,115317,0.025940060383252663,0.5091963890840032,0.006183877721348874,0.1662971175166297,False
Asia early (0-3 UTC),15,9,8,750052,0.16650237737803772,0.497100201052727,-0.0060930821828083515,1.0,False
high volatility (vol60 in top decile),10,9,7,406011,0.09080496592508751,0.5068360216841415,0.005599620746812972,0.926829268292683,False
trade count last 5 min 3x average,1,9,6,115317,0.025939953165691275,0.5051813696159283,-0.005262009600226714,0.25055432372505543,False
previous window down,1,9,8,2240880,0.49760827769992044,0.5138271571882475,0.004796965470812098,0.0022172949002217295,False
sweep: previous window down,1,9,8,2240880,0.49760827769992044,0.5138271571882475,0.004796965470812098,0.0022172949002217295,False
previous window up,1,9,8,2264106,0.5023917223000796,0.5042595178847633,-0.0047477565026697865,0.0022172949002217295,False
sweep: previous window up,1,9,8,2264106,0.5023917223000796,0.5042595178847633,-0.0047477565026697865,0.0022172949002217295,False
sweep: taker buy share > 0.1 (15 min),1,9,7,1095258,0.2468796145465757,0.5053129034437548,-0.004617445742318371,0.0022172949002217295,False
low volatility (vol60 in bottom decile),3,9,8,973924,0.21270976999637795,0.50740612203827,0.004439099661164292,0.07538802660753881,False
Asia early (0-3 UTC),10,9,8,750052,0.16650068791872893,0.49797214059825184,-0.004382891141135825,1.0,False
sweep: more trades than usual (nratio5 > 1.5),5,9,6,619785,0.13880484359012998,0.5060754939212792,0.00413611999521224,0.11086474501108648,False
ADX14 above 30 (trending),30,9,6,1220218,0.2719866599901846,0.5088287502724923,0.0038139447653864345,0.2261640798226164,False
Asia early (0-3 UTC),5,9,8,750052,0.1664989984944244,0.4987894172670695,-0.003286850922816109,1.0,False
ADX14 above 30 (trending),15,9,7,1220261,0.27198758599642053,0.5063080767147357,0.0032414991098297374,0.2328159645232816,False
ADX14 below 15 (ranging),15,9,6,591495,0.13085118639421206,0.500095520672195,-0.003141102693123732,0.975609756097561,False
weekend,3,9,8,1288187,0.28602661733004564,0.5058885084230783,0.0031244091673454655,0.1973392461197339,False
Asia early (0-3 UTC),3,9,8,750052,0.16649832273450346,0.49971201996661563,-0.003052202611736776,0.8869179600886918,False
MACD histogram positive,1,9,6,2238014,0.49664355078376826,0.5060245378268411,-0.0029886321130139226,0.0022172949002217295,False
sweep: MACD hist > 0,1,9,6,2238014,0.49664355078376826,0.5060245378268411,-0.0029886321130139226,0.0022172949002217295,False
sweep: MACD hist < 0,1,9,6,2266972,0.5033564492162318,0.5119745634264561,0.0029504557223356542,0.0022172949002217295,False
MACD histogram negative,1,9,6,2266972,0.5033564492162318,0.5119745634264561,0.0029504557223356542,0.0022172949002217295,False
US afternoon (14-17 UTC),15,9,6,751526,0.16682225128290212,0.5058733829568105,0.0026776639160225324,1.0,False
US afternoon (14-17 UTC),1,9,6,751526,0.16681751213868362,0.5064043027120818,-0.0026101192143251906,0.08869179600886919,False
ADX14 above 30 (trending),10,9,7,1220269,0.2719865261071379,0.5048894956767729,0.0026061030603184987,0.1973392461197339,False
Asia early (0-3 UTC),1,9,9,750052,0.166497646980183,0.5065702111320282,-0.0024541231470764924,0.9600886917960089,False
US afternoon (14-17 UTC),30,9,7,751526,0.16682732924249974,0.5075286816424183,0.0023842983207436053,0.8736141906873615,False
taker buying 60 pct+ of last 15 min,1,9,7,504483,0.11551604524309078,0.5086355734484611,-0.0023799522654504024,0.19955654101995565,False
sweep: taker buy share > 0.2 (15 min),1,9,7,504483,0.11551604524309078,0.5086355734484611,-0.0023799522654504024,0.19955654101995565,False
US afternoon (14-17 UTC),10,9,5,751526,0.1668205586998371,0.5047290446371783,0.0023727714151974277,1.0,False
volume last 5 min 3x the daily average,1,9,6,181724,0.04071397872841362,0.5077204992185952,-0.0023452346095915733,0.1973392461197339,False
ADX14 above 30 (trending),5,9,7,1220270,0.2719839670140538,0.5043072434789022,0.002242539277937272,0.22394678492239467,False
high volatility (vol60 in top decile),5,9,6,406011,0.09080403482732252,0.5033090236471426,0.0020741579922033404,0.7871396895787139,False
sweep: more trades than usual (nratio5 > 1.5),3,9,6,619785,0.13880427323938135,0.5048299006913688,0.002017917268204772,0.04878048780487805,False
ADX14 above 30 (trending),3,9,7,1220270,0.2719828568894038,0.5047464905307841,0.0018798672128109706,0.1286031042128603,False
low volatility (vol60 in bottom decile),5,9,7,973918,0.21270933077512702,0.5041861840524562,0.0018205137165084873,0.7760532150776053,False
low volatility (vol60 in bottom decile),30,9,7,973850,0.2127053112249877,0.5033773168352416,-0.0017790317736350314,1.0,False
US afternoon (14-17 UTC),5,9,5,751526,0.16681886615183728,0.503697809523556,0.0016216935242570063,1.0,False
ADX14 below 15 (ranging),10,9,6,591504,0.13085221272546851,0.5007540101165842,-0.0015931744440405016,1.0,False
US afternoon (14-17 UTC),3,9,6,751526,0.16681818914245533,0.5041888105002356,0.0014266938688585196,0.9955654101995566,False
weekend,5,9,5,1288183,0.2860269317245994,0.5034626291450827,0.0013865063332031413,0.49002217294900224,False
ADX14 below 15 (ranging),30,9,6,591490,0.1308540770796145,0.5038310030600687,-0.0013623825778370513,0.9866962305986696,False
sweep: 4h return < -100 bp,1,9,5,574290,0.12648308974459024,0.5056626443086245,-0.0010365363652197201,0.031042128603104215,False
sweep: larger trades than usual (size5 > 1.2),10,9,5,805707,0.18044723443426414,0.5009823670391346,-0.0009989450000558175,1.0,False
ADX14 below 15 (ranging),3,9,5,591516,0.13085366309929716,0.501663522203964,-0.0009357884535395877,1.0,False
sweep: taker buy share > 0.3 (15 min),1,9,5,206994,0.048320940499518614,0.512792641332599,0.0009310600338751085,0.1197339246119734,False
ADX14 below 15 (ranging),5,9,5,591514,0.13085355656325504,0.5011580452871783,-0.0008573756620133821,1.0,False
sweep: larger trades than usual (size5 > 1.2),1,9,6,805741,0.18045211660828758,0.5089799327575486,-0.0008130907788261865,0.2838137472283814,False
ADX14 above 30 (trending),1,9,5,1220270,0.27198174677402304,0.5104870233636818,0.0008093362653355252,0.753880266075388,False
low volatility (vol60 in bottom decile),15,9,6,973886,0.21270670291995852,0.5025228825550424,-0.0007868047658142752,1.0,False
sweep: larger trades than usual (size5 > 1.2),5,9,5,805728,0.18045039402866195,0.5011939513086302,-0.0006704467728402275,1.0,False
sweep: 4h return < -25 bp,1,9,4,1520520,0.33732738669728296,0.5088318469997106,0.0005171880174434929,0.0022172949002217295,False
weekend,30,9,5,1288133,0.28603086192430494,0.5046419896082159,-0.0004958824291934061,1.0,False
ADX14 below 15 (ranging),1,9,5,591518,0.13085376963243178,0.5078560584800462,-0.00039663180273508125,0.656319290465632,False
sweep: larger trades than usual (size5 > 1.2),3,9,6,805734,0.18045114757569633,0.5023965725661322,-0.0003677898729276263,1.0,False
sweep: larger trades than usual (size5 > 1.2),15,9,4,805690,0.18044493056629482,0.5025034442527523,-0.0003615954990352499,1.0,False
low volatility (vol60 in bottom decile),10,9,5,973901,0.212707801010284,0.502667108874516,-0.0003228504508682173,1.0,False
high volatility (vol60 in top decile),3,9,5,406011,0.09080366239369432,0.5017228597254754,-0.00028169581125847554,0.3237250554323725,False
weekend,10,9,5,1288173,0.2860277177248684,0.5026164963867431,0.00026078022446207605,1.0,False
sweep: larger trades than usual (size5 > 1.2),30,9,5,805661,0.18044297885480104,0.5046253945518028,-0.00025730538379342693,1.0,False
weekend,15,9,4,1288163,0.2860285037449726,0.5030240738167452,-0.0001666207867679903,1.0,False
sweep: 4h return < -50 bp,1,9,5,1058822,0.2345278055178185,0.5076093998802442,-1.1781647141662077e-05,0.06651884700665188,False
4h return below -50 bp,1,9,5,1058822,0.2345278055178185,0.5076093998802442,-1.1781647141662077e-05,0.06651884700665188,False
