pattern,horizon,dev_print,dev_vwap,years,years_same_sign_vwap,retained
4h return above +50 bp,1,-0.011758506618271549,0.0,9.0,0.0,-0.0
4h return above +50 bp,3,-0.015614012319983599,-0.012101069752795037,9.0,9.0,0.7750134625747336
4h return above +50 bp,5,-0.01960129741840575,-0.018125598761994002,9.0,9.0,0.9247142357512489
4h return above +50 bp,10,-0.02797146448781504,-0.028077246294728,9.0,9.0,1.0037817757793497
4h return above +50 bp,15,-0.033679359976960505,-0.03369129438797708,9.0,9.0,1.0003543538542519
4h return above +50 bp,30,-0.0424027547310147,-0.043533812334526314,9.0,9.0,1.0266741538536015
4h return below -50 bp,1,0.000224438795566774,0.0,9.0,0.0,0.0
4h return below -50 bp,3,0.013032489376678839,0.0120896004776834,9.0,9.0,0.9276508983247127
4h return below -50 bp,5,0.019657434561315502,0.018702583227649575,9.0,9.0,0.9514254349575701
4h return below -50 bp,10,0.029646280086411663,0.029552897808394048,9.0,9.0,0.9968501182021681
4h return below -50 bp,15,0.03593061616742422,0.035754552927360586,9.0,9.0,0.9950999103593648
4h return below -50 bp,30,0.04435068636270443,0.04542861709471185,9.0,9.0,1.0243047136450605
ADX14 above 30 (trending),1,0.001151810019373533,0.0,9.0,0.0,0.0
ADX14 above 30 (trending),3,0.0025826444284025624,0.0015757560539172797,9.0,7.0,0.6101327912537804
ADX14 above 30 (trending),5,0.003079191229003338,0.0023361042724936304,9.0,8.0,0.7586746319908726
ADX14 above 30 (trending),10,0.003555314794747963,0.003469822739445679,9.0,7.0,0.9759537311777354
ADX14 above 30 (trending),15,0.004443535654528603,0.0042547937677406365,9.0,7.0,0.957524390156381
ADX14 above 30 (trending),30,0.00520639869881093,0.005662886647235197,9.0,7.0,1.0876782541699164
ADX14 below 15 (ranging),1,-0.0004578376312791794,0.0,9.0,0.0,-0.0
ADX14 below 15 (ranging),3,-0.0010703415209908022,-0.00014022331309847087,9.0,3.0,0.1310080103859447
ADX14 below 15 (ranging),5,-0.0009804465856551056,-0.0006696508140936516,9.0,5.0,0.6830059116848376
ADX14 below 15 (ranging),10,-0.0018538951427099412,-0.002177098917962858,9.0,5.0,1.1743376784409025
ADX14 below 15 (ranging),15,-0.0036347814490588558,-0.0034807362203846436,9.0,6.0,0.9576191221306858
ADX14 below 15 (ranging),30,-0.001553028167185475,-0.0017420672634912337,9.0,6.0,1.121722902584794
Asia early (0-3 UTC),1,-0.0029442746352659455,0.0,9.0,0.0,-0.0
Asia early (0-3 UTC),3,-0.0036614942042956914,-0.0031156098741189566,9.0,8.0,0.8509121414049217
Asia early (0-3 UTC),5,-0.0039429940830864535,-0.0036697445417573546,9.0,7.0,0.930699986971523
Asia early (0-3 UTC),10,-0.005257701142717632,-0.004920595987608305,9.0,8.0,0.9358835456868356
Asia early (0-3 UTC),15,-0.007309534584342097,-0.007334669097289824,9.0,8.0,1.0034385927937968
Asia early (0-3 UTC),30,-0.012748560529578517,-0.012564941613554153,9.0,9.0,0.9855968902843312
EMA9 above EMA21 by 10 bp,1,-0.030690144595377698,0.0,9.0,0.0,-0.0
EMA9 above EMA21 by 10 bp,3,-0.044142144079475,-0.041603404695853115,9.0,9.0,0.9424871755424691
EMA9 above EMA21 by 10 bp,5,-0.05189719033273334,-0.05225125213073018,9.0,9.0,1.0068223692983533
EMA9 above EMA21 by 10 bp,10,-0.05275941069451428,-0.05542999171338134,9.0,9.0,1.050618097960384
EMA9 above EMA21 by 10 bp,15,-0.05331125172042553,-0.05476295197131484,9.0,9.0,1.0272306540184482
EMA9 above EMA21 by 10 bp,30,-0.0489135596746836,-0.05133170296209334,9.0,9.0,1.049437074371451
EMA9 below EMA21 by 10 bp,1,0.01930855713468229,0.0,9.0,0.0,0.0
EMA9 below EMA21 by 10 bp,3,0.04190064956553725,0.04068823049820704,9.0,9.0,0.9710644326543469
EMA9 below EMA21 by 10 bp,5,0.0518883198662709,0.052161749624245385,9.0,9.0,1.0052695820307767
EMA9 below EMA21 by 10 bp,10,0.057563941800951875,0.06000267845884017,9.0,9.0,1.0423656994568078
EMA9 below EMA21 by 10 bp,15,0.05891630762062945,0.060893049067298234,9.0,9.0,1.033551685882919
EMA9 below EMA21 by 10 bp,30,0.05926853193368416,0.061846838747301444,9.0,9.0,1.0435021204254251
MACD histogram negative,1,0.005955362487911607,0.0,9.0,0.0,0.0
MACD histogram negative,3,0.016851316421159793,0.0204982498844852,9.0,9.0,1.2164183125032322
MACD histogram negative,5,0.020840553389610935,0.02583375126244431,9.0,9.0,1.239590464777317
MACD histogram negative,10,0.02063757299502032,0.025722352019384127,9.0,9.0,1.2463845446163035
MACD histogram negative,15,0.021498227098518924,0.02573654079721721,9.0,9.0,1.1971471265642308
MACD histogram negative,30,0.022694982036225258,0.025471244596857973,9.0,9.0,1.1223293570447117
MACD histogram positive,1,-0.005924062634227934,0.0,9.0,0.0,-0.0
MACD histogram positive,3,-0.01688304446511755,-0.020535081736307373,9.0,9.0,1.2163139046832094
MACD histogram positive,5,-0.020890569810033576,-0.025898085057287478,9.0,9.0,1.23970218585655
MACD histogram positive,10,-0.020697644874801267,-0.025803486979212094,9.0,9.0,1.2466871054796689
MACD histogram positive,15,-0.021514461849800035,-0.02577016755688389,9.0,9.0,1.1978067467731437
MACD histogram positive,30,-0.022654425415213123,-0.025441356395628403,9.0,9.0,1.123019274571571
OBV falling over 60 min,1,0.014898978052049799,0.0,9.0,0.0,0.0
OBV falling over 60 min,3,0.02980196259940798,0.03088063053686923,9.0,9.0,1.0361945269162467
OBV falling over 60 min,5,0.03691864674522807,0.037946777136993605,9.0,9.0,1.0278485394890164
OBV falling over 60 min,10,0.044670589025195995,0.04638245507306104,9.0,9.0,1.038321994073091
OBV falling over 60 min,15,0.05020128914324702,0.05146745813980725,9.0,9.0,1.0252218422707686
OBV falling over 60 min,30,0.053171053667907184,0.054695691697600024,9.0,9.0,1.0286742113333947
OBV rising over 60 min,1,-0.013357352632704876,0.0,9.0,0.0,-0.0
OBV rising over 60 min,3,-0.026985197985947132,-0.02607774007663607,9.0,9.0,0.9663720121755774
OBV rising over 60 min,5,-0.0340496262166497,-0.034015294587360405,9.0,9.0,0.998991717880518
OBV rising over 60 min,10,-0.042939591238814245,-0.043299959077100394,9.0,9.0,1.0083924375591262
OBV rising over 60 min,15,-0.046556515263844876,-0.047739001854398055,9.0,9.0,1.0253989497249052
OBV rising over 60 min,30,-0.050805825804159585,-0.052894025620083406,9.0,9.0,1.0411015820109524
RSI14 above 70,1,-0.02803435098601793,0.0,9.0,0.0,-0.0
RSI14 above 70,3,-0.05595048931959314,-0.06009093540017046,9.0,9.0,1.0740019637170068
RSI14 above 70,5,-0.06595733097449966,-0.07151794701202811,9.0,9.0,1.0843062621754402
RSI14 above 70,10,-0.06841811365526808,-0.07426983086676224,9.0,9.0,1.0855287715323263
RSI14 above 70,15,-0.06640138678095053,-0.07100286898466522,9.0,9.0,1.0692979834727605
RSI14 above 70,30,-0.06240531022736254,-0.0670558425033575,9.0,9.0,1.0745214190755816
RSI14 below 30,1,0.03960897092213112,0.0,9.0,0.0,0.0
RSI14 below 30,3,0.0669225364531593,0.06678593357691434,9.0,9.0,0.9979587911115626
RSI14 below 30,5,0.07432706092728109,0.07770003727538496,9.0,9.0,1.0453801927053712
RSI14 below 30,10,0.07490620830346179,0.07887255113991665,9.0,9.0,1.0529507890772727
RSI14 below 30,15,0.07096331464019755,0.07448450446510604,9.0,9.0,1.0496198612305787
RSI14 below 30,30,0.07019011735869621,0.07310763579499138,9.0,9.0,1.0415659432706976
RSI60 above 65,1,-0.026720687627999257,0.0,9.0,0.0,-0.0
RSI60 above 65,3,-0.03450967601064243,-0.03955897110625428,9.0,9.0,1.1463153433852784
RSI60 above 65,5,-0.04043663935754024,-0.04199429823793637,9.0,9.0,1.0385209776367252
RSI60 above 65,10,-0.035776739855408614,-0.04124999836578142,9.0,9.0,1.1529837132308012
RSI60 above 65,15,-0.03156396988251198,-0.03540810789712514,9.0,8.0,1.1217887999805438
RSI60 above 65,30,-0.029953485854403973,-0.03447081149168113,9.0,7.0,1.1508113499455352
RSI60 below 35,1,0.03475170926312394,0.0,9.0,0.0,0.0
RSI60 below 35,3,0.057250967036809715,0.05885316265504155,9.0,9.0,1.0279854769475194
RSI60 below 35,5,0.06303318148043092,0.0671289702170823,9.0,9.0,1.064978296199803
RSI60 below 35,10,0.057050867517801473,0.06557915509530596,9.0,9.0,1.1494856774061046
RSI60 below 35,15,0.04963189823792478,0.05455425365684176,9.0,8.0,1.099177254823506
RSI60 below 35,30,0.055282810816070796,0.05912908937958941,9.0,8.0,1.0695745839753954
US afternoon (14-17 UTC),1,-0.0031321455319621217,0.0,9.0,0.0,-0.0
US afternoon (14-17 UTC),3,0.001712725876540983,0.0016587858752484458,9.0,6.0,0.9685063429989893
US afternoon (14-17 UTC),5,0.0019463349508111187,0.002183176528790571,9.0,6.0,1.121685929690956
US afternoon (14-17 UTC),10,0.0028476154264657286,0.003094830680931536,9.0,5.0,1.0868148318653528
US afternoon (14-17 UTC),15,0.0032133406420036432,0.00362953546592563,9.0,6.0,1.1295209161710515
US afternoon (14-17 UTC),30,0.0028618812194494843,0.0031062299141392186,9.0,7.0,1.0853804459210705
above upper Bollinger band,1,-0.02761519062602445,0.0,9.0,0.0,-0.0
above upper Bollinger band,3,-0.04115287788855756,-0.04786705709102301,9.0,9.0,1.163152118319587
above upper Bollinger band,5,-0.0472440972405114,-0.0547067949823966,9.0,9.0,1.1579604263341918
above upper Bollinger band,10,-0.04874300229274657,-0.05752393541590465,9.0,9.0,1.1801475639604737
above upper Bollinger band,15,-0.04824386999027812,-0.05450664575451429,9.0,9.0,1.1298149540138098
above upper Bollinger band,30,-0.051253938857937935,-0.05666444266078002,9.0,9.0,1.1055626928076405
below lower Bollinger band,1,0.030135200681872542,0.0,9.0,0.0,0.0
below lower Bollinger band,3,0.048139689228257204,0.054645742381625347,9.0,9.0,1.1351494631076513
below lower Bollinger band,5,0.04965502588320199,0.05778779535311953,9.0,9.0,1.1637854240383914
below lower Bollinger band,10,0.05134033730518324,0.0578163178846731,9.0,9.0,1.1261382554032433
below lower Bollinger band,15,0.049204279766138524,0.054641332720217616,9.0,9.0,1.11049959434262
below lower Bollinger band,30,0.05245656223376006,0.056996665356295356,9.0,9.0,1.086549764780685
high volatility (vol60 in top decile),1,-0.009887881087731356,0.0,9.0,0.0,-0.0
high volatility (vol60 in top decile),3,-0.0001883661497879837,0.0005836257267545691,9.0,4.0,-3.0983577856821487
high volatility (vol60 in top decile),5,0.002524798057511284,0.0034291809106229724,9.0,6.0,1.3582000748222798
high volatility (vol60 in top decile),10,0.006648225425255841,0.006640312593042604,9.0,7.0,0.9988097828056226
high volatility (vol60 in top decile),15,0.008127731977291492,0.008428776922827931,9.0,7.0,1.037039231408903
high volatility (vol60 in top decile),30,0.01133192900127499,0.011555535986068302,9.0,7.0,1.0197324731533488
last 15 min down more than 2 sd,1,0.037392145161142386,0.0,9.0,0.0,0.0
last 15 min down more than 2 sd,3,0.06272061643264838,0.0643925700291939,9.0,9.0,1.0266571614190194
last 15 min down more than 2 sd,5,0.06776198454964137,0.07194558154294961,9.0,9.0,1.0617395877808655
last 15 min down more than 2 sd,10,0.06444344538354681,0.07026360544819917,9.0,9.0,1.090314228701036
last 15 min down more than 2 sd,15,0.05988124803837046,0.06264239320237752,9.0,9.0,1.0461103476373403
last 15 min down more than 2 sd,30,0.054282635131378286,0.05664453864535651,9.0,8.0,1.0435112169529315
last 15 min up more than 2 sd,1,-0.036832810335772445,0.0,9.0,0.0,-0.0
last 15 min up more than 2 sd,3,-0.0513180638471138,-0.05283947059012991,9.0,9.0,1.0296466123030024
last 15 min up more than 2 sd,5,-0.05597197505525643,-0.059452549254751984,9.0,9.0,1.0621842305199964
last 15 min up more than 2 sd,10,-0.05264043834511695,-0.05737245691821459,9.0,9.0,1.089893221292611
last 15 min up more than 2 sd,15,-0.05175418888230187,-0.05480243303606498,9.0,9.0,1.0588985011569856
last 15 min up more than 2 sd,30,-0.0449934078339847,-0.04860209940673794,9.0,9.0,1.0802048954831
last 5 min down more than 2 sd,1,0.04017928140903603,0.0,9.0,0.0,0.0
last 5 min down more than 2 sd,3,0.057313347890131344,0.061080549230772885,9.0,9.0,1.0657299124780357
last 5 min down more than 2 sd,5,0.05626064633676879,0.062002621385276686,9.0,9.0,1.102060239659125
last 5 min down more than 2 sd,10,0.05057194985287169,0.054906594570705784,9.0,9.0,1.0857124301207453
last 5 min down more than 2 sd,15,0.04736022472990744,0.05073752677680235,9.0,9.0,1.0713109379475174
last 5 min down more than 2 sd,30,0.050511125540978086,0.0540681607786513,9.0,9.0,1.0704208270866484
last 5 min up more than 2 sd,1,-0.03780766783200132,0.0,9.0,0.0,-0.0
last 5 min up more than 2 sd,3,-0.04741218026357654,-0.052975424714954575,9.0,9.0,1.1173378743700568
last 5 min up more than 2 sd,5,-0.05186241898019943,-0.05618880508596803,9.0,9.0,1.0834204456876642
last 5 min up more than 2 sd,10,-0.041396344043219166,-0.047731639578163704,9.0,9.0,1.1530399768716357
last 5 min up more than 2 sd,15,-0.03876767178092434,-0.0434080662562365,9.0,9.0,1.1196975279179768
last 5 min up more than 2 sd,30,-0.040470382746811834,-0.04540979324573648,9.0,9.0,1.1220500070341874
low volatility (vol60 in bottom decile),1,0.019037505501290974,0.0,9.0,0.0,0.0
low volatility (vol60 in bottom decile),3,0.006052289258016679,0.0005129936532579324,9.0,5.0,0.08476026696484089
low volatility (vol60 in bottom decile),5,0.0026067325466862116,0.0013001566226808652,9.0,4.0,0.4987687073358098
low volatility (vol60 in bottom decile),10,-0.0006078665202322943,-0.0002494872821114443,9.0,5.0,0.4104310301809409
low volatility (vol60 in bottom decile),15,-0.0011577827400456686,-0.0009634457198808131,9.0,5.0,0.8321472471102913
low volatility (vol60 in bottom decile),30,-0.002179271195512537,-0.0016685556511637153,9.0,5.0,0.7656484675241587
lower quarter of 4h range,1,0.01238549100298524,0.0,9.0,0.0,0.0
lower quarter of 4h range,3,0.030588853387744527,0.0302933942091967,9.0,9.0,0.9903409528038667
lower quarter of 4h range,5,0.040150699883492534,0.040403496778451634,9.0,9.0,1.006296201453341
lower quarter of 4h range,10,0.052454691507683185,0.05404227358353279,9.0,9.0,1.0302657785265417
lower quarter of 4h range,15,0.05883712964763473,0.06048271148068828,9.0,9.0,1.0279684247499605
lower quarter of 4h range,30,0.06549997802016212,0.0678613844229535,9.0,9.0,1.036052018247464
previous window down,1,0.009563545824338014,0.0,9.0,0.0,0.0
previous window down,3,0.02527709045607499,0.02895280480052226,9.0,9.0,1.1454168291574027
previous window down,5,0.03362759782288276,0.03782068156079023,9.0,9.0,1.1246917415865543
previous window down,10,0.04235183164066764,0.0473806239440121,9.0,9.0,1.1187384844653483
previous window down,15,0.04795867803534786,0.052532809685427166,9.0,9.0,1.0953765165651137
previous window down,30,0.04881851836055696,0.052944438181439075,9.0,9.0,1.0845154658404312
previous window up,1,-0.009527134860388614,0.0,9.0,0.0,-0.0
previous window up,3,-0.025302691149329423,-0.028964367116956862,9.0,9.0,1.1447148821450355
previous window up,5,-0.033685404327303804,-0.03788657912520454,9.0,9.0,1.1247179566877117
previous window up,10,-0.042435412044291784,-0.047478650274507865,9.0,9.0,1.118845039726543
previous window up,15,-0.04806057514712403,-0.05264202889681083,9.0,9.0,1.095326652576711
previous window up,30,-0.04900848626973305,-0.05313969212906287,9.0,9.0,1.0842957245525289
price 30 bp+ above 60-min VWAP,1,-0.031337051857315425,0.0,9.0,0.0,-0.0
price 30 bp+ above 60-min VWAP,3,-0.04518859032916193,-0.04385658368412963,9.0,9.0,0.9705233857633151
price 30 bp+ above 60-min VWAP,5,-0.05328603200819283,-0.05451884545701877,9.0,9.0,1.0231357712774785
price 30 bp+ above 60-min VWAP,10,-0.05528775921463553,-0.05912356340138646,9.0,9.0,1.0693789048649947
price 30 bp+ above 60-min VWAP,15,-0.05497246236405943,-0.058066050034651255,9.0,9.0,1.0562752246771174
price 30 bp+ above 60-min VWAP,30,-0.05114358883897381,-0.054328081236882673,9.0,9.0,1.0622657203024073
price 30 bp+ below 60-min VWAP,1,0.022337352009249172,0.0,9.0,0.0,0.0
price 30 bp+ below 60-min VWAP,3,0.046425540187339256,0.04696535514207273,9.0,9.0,1.0116275427825971
price 30 bp+ below 60-min VWAP,5,0.056636343739661324,0.057838665390645805,9.0,9.0,1.0212288006533607
price 30 bp+ below 60-min VWAP,10,0.06307893921910418,0.06673095457064199,9.0,9.0,1.0578959538119777
price 30 bp+ below 60-min VWAP,15,0.06357205691761941,0.06627431373623523,9.0,9.0,1.0425069904866782
price 30 bp+ below 60-min VWAP,30,0.06268560170796596,0.06558244180361524,9.0,9.0,1.046212208493185
price at 4h high (rangepos >= 0.98),1,-0.009132959591974334,0.0,9.0,0.0,-0.0
price at 4h high (rangepos >= 0.98),3,-0.0379990493073763,-0.042596470050107325,9.0,9.0,1.1209877832874777
price at 4h high (rangepos >= 0.98),5,-0.05338383983663867,-0.061014078138444935,9.0,9.0,1.142931612359766
price at 4h high (rangepos >= 0.98),10,-0.07340811147959274,-0.08091079842713517,9.0,9.0,1.1022051486725435
price at 4h high (rangepos >= 0.98),15,-0.07817004065842599,-0.08326651303828259,9.0,9.0,1.0651972589105625
price at 4h high (rangepos >= 0.98),30,-0.08794575237133453,-0.09466133294360968,9.0,9.0,1.076360488041763
price at 4h low (rangepos <= 0.02),1,0.020200223453491935,0.0,9.0,0.0,0.0
price at 4h low (rangepos <= 0.02),3,0.04835094566599903,0.05040000416162667,9.0,9.0,1.0423788711348527
price at 4h low (rangepos <= 0.02),5,0.06680597577938664,0.06907180512467986,9.0,9.0,1.0339165668768266
price at 4h low (rangepos <= 0.02),10,0.07945438224571352,0.08674842511925718,9.0,9.0,1.0918016435013835
price at 4h low (rangepos <= 0.02),15,0.08108986175286567,0.08898109470051271,9.0,9.0,1.0973146676670487
price at 4h low (rangepos <= 0.02),30,0.08389694636242324,0.08983968665411747,9.0,9.0,1.0708338092071004
sweep: 15-min move < -1.5 sd,1,0.02901930093663879,0.0,9.0,0.0,0.0
sweep: 15-min move < -1.5 sd,3,0.05160718627588765,0.05296241661864369,9.0,9.0,1.0262604966585678
sweep: 15-min move < -1.5 sd,5,0.05975145448660381,0.06267625506851189,9.0,9.0,1.0489494457840154
sweep: 15-min move < -1.5 sd,10,0.05894178903091294,0.06337904026207676,9.0,9.0,1.0752819231332906
sweep: 15-min move < -1.5 sd,15,0.05655758738282946,0.059549121268384214,9.0,9.0,1.052893590833455
sweep: 15-min move < -1.5 sd,30,0.05258488839082105,0.054961935460076015,9.0,9.0,1.0452039957104842
sweep: 15-min move < -2 sd,1,0.037392145161142386,0.0,9.0,0.0,0.0
sweep: 15-min move < -2 sd,3,0.06272061643264838,0.0643925700291939,9.0,9.0,1.0266571614190194
sweep: 15-min move < -2 sd,5,0.06776198454964137,0.07194558154294961,9.0,9.0,1.0617395877808655
sweep: 15-min move < -2 sd,10,0.06444344538354681,0.07026360544819917,9.0,9.0,1.090314228701036
sweep: 15-min move < -2 sd,15,0.05988124803837046,0.06264239320237752,9.0,9.0,1.0461103476373403
sweep: 15-min move < -2 sd,30,0.054282635131378286,0.05664453864535651,9.0,8.0,1.0435112169529315
sweep: 15-min move < -2.5 sd,1,0.045463504087892646,0.0,9.0,0.0,0.0
sweep: 15-min move < -2.5 sd,3,0.06778063408114778,0.07045223513865223,9.0,9.0,1.0394154037317795
sweep: 15-min move < -2.5 sd,5,0.06819656800558545,0.07641216251225831,9.0,9.0,1.120469324878636
sweep: 15-min move < -2.5 sd,10,0.06246189196274776,0.06977165503656156,9.0,9.0,1.1170275642334584
sweep: 15-min move < -2.5 sd,15,0.05501691919321192,0.05788863015053664,9.0,8.0,1.0521968696073232
sweep: 15-min move < -2.5 sd,30,0.051212983673155354,0.05295837875975184,9.0,8.0,1.0340811052473668
sweep: 15-min move < -3 sd,1,0.044937719038192055,0.0,9.0,0.0,0.0
sweep: 15-min move < -3 sd,3,0.0754315015405672,0.07838837135502838,9.0,9.0,1.039199402823381
sweep: 15-min move < -3 sd,5,0.0692732775109699,0.07901226852474005,9.0,9.0,1.140587992422156
sweep: 15-min move < -3 sd,10,0.057440584178274724,0.06438557896075077,9.0,8.0,1.120907453881759
sweep: 15-min move < -3 sd,15,0.04818607165716582,0.049606889513932405,9.0,8.0,1.0294860694782388
sweep: 15-min move < -3 sd,30,0.040583859152443814,0.043777752141719126,9.0,8.0,1.0786986022516536
sweep: 15-min move > +1.5 sd,1,-0.03004774884754092,0.0,9.0,0.0,-0.0
sweep: 15-min move > +1.5 sd,3,-0.04697009762101186,-0.047652378058518706,9.0,9.0,1.014525846699574
sweep: 15-min move > +1.5 sd,5,-0.05340550421127351,-0.0563680321862956,9.0,9.0,1.0554723341493464
sweep: 15-min move > +1.5 sd,10,-0.051696674521817615,-0.05631941056336052,9.0,9.0,1.0894203753781486
sweep: 15-min move > +1.5 sd,15,-0.04986763737935172,-0.0537248413765546,9.0,9.0,1.0773488418522912
sweep: 15-min move > +1.5 sd,30,-0.04675533109907154,-0.04990303775548972,9.0,9.0,1.0673229465480287
sweep: 15-min move > +2 sd,1,-0.036832810335772445,0.0,9.0,0.0,-0.0
sweep: 15-min move > +2 sd,3,-0.0513180638471138,-0.05283947059012991,9.0,9.0,1.0296466123030024
sweep: 15-min move > +2 sd,5,-0.05597197505525643,-0.059452549254751984,9.0,9.0,1.0621842305199964
sweep: 15-min move > +2 sd,10,-0.05264043834511695,-0.05737245691821459,9.0,9.0,1.089893221292611
sweep: 15-min move > +2 sd,15,-0.05175418888230187,-0.05480243303606498,9.0,9.0,1.0588985011569856
sweep: 15-min move > +2 sd,30,-0.0449934078339847,-0.04860209940673794,9.0,9.0,1.0802048954831
sweep: 15-min move > +2.5 sd,1,-0.03797002319153092,0.0,9.0,0.0,-0.0
sweep: 15-min move > +2.5 sd,3,-0.05169654064282484,-0.05647187472343955,9.0,9.0,1.0923724106339694
sweep: 15-min move > +2.5 sd,5,-0.05550816141771596,-0.0585011635074873,9.0,9.0,1.053920036501445
sweep: 15-min move > +2.5 sd,10,-0.045491251807838744,-0.049728360079006176,9.0,9.0,1.093141166769065
sweep: 15-min move > +2.5 sd,15,-0.04452184578870789,-0.048355667489231854,9.0,9.0,1.0861110233101867
sweep: 15-min move > +2.5 sd,30,-0.03920064147783766,-0.04245658407814179,9.0,8.0,1.0830584010250164
sweep: 15-min move > +3 sd,1,-0.03738506710748902,0.0,9.0,0.0,-0.0
sweep: 15-min move > +3 sd,3,-0.046300168427391604,-0.05492439770737015,9.0,9.0,1.18626777337761
sweep: 15-min move > +3 sd,5,-0.050532639731124554,-0.05488181656820918,9.0,9.0,1.0860666860117707
sweep: 15-min move > +3 sd,10,-0.031112583021794447,-0.036709328298402434,9.0,8.0,1.1798868731884926
sweep: 15-min move > +3 sd,15,-0.03004232144111351,-0.03458092610709236,9.0,6.0,1.1510737003089142
sweep: 15-min move > +3 sd,30,-0.025308316061446817,-0.031472467255872445,9.0,6.0,1.243562281246192
sweep: 4h return < -100 bp,1,-0.001014624155674782,0.0,9.0,0.0,-0.0
sweep: 4h return < -100 bp,3,0.01089904047228802,0.010072298047502244,9.0,9.0,0.9241453936346179
sweep: 4h return < -100 bp,5,0.01676848270857835,0.016164759323934567,9.0,8.0,0.9639965407046082
sweep: 4h return < -100 bp,10,0.02575930520967032,0.02598857692196494,9.0,9.0,1.0089005394527704
sweep: 4h return < -100 bp,15,0.03215731192560572,0.032300097107701986,9.0,9.0,1.0044402088839575
sweep: 4h return < -100 bp,30,0.041183695468551884,0.042144726006461394,9.0,9.0,1.0233352186338731
sweep: 4h return < -25 bp,1,0.00098195208222787,0.0,9.0,0.0,0.0
sweep: 4h return < -25 bp,3,0.013462688034367593,0.012767691356380067,9.0,9.0,0.9483760838687388
sweep: 4h return < -25 bp,5,0.02014523947320415,0.019443528819708684,9.0,9.0,0.9651674205993515
sweep: 4h return < -25 bp,10,0.029958865752054246,0.030231784877170226,9.0,9.0,1.0091097949893937
sweep: 4h return < -25 bp,15,0.03662814805961848,0.03652395787343574,9.0,9.0,0.9971554612585612
sweep: 4h return < -25 bp,30,0.04557081222799128,0.0464860120653801,9.0,9.0,1.020083026670889
sweep: 4h return < -50 bp,1,0.000224438795566774,0.0,9.0,0.0,0.0
sweep: 4h return < -50 bp,3,0.013032489376678839,0.0120896004776834,9.0,9.0,0.9276508983247127
sweep: 4h return < -50 bp,5,0.019657434561315502,0.018702583227649575,9.0,9.0,0.9514254349575701
sweep: 4h return < -50 bp,10,0.029646280086411663,0.029552897808394048,9.0,9.0,0.9968501182021681
sweep: 4h return < -50 bp,15,0.03593061616742422,0.035754552927360586,9.0,9.0,0.9950999103593648
sweep: 4h return < -50 bp,30,0.04435068636270443,0.04542861709471185,9.0,9.0,1.0243047136450605
sweep: 4h return > +100 bp,1,-0.011357302613971568,0.0,9.0,0.0,-0.0
sweep: 4h return > +100 bp,3,-0.013071328633192157,-0.010101323229748467,9.0,9.0,0.7727847346824466
sweep: 4h return > +100 bp,5,-0.016676476481655572,-0.01555863184036773,9.0,9.0,0.9329687753574628
sweep: 4h return > +100 bp,10,-0.023582711011909247,-0.02421178576927976,9.0,9.0,1.0266752519272628
sweep: 4h return > +100 bp,15,-0.027969605559984963,-0.028159184989167932,9.0,9.0,1.0067780515808986
sweep: 4h return > +100 bp,30,-0.03502224831417472,-0.03614987707539635,9.0,9.0,1.0321974977478885
sweep: 4h return > +25 bp,1,-0.010619339513317484,0.0,9.0,0.0,-0.0
sweep: 4h return > +25 bp,3,-0.01557217049558137,-0.012258806713911543,9.0,9.0,0.7872253079549829
sweep: 4h return > +25 bp,5,-0.020301776841624927,-0.01857301156426868,9.0,9.0,0.9148466023027235
sweep: 4h return > +25 bp,10,-0.02960438755125437,-0.029668053410050448,9.0,9.0,1.002150554835355
sweep: 4h return > +25 bp,15,-0.035566050221888974,-0.03549963822346771,9.0,9.0,0.9981327136972777
sweep: 4h return > +25 bp,30,-0.045007769515784356,-0.04610913411493449,9.0,9.0,1.0244705438860702
sweep: 4h return > +50 bp,1,-0.011758506618271549,0.0,9.0,0.0,-0.0
sweep: 4h return > +50 bp,3,-0.015614012319983599,-0.012101069752795037,9.0,9.0,0.7750134625747336
sweep: 4h return > +50 bp,5,-0.01960129741840575,-0.018125598761994002,9.0,9.0,0.9247142357512489
sweep: 4h return > +50 bp,10,-0.02797146448781504,-0.028077246294728,9.0,9.0,1.0037817757793497
sweep: 4h return > +50 bp,15,-0.033679359976960505,-0.03369129438797708,9.0,9.0,1.0003543538542519
sweep: 4h return > +50 bp,30,-0.0424027547310147,-0.043533812334526314,9.0,9.0,1.0266741538536015
sweep: 5-min move < -1.5 sd,1,0.029026743698880083,0.0,9.0,0.0,0.0
sweep: 5-min move < -1.5 sd,3,0.045258028571133924,0.05006517306268158,9.0,9.0,1.1062163917279797
sweep: 5-min move < -1.5 sd,5,0.046962997034625115,0.05284248443213366,9.0,9.0,1.1251940414529695
sweep: 5-min move < -1.5 sd,10,0.0440401198324501,0.04859234766480171,9.0,9.0,1.1033654733381855
sweep: 5-min move < -1.5 sd,15,0.04205770291135254,0.04607562964406116,9.0,9.0,1.09553367051875
sweep: 5-min move < -1.5 sd,30,0.044418626781202376,0.047477838180585596,9.0,9.0,1.0688722642069128
sweep: 5-min move < -2 sd,1,0.04017928140903603,0.0,9.0,0.0,0.0
sweep: 5-min move < -2 sd,3,0.057313347890131344,0.061080549230772885,9.0,9.0,1.0657299124780357
sweep: 5-min move < -2 sd,5,0.05626064633676879,0.062002621385276686,9.0,9.0,1.102060239659125
sweep: 5-min move < -2 sd,10,0.05057194985287169,0.054906594570705784,9.0,9.0,1.0857124301207453
sweep: 5-min move < -2 sd,15,0.04736022472990744,0.05073752677680235,9.0,9.0,1.0713109379475174
sweep: 5-min move < -2 sd,30,0.050511125540978086,0.0540681607786513,9.0,9.0,1.0704208270866484
sweep: 5-min move < -2.5 sd,1,0.04914176646483218,0.0,9.0,0.0,0.0
sweep: 5-min move < -2.5 sd,3,0.06580513431508421,0.07025478749158257,9.0,9.0,1.0676186322360925
sweep: 5-min move < -2.5 sd,5,0.06297117842384307,0.06811930634890857,9.0,9.0,1.0817537173977396
sweep: 5-min move < -2.5 sd,10,0.052811063826089015,0.05700884690012236,9.0,9.0,1.0794868114730083
sweep: 5-min move < -2.5 sd,15,0.049845496866997296,0.055451252810080266,9.0,8.0,1.1124626354521212
sweep: 5-min move < -2.5 sd,30,0.05420302052369819,0.057666505833436334,9.0,8.0,1.0638983819771421
sweep: 5-min move < -3 sd,1,0.058233946410920646,0.0,9.0,0.0,0.0
sweep: 5-min move < -3 sd,3,0.0752616242227241,0.07896934564794111,9.0,9.0,1.0492644354079397
sweep: 5-min move < -3 sd,5,0.07060522202000181,0.07651783225051777,9.0,9.0,1.0837418261901501
sweep: 5-min move < -3 sd,10,0.058681227008505525,0.06530193817755632,9.0,9.0,1.112825029512269
sweep: 5-min move < -3 sd,15,0.052686223918904866,0.05621425913961846,9.0,8.0,1.0669631444102727
sweep: 5-min move < -3 sd,30,0.053882858735272786,0.05788638726401298,9.0,8.0,1.0743005961953427
sweep: 5-min move > +1.5 sd,1,-0.028263419361262334,0.0,9.0,0.0,-0.0
sweep: 5-min move > +1.5 sd,3,-0.0399735743759605,-0.045287723407580936,9.0,9.0,1.1329415523775699
sweep: 5-min move > +1.5 sd,5,-0.04510037511374406,-0.05034376904805022,9.0,9.0,1.1162605393210636
sweep: 5-min move > +1.5 sd,10,-0.03822256030258726,-0.044377182850567354,9.0,9.0,1.1610206772978389
sweep: 5-min move > +1.5 sd,15,-0.03617597754842758,-0.04067945224902028,9.0,9.0,1.1244879891514763
sweep: 5-min move > +1.5 sd,30,-0.03872798668165416,-0.042565210934365584,9.0,9.0,1.099081428741793
sweep: 5-min move > +2 sd,1,-0.03780766783200132,0.0,9.0,0.0,-0.0
sweep: 5-min move > +2 sd,3,-0.04741218026357654,-0.052975424714954575,9.0,9.0,1.1173378743700568
sweep: 5-min move > +2 sd,5,-0.05186241898019943,-0.05618880508596803,9.0,9.0,1.0834204456876642
sweep: 5-min move > +2 sd,10,-0.041396344043219166,-0.047731639578163704,9.0,9.0,1.1530399768716357
sweep: 5-min move > +2 sd,15,-0.03876767178092434,-0.0434080662562365,9.0,9.0,1.1196975279179768
sweep: 5-min move > +2 sd,30,-0.040470382746811834,-0.04540979324573648,9.0,9.0,1.1220500070341874
sweep: 5-min move > +2.5 sd,1,-0.045075203999680104,0.0,9.0,0.0,-0.0
sweep: 5-min move > +2.5 sd,3,-0.054621222171748036,-0.05969634665501816,9.0,9.0,1.0929148832904576
sweep: 5-min move > +2.5 sd,5,-0.05475105767723998,-0.060789632776495676,9.0,9.0,1.1102914784743225
sweep: 5-min move > +2.5 sd,10,-0.041997355287430746,-0.04891965732911436,9.0,9.0,1.1648270943326606
sweep: 5-min move > +2.5 sd,15,-0.03862865797086658,-0.043643693876711485,9.0,9.0,1.1298268220870424
sweep: 5-min move > +2.5 sd,30,-0.04376254924604509,-0.04780055649391137,9.0,9.0,1.092270841562805
sweep: 5-min move > +3 sd,1,-0.051467871258997114,0.0,9.0,0.0,-0.0
sweep: 5-min move > +3 sd,3,-0.05820577220064024,-0.06619962117768204,9.0,9.0,1.1373377360150179
sweep: 5-min move > +3 sd,5,-0.05621622486670159,-0.0646526081349833,9.0,9.0,1.150070256198915
sweep: 5-min move > +3 sd,10,-0.042268377572531615,-0.05013478725222358,9.0,9.0,1.1861062603170274
sweep: 5-min move > +3 sd,15,-0.03900664184259712,-0.04485446909360707,9.0,9.0,1.1499187567750024
sweep: 5-min move > +3 sd,30,-0.04527592204637056,-0.04922703528193439,9.0,8.0,1.0872674272987126
sweep: EMA9 < EMA21 - 10 bp,1,0.01930855713468229,0.0,9.0,0.0,0.0
sweep: EMA9 < EMA21 - 10 bp,3,0.04190064956553725,0.04068823049820704,9.0,9.0,0.9710644326543469
sweep: EMA9 < EMA21 - 10 bp,5,0.0518883198662709,0.052161749624245385,9.0,9.0,1.0052695820307767
sweep: EMA9 < EMA21 - 10 bp,10,0.057563941800951875,0.06000267845884017,9.0,9.0,1.0423656994568078
sweep: EMA9 < EMA21 - 10 bp,15,0.05891630762062945,0.060893049067298234,9.0,9.0,1.033551685882919
sweep: EMA9 < EMA21 - 10 bp,30,0.05926853193368416,0.061846838747301444,9.0,9.0,1.0435021204254251
sweep: EMA9 > EMA21 + 10 bp,1,-0.030690144595377698,0.0,9.0,0.0,-0.0
sweep: EMA9 > EMA21 + 10 bp,3,-0.044142144079475,-0.041603404695853115,9.0,9.0,0.9424871755424691
sweep: EMA9 > EMA21 + 10 bp,5,-0.05189719033273334,-0.05225125213073018,9.0,9.0,1.0068223692983533
sweep: EMA9 > EMA21 + 10 bp,10,-0.05275941069451428,-0.05542999171338134,9.0,9.0,1.050618097960384
sweep: EMA9 > EMA21 + 10 bp,15,-0.05331125172042553,-0.05476295197131484,9.0,9.0,1.0272306540184482
sweep: EMA9 > EMA21 + 10 bp,30,-0.0489135596746836,-0.05133170296209334,9.0,9.0,1.049437074371451
sweep: MACD hist < 0,1,0.005955362487911607,0.0,9.0,0.0,0.0
sweep: MACD hist < 0,3,0.016851316421159793,0.0204982498844852,9.0,9.0,1.2164183125032322
sweep: MACD hist < 0,5,0.020840553389610935,0.02583375126244431,9.0,9.0,1.239590464777317
sweep: MACD hist < 0,10,0.02063757299502032,0.025722352019384127,9.0,9.0,1.2463845446163035
sweep: MACD hist < 0,15,0.021498227098518924,0.02573654079721721,9.0,9.0,1.1971471265642308
sweep: MACD hist < 0,30,0.022694982036225258,0.025471244596857973,9.0,9.0,1.1223293570447117
sweep: MACD hist > 0,1,-0.005924062634227934,0.0,9.0,0.0,-0.0
sweep: MACD hist > 0,3,-0.01688304446511755,-0.020535081736307373,9.0,9.0,1.2163139046832094
sweep: MACD hist > 0,5,-0.020890569810033576,-0.025898085057287478,9.0,9.0,1.23970218585655
sweep: MACD hist > 0,10,-0.020697644874801267,-0.025803486979212094,9.0,9.0,1.2466871054796689
sweep: MACD hist > 0,15,-0.021514461849800035,-0.02577016755688389,9.0,9.0,1.1978067467731437
sweep: MACD hist > 0,30,-0.022654425415213123,-0.025441356395628403,9.0,9.0,1.123019274571571
sweep: OBV falling,1,0.014898978052049799,0.0,9.0,0.0,0.0
sweep: OBV falling,3,0.02980196259940798,0.03088063053686923,9.0,9.0,1.0361945269162467
sweep: OBV falling,5,0.03691864674522807,0.037946777136993605,9.0,9.0,1.0278485394890164
sweep: OBV falling,10,0.044670589025195995,0.04638245507306104,9.0,9.0,1.038321994073091
sweep: OBV falling,15,0.05020128914324702,0.05146745813980725,9.0,9.0,1.0252218422707686
sweep: OBV falling,30,0.053171053667907184,0.054695691697600024,9.0,9.0,1.0286742113333947
sweep: OBV rising,1,-0.013357352632704876,0.0,9.0,0.0,-0.0
sweep: OBV rising,3,-0.026985197985947132,-0.02607774007663607,9.0,9.0,0.9663720121755774
sweep: OBV rising,5,-0.0340496262166497,-0.034015294587360405,9.0,9.0,0.998991717880518
sweep: OBV rising,10,-0.042939591238814245,-0.043299959077100394,9.0,9.0,1.0083924375591262
sweep: OBV rising,15,-0.046556515263844876,-0.047739001854398055,9.0,9.0,1.0253989497249052
sweep: OBV rising,30,-0.050805825804159585,-0.052894025620083406,9.0,9.0,1.0411015820109524
sweep: RSI14 < 20,1,0.04765439620942449,0.0,9.0,0.0,0.0
sweep: RSI14 < 20,3,0.07173865304810809,0.06712729600249731,9.0,9.0,0.9357200497963296
sweep: RSI14 < 20,5,0.06835282901964335,0.07571163083181201,9.0,9.0,1.1076590671917015
sweep: RSI14 < 20,10,0.06492109252271737,0.0697431758301536,9.0,9.0,1.0742760652980212
sweep: RSI14 < 20,15,0.06025380857678658,0.06628467330216974,9.0,8.0,1.1000910127979298
sweep: RSI14 < 20,30,0.06618448131549517,0.07094900513975577,9.0,8.0,1.0719885346165752
sweep: RSI14 < 25,1,0.04861852299868936,0.0,9.0,0.0,0.0
sweep: RSI14 < 25,3,0.07330002040176226,0.0703847594079065,9.0,9.0,0.9602283740457778
sweep: RSI14 < 25,5,0.07490218859872706,0.07826526006388147,9.0,9.0,1.044899508653497
sweep: RSI14 < 25,10,0.07503954877467402,0.07799590961908881,9.0,9.0,1.039397369689576
sweep: RSI14 < 25,15,0.06860738604239071,0.07135993188938787,9.0,9.0,1.0401202553511721
sweep: RSI14 < 25,30,0.0694803839812476,0.07302145243659165,9.0,9.0,1.0509650098695449
sweep: RSI14 < 30,1,0.03960897092213112,0.0,9.0,0.0,0.0
sweep: RSI14 < 30,3,0.0669225364531593,0.06678593357691434,9.0,9.0,0.9979587911115626
sweep: RSI14 < 30,5,0.07432706092728109,0.07770003727538496,9.0,9.0,1.0453801927053712
sweep: RSI14 < 30,10,0.07490620830346179,0.07887255113991665,9.0,9.0,1.0529507890772727
sweep: RSI14 < 30,15,0.07096331464019755,0.07448450446510604,9.0,9.0,1.0496198612305787
sweep: RSI14 < 30,30,0.07019011735869621,0.07310763579499138,9.0,9.0,1.0415659432706976
sweep: RSI14 < 35,1,0.030847161801321354,0.0,9.0,0.0,0.0
sweep: RSI14 < 35,3,0.05666117979759213,0.05829289460833606,9.0,9.0,1.0287977556516263
sweep: RSI14 < 35,5,0.06557263788198611,0.06886679705323698,9.0,9.0,1.0502367950665565
sweep: RSI14 < 35,10,0.06866144920161472,0.07453580618610112,9.0,9.0,1.0855553888359852
sweep: RSI14 < 35,15,0.06718980259374006,0.07188725953952273,9.0,9.0,1.0699132422547155
sweep: RSI14 < 35,30,0.06671064367215185,0.07009116043783366,9.0,9.0,1.050674323909919
sweep: RSI14 > 65,1,-0.02458885328831142,0.0,9.0,0.0,-0.0
sweep: RSI14 > 65,3,-0.05030794835281438,-0.05378084260336507,9.0,9.0,1.0690327147947867
sweep: RSI14 > 65,5,-0.061294213165311306,-0.06565656645415435,9.0,9.0,1.071170720098449
sweep: RSI14 > 65,10,-0.06613010064259622,-0.07182495373086427,9.0,9.0,1.0861158993095472
sweep: RSI14 > 65,15,-0.06567454209927194,-0.07034417513331043,9.0,9.0,1.07110263558412
sweep: RSI14 > 65,30,-0.06400670673739835,-0.06845177274838869,9.0,9.0,1.069446878890789
sweep: RSI14 > 70,1,-0.02803435098601793,0.0,9.0,0.0,-0.0
sweep: RSI14 > 70,3,-0.05595048931959314,-0.06009093540017046,9.0,9.0,1.0740019637170068
sweep: RSI14 > 70,5,-0.06595733097449966,-0.07151794701202811,9.0,9.0,1.0843062621754402
sweep: RSI14 > 70,10,-0.06841811365526808,-0.07426983086676224,9.0,9.0,1.0855287715323263
sweep: RSI14 > 70,15,-0.06640138678095053,-0.07100286898466522,9.0,9.0,1.0692979834727605
sweep: RSI14 > 70,30,-0.06240531022736254,-0.0670558425033575,9.0,9.0,1.0745214190755816
sweep: RSI14 > 75,1,-0.02768726846213,0.0,9.0,0.0,-0.0
sweep: RSI14 > 75,3,-0.054380643122423675,-0.06214465320467213,9.0,9.0,1.1427715752601497
sweep: RSI14 > 75,5,-0.06569636768772048,-0.07152328470079855,9.0,9.0,1.0886946602706498
sweep: RSI14 > 75,10,-0.06550360151501677,-0.07182379683520156,9.0,9.0,1.0964862263143786
sweep: RSI14 > 75,15,-0.06113946856150765,-0.06622542971345817,9.0,9.0,1.0831862178656972
sweep: RSI14 > 75,30,-0.05641516471791082,-0.06091771893273779,9.0,9.0,1.0798110621025536
sweep: RSI14 > 80,1,-0.01948283806726209,0.0,9.0,0.0,-0.0
sweep: RSI14 > 80,3,-0.04838449059155863,-0.06176145261690811,9.0,9.0,1.2764721062844728
sweep: RSI14 > 80,5,-0.05524623403221854,-0.06537728894854461,9.0,9.0,1.1833800094033167
sweep: RSI14 > 80,10,-0.05297093533618418,-0.06029960671174712,9.0,9.0,1.1383526896221665
sweep: RSI14 > 80,15,-0.04882750074239013,-0.05510770473792127,9.0,8.0,1.128620222211761
sweep: RSI14 > 80,30,-0.04302262006740905,-0.04914177200044814,9.0,9.0,1.1422310385432461
sweep: RSI60 < 35,1,0.03475170926312394,0.0,9.0,0.0,0.0
sweep: RSI60 < 35,3,0.057250967036809715,0.05885316265504155,9.0,9.0,1.0279854769475194
sweep: RSI60 < 35,5,0.06303318148043092,0.0671289702170823,9.0,9.0,1.064978296199803
sweep: RSI60 < 35,10,0.057050867517801473,0.06557915509530596,9.0,9.0,1.1494856774061046
sweep: RSI60 < 35,15,0.04963189823792478,0.05455425365684176,9.0,8.0,1.099177254823506
sweep: RSI60 < 35,30,0.055282810816070796,0.05912908937958941,9.0,8.0,1.0695745839753954
sweep: RSI60 < 40,1,0.024227061394736526,0.0,9.0,0.0,0.0
sweep: RSI60 < 40,3,0.04797541282649263,0.048922906195761375,9.0,9.0,1.0197495615659513
sweep: RSI60 < 40,5,0.059967401005569354,0.06072325914030255,9.0,9.0,1.012604483803842
sweep: RSI60 < 40,10,0.06784579393338222,0.07169841033353822,9.0,9.0,1.05678489670176
sweep: RSI60 < 40,15,0.06985900590584047,0.07370227977983766,9.0,9.0,1.0550147232151763
sweep: RSI60 < 40,30,0.07286208013671476,0.07581806568614613,9.0,9.0,1.0405696014152341
sweep: RSI60 < 45,1,0.016990374815109,0.0,9.0,0.0,0.0
sweep: RSI60 < 45,3,0.03915330777925769,0.039659054729391414,9.0,9.0,1.0129170938247434
sweep: RSI60 < 45,5,0.05058260463599924,0.05143343661844142,9.0,9.0,1.0168206439459753
sweep: RSI60 < 45,10,0.06299586165501234,0.06570961704322142,9.0,9.0,1.0430783120813645
sweep: RSI60 < 45,15,0.07017786100341189,0.07267291636585202,9.0,9.0,1.0355533116393905
sweep: RSI60 < 45,30,0.0764540467414481,0.079394958420298,9.0,9.0,1.0384663965374583
sweep: RSI60 > 55,1,-0.021324426186321944,0.0,9.0,0.0,-0.0
sweep: RSI60 > 55,3,-0.040059443046413935,-0.03922255987022737,9.0,9.0,0.9791089662625382
sweep: RSI60 > 55,5,-0.05078211219268612,-0.05120384610324296,9.0,9.0,1.0083047729278496
sweep: RSI60 > 55,10,-0.06386399644583901,-0.06598051997644788,9.0,9.0,1.0331411068582879
sweep: RSI60 > 55,15,-0.06948149670857326,-0.07220104988593049,9.0,9.0,1.0391406821410867
sweep: RSI60 > 55,30,-0.07572443100107264,-0.07825975977408511,9.0,9.0,1.0334809880971778
sweep: RSI60 > 60,1,-0.024130773469944647,0.0,9.0,0.0,-0.0
sweep: RSI60 > 60,3,-0.0393005184936688,-0.040511578967002575,9.0,9.0,1.0308153815713366
sweep: RSI60 > 60,5,-0.0482678691391192,-0.05048607539316905,9.0,9.0,1.0459561669825628
sweep: RSI60 > 60,10,-0.05774507138242369,-0.060716769034575714,9.0,9.0,1.0514623600076896
sweep: RSI60 > 60,15,-0.06139386981466521,-0.06467462412340425,9.0,9.0,1.0534378158380133
sweep: RSI60 > 60,30,-0.06489145670086405,-0.06844245601977782,9.0,9.0,1.0547221390834718
sweep: RSI60 > 65,1,-0.026720687627999257,0.0,9.0,0.0,-0.0
sweep: RSI60 > 65,3,-0.03450967601064243,-0.03955897110625428,9.0,9.0,1.1463153433852784
sweep: RSI60 > 65,5,-0.04043663935754024,-0.04199429823793637,9.0,9.0,1.0385209776367252
sweep: RSI60 > 65,10,-0.035776739855408614,-0.04124999836578142,9.0,9.0,1.1529837132308012
sweep: RSI60 > 65,15,-0.03156396988251198,-0.03540810789712514,9.0,8.0,1.1217887999805438
sweep: RSI60 > 65,30,-0.029953485854403973,-0.03447081149168113,9.0,7.0,1.1508113499455352
sweep: larger trades than usual (size5 > 1.2),1,-0.0009235627366760696,0.0,9.0,0.0,-0.0
sweep: larger trades than usual (size5 > 1.2),3,-0.0004822484165655465,-0.0003959079649800477,9.0,4.0,0.8209627059008425
sweep: larger trades than usual (size5 > 1.2),5,-0.0009019600338001684,-0.001311235822713034,9.0,5.0,1.4537626652796256
sweep: larger trades than usual (size5 > 1.2),10,-0.0013865810514412968,-0.0014444838370479176,9.0,4.0,1.0417593948413135
sweep: larger trades than usual (size5 > 1.2),15,-0.0005598453451501947,-0.0006925166803713611,9.0,5.0,1.2369785448257564
sweep: larger trades than usual (size5 > 1.2),30,-0.00040532847262868537,-0.00034217944766518386,9.0,4.0,0.8442028398499622
sweep: more trades than usual (nratio5 > 1.5),1,-0.00770593905577359,0.0,9.0,0.0,-0.0
sweep: more trades than usual (nratio5 > 1.5),3,0.002295867659602798,0.0030611413036723627,9.0,6.0,1.3333265490581292
sweep: more trades than usual (nratio5 > 1.5),5,0.004747809956879659,0.005812216609919797,9.0,6.0,1.2241889761189355
sweep: more trades than usual (nratio5 > 1.5),10,0.007163051623159853,0.0074501359890396125,9.0,7.0,1.0400785001955797
sweep: more trades than usual (nratio5 > 1.5),15,0.008337049664796689,0.008709846217242924,9.0,7.0,1.044715644914576
sweep: more trades than usual (nratio5 > 1.5),30,0.007409147797518595,0.008253917555074198,9.0,8.0,1.1140171286417753
sweep: previous window down,1,0.009563545824338014,0.0,9.0,0.0,0.0
sweep: previous window down,3,0.02527709045607499,0.02895280480052226,9.0,9.0,1.1454168291574027
sweep: previous window down,5,0.03362759782288276,0.03782068156079023,9.0,9.0,1.1246917415865543
sweep: previous window down,10,0.04235183164066764,0.0473806239440121,9.0,9.0,1.1187384844653483
sweep: previous window down,15,0.04795867803534786,0.052532809685427166,9.0,9.0,1.0953765165651137
sweep: previous window down,30,0.04881851836055696,0.052944438181439075,9.0,9.0,1.0845154658404312
sweep: previous window up,1,-0.009527134860388614,0.0,9.0,0.0,-0.0
sweep: previous window up,3,-0.025302691149329423,-0.028964367116956862,9.0,9.0,1.1447148821450355
sweep: previous window up,5,-0.033685404327303804,-0.03788657912520454,9.0,9.0,1.1247179566877117
sweep: previous window up,10,-0.042435412044291784,-0.047478650274507865,9.0,9.0,1.118845039726543
sweep: previous window up,15,-0.04806057514712403,-0.05264202889681083,9.0,9.0,1.095326652576711
sweep: previous window up,30,-0.04900848626973305,-0.05313969212906287,9.0,9.0,1.0842957245525289
sweep: price < VWAP60 - 15 bp,1,0.0166641832905875,0.0,9.0,0.0,0.0
sweep: price < VWAP60 - 15 bp,3,0.04009521350177291,0.0421170247259057,9.0,9.0,1.0504252514840302
sweep: price < VWAP60 - 15 bp,5,0.050269401060735096,0.05298007314113338,9.0,9.0,1.0539229038580202
sweep: price < VWAP60 - 15 bp,10,0.05773079267465666,0.061875628245073006,9.0,9.0,1.0717959234298873
sweep: price < VWAP60 - 15 bp,15,0.060472841917146,0.06374894576599395,9.0,9.0,1.0541747955774354
sweep: price < VWAP60 - 15 bp,30,0.060762100881588406,0.06411747405451355,9.0,9.0,1.0552214805650648
sweep: price < VWAP60 - 30 bp,1,0.022337352009249172,0.0,9.0,0.0,0.0
sweep: price < VWAP60 - 30 bp,3,0.046425540187339256,0.04696535514207273,9.0,9.0,1.0116275427825971
sweep: price < VWAP60 - 30 bp,5,0.056636343739661324,0.057838665390645805,9.0,9.0,1.0212288006533607
sweep: price < VWAP60 - 30 bp,10,0.06307893921910418,0.06673095457064199,9.0,9.0,1.0578959538119777
sweep: price < VWAP60 - 30 bp,15,0.06357205691761941,0.06627431373623523,9.0,9.0,1.0425069904866782
sweep: price < VWAP60 - 30 bp,30,0.06268560170796596,0.06558244180361524,9.0,9.0,1.046212208493185
sweep: price < VWAP60 - 50 bp,1,0.022834728757266304,0.0,9.0,0.0,0.0
sweep: price < VWAP60 - 50 bp,3,0.04547583332169067,0.04696953722681797,9.0,9.0,1.0328461029963105
sweep: price < VWAP60 - 50 bp,5,0.05543130190451944,0.05701129376271426,9.0,9.0,1.0285036036302442
sweep: price < VWAP60 - 50 bp,10,0.06013526858078674,0.06483710982853833,9.0,9.0,1.0781877483665856
sweep: price < VWAP60 - 50 bp,15,0.05972454701167507,0.06275600118176218,9.0,9.0,1.0507572568025423
sweep: price < VWAP60 - 50 bp,30,0.06035805308892929,0.06281839601396498,9.0,9.0,1.0407624633188668
sweep: price > VWAP60 + 15 bp,1,-0.026910718170095216,0.0,9.0,0.0,-0.0
sweep: price > VWAP60 + 15 bp,3,-0.04013072019264442,-0.03921799416635801,9.0,9.0,0.9772561762683315
sweep: price > VWAP60 + 15 bp,5,-0.04798121833631084,-0.04992503780334661,9.0,9.0,1.0405120906562046
sweep: price > VWAP60 + 15 bp,10,-0.05298673493377215,-0.0571357608926118,9.0,9.0,1.078303106693128
sweep: price > VWAP60 + 15 bp,15,-0.05478283471482717,-0.0585024646317002,9.0,9.0,1.067897726290281
sweep: price > VWAP60 + 15 bp,30,-0.05299238066059092,-0.05622686635634533,9.0,9.0,1.0610368067151172
sweep: price > VWAP60 + 30 bp,1,-0.031337051857315425,0.0,9.0,0.0,-0.0
sweep: price > VWAP60 + 30 bp,3,-0.04518859032916193,-0.04385658368412963,9.0,9.0,0.9705233857633151
sweep: price > VWAP60 + 30 bp,5,-0.05328603200819283,-0.05451884545701877,9.0,9.0,1.0231357712774785
sweep: price > VWAP60 + 30 bp,10,-0.05528775921463553,-0.05912356340138646,9.0,9.0,1.0693789048649947
sweep: price > VWAP60 + 30 bp,15,-0.05497246236405943,-0.058066050034651255,9.0,9.0,1.0562752246771174
sweep: price > VWAP60 + 30 bp,30,-0.05114358883897381,-0.054328081236882673,9.0,9.0,1.0622657203024073
sweep: price > VWAP60 + 50 bp,1,-0.031358752296591456,0.0,9.0,0.0,-0.0
sweep: price > VWAP60 + 50 bp,3,-0.04613300531614794,-0.04571371052962233,9.0,9.0,0.9909111755531166
sweep: price > VWAP60 + 50 bp,5,-0.05305090653335362,-0.05539754386222766,9.0,9.0,1.044233689529861
sweep: price > VWAP60 + 50 bp,10,-0.054852842378584316,-0.058773385581596733,9.0,9.0,1.0714738386017182
sweep: price > VWAP60 + 50 bp,15,-0.05356562767153984,-0.05588553690985532,9.0,9.0,1.0433096621688256
sweep: price > VWAP60 + 50 bp,30,-0.051521740171535345,-0.054284493576690976,9.0,9.0,1.053623060788657
sweep: range position < 0.05,1,0.015782554870901164,0.0,9.0,0.0,0.0
sweep: range position < 0.05,3,0.04403459938164358,0.04815761958012427,9.0,9.0,1.093631377516277
sweep: range position < 0.05,5,0.05967985241267825,0.0640733731001034,9.0,9.0,1.0736181560410796
sweep: range position < 0.05,10,0.07288798252027986,0.08171397997052857,9.0,9.0,1.1210898853976787
sweep: range position < 0.05,15,0.07660724837777173,0.08391129651283169,9.0,9.0,1.0953440867506643
sweep: range position < 0.05,30,0.08557266633087358,0.09132890404875411,9.0,9.0,1.067267247413135
sweep: range position < 0.1,1,0.015986669928364595,0.0,9.0,0.0,0.0
sweep: range position < 0.1,3,0.04130376480721095,0.04373410379102808,9.0,9.0,1.0588406164707007
sweep: range position < 0.1,5,0.05271167409289944,0.05659865094395562,9.0,9.0,1.073740341545703
sweep: range position < 0.1,10,0.06784872115771669,0.07353076401730882,9.0,9.0,1.0837457620812636
sweep: range position < 0.1,15,0.07363802081363659,0.07929433029212027,9.0,9.0,1.0768123506849634
sweep: range position < 0.1,30,0.08213057238041398,0.08644082960364304,9.0,9.0,1.052480545286653
sweep: range position < 0.15,1,0.01532050581281503,0.0,9.0,0.0,0.0
sweep: range position < 0.15,3,0.03732564568049915,0.038679326194945136,9.0,9.0,1.036266767520467
sweep: range position < 0.15,5,0.047928553220377895,0.05036085840018953,9.0,9.0,1.050748562524468
sweep: range position < 0.15,10,0.062061226303084555,0.0652899709417942,9.0,9.0,1.0520251505012426
sweep: range position < 0.15,15,0.06841460565577262,0.07183460155344468,9.0,9.0,1.0499892656676226
sweep: range position < 0.15,30,0.07563095039002088,0.07913376953363493,9.0,9.0,1.0463146255012052
sweep: range position > 0.85,1,-0.017926439886678656,0.0,9.0,0.0,-0.0
sweep: range position > 0.85,3,-0.03640797127777091,-0.034815120055912537,9.0,9.0,0.95624993192546
sweep: range position > 0.85,5,-0.047150781785450076,-0.04800613322157373,9.0,9.0,1.0181407689063515
sweep: range position > 0.85,10,-0.06070055048133818,-0.06329537334032573,9.0,9.0,1.0427479296054376
sweep: range position > 0.85,15,-0.06822224549125519,-0.07070586351679091,9.0,9.0,1.0364048120616913
sweep: range position > 0.85,30,-0.07739290000863272,-0.08006641793017494,9.0,9.0,1.0345447440429807
sweep: range position > 0.90,1,-0.016731312828259,0.0,9.0,0.0,-0.0
sweep: range position > 0.90,3,-0.037843914442586224,-0.03813840250624008,9.0,9.0,1.00778164912355
sweep: range position > 0.90,5,-0.049505078948183935,-0.052261915108038404,9.0,9.0,1.0556879459325779
sweep: range position > 0.90,10,-0.06467535635248399,-0.06934924385536818,9.0,9.0,1.0722668998901417
sweep: range position > 0.90,15,-0.07271758126407707,-0.07638890792175194,9.0,9.0,1.0504874693829858
sweep: range position > 0.90,30,-0.0829431950204128,-0.08731913257496893,9.0,9.0,1.0527582468155368
sweep: range position > 0.95,1,-0.013058916756203005,0.0,9.0,0.0,-0.0
sweep: range position > 0.95,3,-0.0397328201363556,-0.04294932808541257,9.0,9.0,1.080953426865209
sweep: range position > 0.95,5,-0.0544187868062593,-0.060011914893761044,9.0,9.0,1.1027793601392528
sweep: range position > 0.95,10,-0.0715815779520408,-0.07885206346249939,9.0,9.0,1.1015692265868988
sweep: range position > 0.95,15,-0.07973970308304013,-0.08462994848951441,9.0,9.0,1.0613276099282891
sweep: range position > 0.95,30,-0.09007573249069847,-0.0959230402793365,9.0,9.0,1.064915461989075
sweep: taker buy share > 0.1 (15 min),1,-0.005882360378674254,0.0,9.0,0.0,-0.0
sweep: taker buy share > 0.1 (15 min),3,-0.017834757948215707,-0.018799407889408547,9.0,9.0,1.0540881992339768
sweep: taker buy share > 0.1 (15 min),5,-0.024215152577791825,-0.025486226755179923,9.0,9.0,1.0524908597335796
sweep: taker buy share > 0.1 (15 min),10,-0.029074051320445708,-0.03127791326917241,9.0,9.0,1.075801680489464
sweep: taker buy share > 0.1 (15 min),15,-0.031090177671823118,-0.03328878688587451,9.0,9.0,1.070717164670435
sweep: taker buy share > 0.1 (15 min),30,-0.03256720207426233,-0.034353456498949234,9.0,9.0,1.0548482617761803
sweep: taker buy share > 0.2 (15 min),1,-0.0027444594825948598,0.0,9.0,0.0,-0.0
sweep: taker buy share > 0.2 (15 min),3,-0.015668229423756813,-0.01755246963987475,9.0,9.0,1.12025865623725
sweep: taker buy share > 0.2 (15 min),5,-0.02272219230635728,-0.024123653009086452,9.0,9.0,1.0616780583419791
sweep: taker buy share > 0.2 (15 min),10,-0.028918002393778543,-0.031233285315485904,9.0,9.0,1.0800637225967404
sweep: taker buy share > 0.2 (15 min),15,-0.032216650239411795,-0.033874576910624246,9.0,9.0,1.0514617956519965
sweep: taker buy share > 0.2 (15 min),30,-0.031867905638002667,-0.03350383101221696,9.0,9.0,1.0513345744397913
sweep: taker buy share > 0.3 (15 min),1,0.0008945066498255513,0.0,9.0,0.0,0.0
sweep: taker buy share > 0.3 (15 min),3,-0.013062002228383421,-0.016252101563592473,9.0,8.0,1.2442274376800397
sweep: taker buy share > 0.3 (15 min),5,-0.021723256187484538,-0.024074309135009412,9.0,8.0,1.1082274649451214
sweep: taker buy share > 0.3 (15 min),10,-0.028430573802235407,-0.031126526107874534,9.0,8.0,1.0948258140828362
sweep: taker buy share > 0.3 (15 min),15,-0.031234160096550605,-0.033318345259501045,9.0,8.0,1.0667277479691413
sweep: taker buy share > 0.3 (15 min),30,-0.028888216689831842,-0.03013497706618103,9.0,8.0,1.0431580941715943
sweep: taker sell share > 0.1 (15 min),1,0.012279761371731207,0.0,9.0,0.0,0.0
sweep: taker sell share > 0.1 (15 min),3,0.020916673461746253,0.020373650802036628,9.0,9.0,0.9740387657385989
sweep: taker sell share > 0.1 (15 min),5,0.025401342267642273,0.026384170788387146,9.0,9.0,1.0386919915644324
sweep: taker sell share > 0.1 (15 min),10,0.03012791956019842,0.032297163736944474,9.0,9.0,1.0720011274728645
sweep: taker sell share > 0.1 (15 min),15,0.03263658917968088,0.034773298564758026,9.0,9.0,1.0654697515513487
sweep: taker sell share > 0.1 (15 min),30,0.032132249887550965,0.03357045371365651,9.0,9.0,1.0447588896245559
sweep: taker sell share > 0.2 (15 min),1,0.013184920575162675,0.0,9.0,0.0,0.0
sweep: taker sell share > 0.2 (15 min),3,0.020111515996244677,0.019992739622918483,9.0,9.0,0.9940941113863135
sweep: taker sell share > 0.2 (15 min),5,0.02496744490946287,0.026085614620192404,9.0,9.0,1.0447851077586934
sweep: taker sell share > 0.2 (15 min),10,0.03085076472573604,0.033195474863597356,9.0,9.0,1.0760016861399009
sweep: taker sell share > 0.2 (15 min),15,0.033070229129063676,0.03541815035072689,9.0,9.0,1.0709980330798419
sweep: taker sell share > 0.2 (15 min),30,0.03253045603627956,0.034141320451299376,9.0,9.0,1.0495186545563118
sweep: taker sell share > 0.3 (15 min),1,0.014412473337996038,0.0,9.0,0.0,0.0
sweep: taker sell share > 0.3 (15 min),3,0.019268782754401206,0.018748374320995978,9.0,9.0,0.972992147971238
sweep: taker sell share > 0.3 (15 min),5,0.023396708857470846,0.024863771102630987,9.0,9.0,1.0627037868487084
sweep: taker sell share > 0.3 (15 min),10,0.028874754312576273,0.03200402704395491,9.0,9.0,1.1083740037232348
sweep: taker sell share > 0.3 (15 min),15,0.029786390040523924,0.03242489063209353,9.0,9.0,1.0885807440236956
sweep: taker sell share > 0.3 (15 min),30,0.031730011091409126,0.0330817546233301,9.0,8.0,1.0426014200885974
sweep: two windows down,1,0.010909246997401029,0.0,9.0,0.0,0.0
sweep: two windows down,3,0.027971990982923536,0.02967108041897476,9.0,9.0,1.0607425276623494
sweep: two windows down,5,0.03731909887920685,0.03863261792309986,9.0,9.0,1.0351969657183997
sweep: two windows down,10,0.046708508850823074,0.05048641509064448,9.0,9.0,1.0808826128851003
sweep: two windows down,15,0.052263710651211506,0.05548789920819332,9.0,9.0,1.061690770073691
sweep: two windows down,30,0.05413246547345061,0.05721710686363773,9.0,9.0,1.0569832052393768
sweep: two windows up,1,-0.012994571997759571,0.0,9.0,0.0,-0.0
sweep: two windows up,3,-0.029137893268316038,-0.029832830410191368,9.0,9.0,1.0238499446571516
sweep: two windows up,5,-0.03786675605205179,-0.039431065300096796,9.0,9.0,1.0413108861475935
sweep: two windows up,10,-0.04790266585937794,-0.05057533715049166,9.0,9.0,1.055793790244567
sweep: two windows up,15,-0.0528561919553994,-0.05605179590628587,9.0,9.0,1.060458459693482
sweep: two windows up,30,-0.05395710960540276,-0.05698944775200217,9.0,9.0,1.0561990471464353
taker buying 60 pct+ of last 15 min,1,-0.0027444594825948598,0.0,9.0,0.0,-0.0
taker buying 60 pct+ of last 15 min,3,-0.015668229423756813,-0.01755246963987475,9.0,9.0,1.12025865623725
taker buying 60 pct+ of last 15 min,5,-0.02272219230635728,-0.024123653009086452,9.0,9.0,1.0616780583419791
taker buying 60 pct+ of last 15 min,10,-0.028918002393778543,-0.031233285315485904,9.0,9.0,1.0800637225967404
taker buying 60 pct+ of last 15 min,15,-0.032216650239411795,-0.033874576910624246,9.0,9.0,1.0514617956519965
taker buying 60 pct+ of last 15 min,30,-0.031867905638002667,-0.03350383101221696,9.0,9.0,1.0513345744397913
taker selling 60 pct+ of last 15 min,1,0.013184920575162675,0.0,9.0,0.0,0.0
taker selling 60 pct+ of last 15 min,3,0.020111515996244677,0.019992739622918483,9.0,9.0,0.9940941113863135
taker selling 60 pct+ of last 15 min,5,0.02496744490946287,0.026085614620192404,9.0,9.0,1.0447851077586934
taker selling 60 pct+ of last 15 min,10,0.03085076472573604,0.033195474863597356,9.0,9.0,1.0760016861399009
taker selling 60 pct+ of last 15 min,15,0.033070229129063676,0.03541815035072689,9.0,9.0,1.0709980330798419
taker selling 60 pct+ of last 15 min,30,0.03253045603627956,0.034141320451299376,9.0,9.0,1.0495186545563118
three windows down in a row,1,0.01121956411725114,0.0,9.0,0.0,0.0
three windows down in a row,3,0.03006774786015833,0.03077993958813024,9.0,9.0,1.0236862345422157
three windows down in a row,5,0.041268585416392056,0.041285967198613154,9.0,9.0,1.0004211867706567
three windows down in a row,10,0.05251419580910992,0.05575236932840301,9.0,9.0,1.0616628222026652
three windows down in a row,15,0.06011165214795881,0.06269857233781573,9.0,9.0,1.0430352535227192
three windows down in a row,30,0.060606399603612256,0.06356560926854062,9.0,9.0,1.0488266863612203
three windows up in a row,1,-0.01520252028643265,0.0,9.0,0.0,-0.0
three windows up in a row,3,-0.03211101376026851,-0.031439877662979385,9.0,9.0,0.9790995045407277
three windows up in a row,5,-0.04164810123106008,-0.04232706075223428,9.0,9.0,1.0163022923279836
three windows up in a row,10,-0.05428039989988645,-0.05572772554808846,9.0,9.0,1.0266638722424932
three windows up in a row,15,-0.059449588984900194,-0.061967301985279555,9.0,9.0,1.0423503853158487
three windows up in a row,30,-0.060528851588820945,-0.06291587753655062,9.0,9.0,1.0394361677955664
trade count last 5 min 3x average,1,-0.005446198616683861,0.0,9.0,0.0,-0.0
trade count last 5 min 3x average,3,0.006339836847416737,0.008512471841782563,9.0,6.0,1.3426957265077095
trade count last 5 min 3x average,5,0.010020220852315742,0.010966488182998642,9.0,7.0,1.0944357758805496
trade count last 5 min 3x average,10,0.012461896920754513,0.013893653080677169,9.0,7.0,1.1148907079738524
trade count last 5 min 3x average,15,0.013428546856139869,0.014567046595466796,9.0,7.0,1.084782050621239
trade count last 5 min 3x average,30,0.014461024096579738,0.015095516641971951,9.0,8.0,1.0438760450957467
two windows down in a row,1,0.010909246997401029,0.0,9.0,0.0,0.0
two windows down in a row,3,0.027971990982923536,0.02967108041897476,9.0,9.0,1.0607425276623494
two windows down in a row,5,0.03731909887920685,0.03863261792309986,9.0,9.0,1.0351969657183997
two windows down in a row,10,0.046708508850823074,0.05048641509064448,9.0,9.0,1.0808826128851003
two windows down in a row,15,0.052263710651211506,0.05548789920819332,9.0,9.0,1.061690770073691
two windows down in a row,30,0.05413246547345061,0.05721710686363773,9.0,9.0,1.0569832052393768
two windows up in a row,1,-0.012994571997759571,0.0,9.0,0.0,-0.0
two windows up in a row,3,-0.029137893268316038,-0.029832830410191368,9.0,9.0,1.0238499446571516
two windows up in a row,5,-0.03786675605205179,-0.039431065300096796,9.0,9.0,1.0413108861475935
two windows up in a row,10,-0.04790266585937794,-0.05057533715049166,9.0,9.0,1.055793790244567
two windows up in a row,15,-0.0528561919553994,-0.05605179590628587,9.0,9.0,1.060458459693482
two windows up in a row,30,-0.05395710960540276,-0.05698944775200217,9.0,9.0,1.0561990471464353
upper quarter of 4h range,1,-0.015417119757068184,0.0,9.0,0.0,-0.0
upper quarter of 4h range,3,-0.03005002597261489,-0.028192869265305114,9.0,9.0,0.9381978335392377
upper quarter of 4h range,5,-0.0389145621838557,-0.03815084266919855,9.0,9.0,0.9803744543996439
upper quarter of 4h range,10,-0.05063882267174209,-0.051946778571593216,9.0,9.0,1.0258291135307338
upper quarter of 4h range,15,-0.05739093210704837,-0.05890994635815232,9.0,9.0,1.0264678442279107
upper quarter of 4h range,30,-0.06537701294422579,-0.06708242076900246,9.0,9.0,1.0260857409657365
volume last 5 min 3x the daily average,1,-0.002479512308414832,0.0,9.0,0.0,-0.0
volume last 5 min 3x the daily average,3,0.007007936506743576,0.007681048532587818,9.0,7.0,1.0960499606690959
volume last 5 min 3x the daily average,5,0.009688129167958802,0.010242657156313251,9.0,7.0,1.0572378814052583
volume last 5 min 3x the daily average,10,0.009637509033626687,0.010448376437291218,9.0,6.0,1.0841366167165494
volume last 5 min 3x the daily average,15,0.010758489590903758,0.011145530546463493,9.0,6.0,1.0359753989897407
volume last 5 min 3x the daily average,30,0.010342886776669656,0.011188669045945796,9.0,7.0,1.0817742945019917
weekend,1,0.013046681686143327,0.0,9.0,0.0,0.0
weekend,3,0.004379185184361529,0.0013360352036266747,9.0,6.0,0.30508762415386736
weekend,5,0.0019457444672665908,0.0009650590161146057,9.0,6.0,0.4959844585709316
weekend,10,0.0003688597348797215,0.00045128242163699063,9.0,5.0,1.223452654121073
weekend,15,-0.00022857544925544048,7.746461261626569e-05,9.0,4.0,-0.33890171874800284
weekend,30,-0.0006927766352379213,-0.0008359738973886434,9.0,5.0,1.2067004787214621
