event,horizon,years,years_held,fires,share,up_rate,deviation,se,lo,hi,min_p_adj,years_adj_05,retained
large-trade burst,1,7,4,38904,0.011174204889145476,0.5177359654534238,0.00420417652093335,0.002669393331194196,-0.0010278344082072744,0.009436187450073973,0.8913525498891353,0,0.8895318235545561
large-trade burst,3,7,6,38904,0.011174249822494181,0.5112327781205017,0.007752176245026507,0.002672338084760714,0.002514393598895508,0.012989958891157507,0.43902439024390244,0,0.4977560679970556
large-trade burst,5,7,7,38904,0.011174294756204255,0.5071200904791281,0.005253293537697157,0.0027322934004783707,-0.00010200152724045009,0.010608588602634764,0.9401330376940134,0,0.8736643156246209
large-trade burst,10,7,5,38904,0.011174407092060466,0.5060148056755089,0.004512788139635698,0.0029690051982284677,-0.0013064620488920983,0.010332038328163495,0.7738359201773836,0,1.49326980257235
large-trade burst,15,7,4,38903,0.011174232197000596,0.5055651235123255,0.0035295858644024134,0.0032047417609997794,-0.0027517079871571537,0.00981087971596198,0.7671840354767184,0,0.3105424903923998
large-trade burst,30,7,3,38903,0.011174569216234794,0.504074235920109,0.00016160176100341972,0.0038115692338583657,-0.007309073937358977,0.007632277459365817,0.35920177383592017,0,-8.066586847219703
large-trade burst with net large buying,1,7,4,18384,0.0052803460487880535,0.5059290687554395,-0.007516769699369396,0.004054652129253521,-0.015463887872706295,0.0004303484739675038,0.026607538802660754,1,0.6048060207870409
large-trade burst with net large buying,3,7,4,18384,0.00528036728194358,0.4968450826805918,-0.0066651667248052,0.004055492635061544,-0.014613932289525827,0.0012835988399154258,0.022172949002217297,1,1.494131064794418
large-trade burst with net large buying,5,7,5,18384,0.005280388515269871,0.48971932114882505,-0.012220179616017483,0.0038693180040094816,-0.019804042903876065,-0.004636316328158899,0.013303769401330377,1,0.9795639827877908
large-trade burst with net large buying,10,7,6,18384,0.005280441599332707,0.48917536988685817,-0.01242941569382084,0.004185760397947022,-0.020633506073797003,-0.004225325313844678,0.015521064301552107,1,1.005796911246411
large-trade burst with net large buying,15,7,5,18383,0.005280207451288126,0.48621008540499366,-0.015922547416053222,0.004323813442114706,-0.024397221762598044,-0.007447873069508398,0.03325942350332594,1,1.1897520426824815
large-trade burst with net large buying,30,7,5,18383,0.005280366704419819,0.4908883207311103,-0.01308569329918419,0.004749231273017346,-0.02239418659429819,-0.0037772000040701918,0.31929046563192903,0,0.9546596522268492
large-trade burst with net large selling,1,7,5,20520,0.005893858840357423,0.5283138401559454,0.014705047637602274,0.003465935417587944,0.007911814219129903,0.021498281056074646,0.017738359201773836,1,0.7595998403097276
large-trade burst with net large selling,3,7,7,20520,0.005893882540550601,0.5241228070175439,0.020668766554840637,0.003589981344323325,0.01363240311996692,0.027705129989714354,0.026607538802660754,1,0.7865482861513072
large-trade burst with net large selling,5,7,5,20520,0.005893906240934385,0.5227095516569201,0.02090789053856899,0.0038107482888111084,0.013438823892499218,0.028376957184638764,0.026607538802660754,1,0.9292923435999747
large-trade burst with net large selling,10,7,7,20520,0.00589396549272776,0.5211013645224172,0.019691417538966347,0.004156797155410935,0.011544095114360914,0.02783873996357178,0.29933481152993346,0,1.2176036347009034
large-trade burst with net large selling,15,7,7,20520,0.00589402474571247,0.5229044834307992,0.02095592924133306,0.004479191352738527,0.012176714189965547,0.02973514429270057,0.23503325942350334,0,0.9104189081437373
large-trade burst with net large selling,30,7,7,20520,0.005894202511814975,0.5158869395711502,0.01202929304226215,0.005024917115874045,0.002180455495149022,0.02187813058937528,0.3902439024390244,0,0.7655874942161053
net taker buying in each of the last 3 minutes,1,9,4,681134,0.1511955864013784,0.5090848496771561,0.0002895584420910261,0.0006305173643237223,-0.0009462555919834695,0.0015253724761655216,0.0022172949002217295,5,0.39876244295827834
net taker buying in each of the last 3 minutes,3,9,8,681129,0.1511950806309834,0.49407527795762624,-0.008729126575383182,0.0007397838594710403,-0.010179102939946422,-0.007279150210819943,0.0022172949002217295,5,1.3508742028699665
net taker buying in each of the last 3 minutes,5,9,8,681128,0.15119546276873216,0.4910354588271221,-0.011224884855992342,0.0007922061584451699,-0.012777608926544875,-0.00967216078543981,0.0022172949002217295,6,1.3588271187873522
net taker buying in each of the last 3 minutes,10,9,9,681126,0.15119652911659626,0.49011636613490017,-0.012526075967020087,0.000827376363857743,-0.014147733640181263,-0.01090441829385891,0.0022172949002217295,5,1.300629263335168
net taker buying in each of the last 3 minutes,15,9,9,681114,0.15119537566095284,0.49075631979374973,-0.012751265443391875,0.0008535107309855127,-0.01442414647612348,-0.01107838441066027,0.004434589800443459,6,1.2715044947218699
net taker buying in each of the last 3 minutes,30,9,9,681090,0.1511945790253567,0.49093658694152026,-0.01449997230184148,0.0009198897055131341,-0.016302956124647223,-0.012696988479035737,0.0022172949002217295,7,1.1570740175986183
net taker buying in each of the last 5 minutes,1,9,3,237980,0.052825913332472066,0.5090133624674342,0.00016947331339214476,0.0010396377769161774,-0.001868216729363563,0.0022071633561478524,0.0066518847006651885,2,2.4805822065002565
net taker buying in each of the last 5 minutes,3,9,8,237980,0.05282612440310342,0.4912429615934112,-0.011596221420899125,0.0013536135887542498,-0.014249304054857454,-0.008943138786940795,0.019955654101995565,4,1.2724702123818328
net taker buying in each of the last 5 minutes,5,9,8,237980,0.05282633547542148,0.48632658206571977,-0.016011102632616417,0.0014774202195935624,-0.0189068462630198,-0.013115359002213035,0.013303769401330377,5,1.318265301300061
net taker buying in each of the last 5 minutes,10,9,9,237979,0.05282664118333239,0.4851352430256451,-0.017621447339936577,0.001630213379384725,-0.020816665563530637,-0.014426229116342516,0.0066518847006651885,4,1.25489578679212
net taker buying in each of the last 5 minutes,15,9,9,237974,0.052826058967426294,0.4864901207694958,-0.017144824609557265,0.0016694008478558026,-0.020416850271354637,-0.013872798947759892,0.019955654101995565,3,1.2417373904189417
net taker buying in each of the last 5 minutes,30,9,9,237965,0.052825644184717156,0.4878238396402832,-0.0177479316290118,0.0017948230770489593,-0.02126578486002776,-0.014230078397995838,0.0066518847006651885,4,1.14259875692043
net taker selling in each of the last 3 minutes,1,9,5,703770,0.15622024130596632,0.5118135186211404,0.002389695436586306,0.0006180359674333344,0.0011783449404169706,0.0036010459327556416,0.0022172949002217295,3,0.8276152964564878
net taker selling in each of the last 3 minutes,3,9,8,703767,0.15622019956634542,0.5138874087588647,0.01109539500039258,0.000738792228885014,0.009647362231777952,0.012543427769007206,0.0022172949002217295,6,1.2875326754954692
net taker selling in each of the last 3 minutes,5,9,9,703767,0.1562208237605301,0.5154617934628932,0.013495406882563999,0.0007747008542986868,0.011976993208138572,0.015013820556989426,0.0022172949002217295,7,1.2545397301496117
net taker selling in each of the last 3 minutes,10,9,9,703763,0.1562214963467598,0.5175137084501459,0.015365587664173994,0.0008341872556397617,0.01373058064312006,0.017000594685227927,0.0022172949002217295,7,1.1806679567126168
net taker selling in each of the last 3 minutes,15,9,9,703762,0.15622283489387018,0.5179734057820684,0.014984047763661405,0.000876401001922069,0.01326630179989415,0.016701793727428662,0.0022172949002217295,8,1.1532725435274411
net taker selling in each of the last 3 minutes,30,9,9,703748,0.1562244088151885,0.5216299016125091,0.016635445876995354,0.0009294339203514368,0.014813755393106538,0.01845713636088417,0.0022172949002217295,8,1.1103529067215976
net taker selling in each of the last 5 minutes,1,9,5,248348,0.05512736332587937,0.5133763911930034,0.003585249232936007,0.0010230161636721913,0.0015801375521385117,0.005590360913733502,0.0022172949002217295,2,0.9723259805397435
net taker selling in each of the last 5 minutes,3,9,8,248348,0.0551275835921587,0.5190418284020809,0.016211882032245124,0.00132132787898969,0.013622079389425331,0.018801684675064916,0.0022172949002217295,4,1.1182820393261919
net taker selling in each of the last 5 minutes,5,9,9,248348,0.05512780386019823,0.5203464493372204,0.018436022714068714,0.0014619183686555043,0.015570662711503924,0.021301382716633503,0.004434589800443459,5,1.1838559805824702
net taker selling in each of the last 5 minutes,10,9,9,248348,0.055128354537998026,0.5215342986454491,0.01950753629683447,0.0016353824757365705,0.01630218664439079,0.022712885949278148,0.008869179600886918,5,1.1348008652510029
net taker selling in each of the last 5 minutes,15,9,9,248347,0.055128683244318355,0.5223256169794682,0.019458221051023808,0.001734208837645068,0.016059171729239475,0.02285727037280814,0.0066518847006651885,2,1.1405847575830146
net taker selling in each of the last 5 minutes,30,9,9,248341,0.05512900343528184,0.5262965035978755,0.021377749744022467,0.0018726418167098167,0.017707371783271225,0.025048127704773708,0.0066518847006651885,4,1.070303447561873
trade-count climax,1,9,4,234701,0.0520980531349043,0.5046420765143735,-0.000762930474328898,0.0010245790607465374,-0.002771105433392111,0.0012452444847343151,0.0066518847006651885,3,-0.9442526050730551
trade-count climax,3,9,6,234699,0.05209781734298668,0.5044077733607727,0.002250754921905759,0.0012626032949329125,-0.00022394753616274956,0.004725457379974268,0.028824833702882482,2,1.2370599820434736
trade-count climax,5,9,6,234699,0.05209802550527753,0.5070238901742231,0.0046578530425513106,0.0013962839885625895,0.0019211364249686353,0.007394569660133986,0.019955654101995565,2,1.2075595287623726
trade-count climax,10,9,7,234699,0.052098545918282405,0.5114039684872966,0.00783450472124784,0.0016500288099905696,0.004600448253666324,0.011068561188829356,0.0066518847006651885,2,1.1615717289682945
trade-count climax,15,9,8,234698,0.05209884435920317,0.5134811545049381,0.009152914062911566,0.001898953302060223,0.005430965590873529,0.012874862534949603,0.0066518847006651885,2,1.0229068815126328
trade-count climax,30,9,8,234694,0.052099517728607186,0.5161699915634826,0.009807772563320057,0.0024017684415418685,0.005100306417897995,0.014515238708742119,0.022172949002217297,1,1.08793612362633
trade-count climax at a new 1h high,1,8,7,36486,0.009172070209097861,0.4806501123718686,-0.024329200948606657,0.0028381014560508898,-0.029891879802466402,-0.018766522094746912,0.0066518847006651885,2,1.1914130650281498
trade-count climax at a new 1h high,3,8,7,36484,0.009171604326873525,0.44937506852318826,-0.05267971724778988,0.003138310337780333,-0.05883080550983933,-0.04652862898574043,0.0022172949002217295,5,1.1340781103269806
trade-count climax at a new 1h high,5,8,7,36484,0.009171641216979552,0.43969959434272554,-0.06253708404966568,0.003266468588995523,-0.0689393624840969,-0.05613480561523446,0.0022172949002217295,5,1.148336364014811
trade-count climax at a new 1h high,10,8,8,36484,0.009171733443542957,0.43421773928297336,-0.06910582092660857,0.003495938764304884,-0.07595786090464614,-0.062253780948570994,0.0022172949002217295,5,1.1384502194568895
trade-count climax at a new 1h high,15,8,8,36484,0.009171825671961172,0.4394255015897379,-0.06477848932478278,0.0037019563045966376,-0.07203432368179219,-0.05752265496777337,0.0022172949002217295,4,1.1047146176124998
trade-count climax at a new 1h high,30,8,8,36484,0.009172102368345236,0.43665716478456307,-0.06962516230629424,0.004130252356526471,-0.07772045692508613,-0.06152986768750236,0.0022172949002217295,5,1.0861141507978518
trade-count climax at a new 1h low,1,8,6,40113,0.010083847292044689,0.5376311918829307,0.032581249689245945,0.002704274822181953,0.027280871037769317,0.037881628340722576,0.0022172949002217295,4,1.1414225418810047
trade-count climax at a new 1h low,3,8,8,40113,0.010083887851219102,0.567197666591878,0.06524437244976028,0.0028270534305245222,0.059703347725932214,0.07078539717358834,0.0022172949002217295,6,1.084659584034598
trade-count climax at a new 1h low,5,8,8,40113,0.010083928410719789,0.5778675242440107,0.07580173664389735,0.0030081874438399182,0.0699056892539711,0.08169778403382359,0.0022172949002217295,6,1.1210075337637866
trade-count climax at a new 1h low,10,8,8,40113,0.010084029810898988,0.5873906214942787,0.08428154499591947,0.0032624713233156055,0.07788710120222088,0.09067598878961806,0.0022172949002217295,6,1.1174066653389447
trade-count climax at a new 1h low,15,8,8,40112,0.010083879820022656,0.5841643398484244,0.08015695388421337,0.003536498623801455,0.07322541658156252,0.08708849118686422,0.0022172949002217295,6,1.0707230503938956
trade-count climax at a new 1h low,30,8,8,40110,0.010083681229972793,0.5907504363001745,0.08464663311569956,0.003743384723457641,0.07730959905772258,0.09198366717367654,0.0022172949002217295,5,1.069350852221981
trade-count climax with no new 1h high or low,1,8,5,157126,0.03949927927628982,0.5015974440894568,-0.003953267220667581,0.0012340647800539925,-0.006372034189573407,-0.0015345002517617558,0.026607538802660754,1,0.09738536285666059
trade-count climax with no new 1h high or low,3,8,3,157126,0.039499438149992586,0.5009673765003883,-0.0012497030894519417,0.0015259944490899633,-0.00424065220966827,0.0017412460307643862,0.13082039911308205,0,0.6119615418702923
trade-count climax with no new 1h high or low,5,8,5,157126,0.03949959702497339,0.5043722872089915,0.0019090092084037395,0.0017529236256953046,-0.0015267210979590573,0.005344739514766536,0.07538802660753881,0,1.6697849639606772
trade-count climax with no new 1h high or low,10,8,6,157126,0.03949999421801696,0.5096992222802083,0.005954472119402797,0.0020731831619604057,0.0018910331219604021,0.010017911116845192,0.0598669623059867,0,1.2449172326168902
trade-count climax with no new 1h high or low,15,8,7,157126,0.03950039141904866,0.5124740653997429,0.008040253838683046,0.0023997818484353915,0.003336681415749678,0.012743826261616412,0.03547671840354767,1,1.044521290110359
trade-count climax with no new 1h high or low,30,8,6,157124,0.03950108026871716,0.5154273058221531,0.00897697133145611,0.0029812018039938513,0.0031338157956281613,0.014820126867284057,0.10199556541019955,0,1.126328482996505
