year,horizon,pattern,fires,share,up_rate,base,diff,se,z,p,p_adj,fires_print,diff_print,z_print,fires_vwap,diff_vwap,z_vwap
2022,1,funding rate in the bottom decile of the previous year,216480,0.41187214611872147,0.500369549150037,0.4998477929984779,0.0008871474937222623,0.0011724261700495515,0.7566766389091842,0.449243613907115,1.0,216480,0.0008871474937222623,0.7566766389091842,216480,-0.0010022084004719378,-0.6904156213100084
2022,1,open interest up over 15 minutes (top decile),19815,0.037699771689497716,0.49603835478173103,0.4998477929984779,-0.003958679531267606,0.003445813473490336,-1.1488374404833286,0.2506230177289477,1.0,19815,-0.003958679531267606,-1.1488374404833286,19815,-0.006107827515135167,-1.6714878431190863
2022,1,open interest down over 15 minutes (bottom decile),25820,0.049124809741248096,0.49562354763749034,0.4998477929984779,-0.004442481415292854,0.002847653080636339,-1.5600500796607335,0.11874804709736253,0.9960159362549801,25820,-0.004442481415292854,-1.5600500796607335,25820,-0.0027528394445531235,-0.9309483954355963
2022,1,open interest up over 60 minutes (top decile),19105,0.036348934550989344,0.4947919392829102,0.4998477929984779,-0.005246560603564432,0.0033299556162983196,-1.5755647246123565,0.11512615105112012,0.9960159362549801,19105,-0.005246560603564432,-1.5755647246123565,19105,-0.0058534357357956646,-1.4616176824267384
2022,1,open interest down over 60 minutes (bottom decile),25705,0.04890601217656012,0.4916164170394865,0.4998477929984779,-0.008654639882467119,0.0030193402114764567,-2.8664010268107556,0.004151679546063658,0.41832669322709165,25705,-0.008654639882467119,-2.8664010268107556,25705,-0.006617478369154273,-2.138487535248608
2022,1,"long liquidation signature (open interest down, price down hard, perp volume heavy)",3072,0.005844748858447489,0.5065104166666666,0.4998477929984779,0.006701793970849357,0.00791635370388038,0.846575863274568,0.3972315721212212,1.0,3072,0.006701793970849357,0.846575863274568,3072,0.00019963045042564742,0.026992423471802866
2022,1,"short liquidation signature (open interest down, price up hard, perp volume heavy)",2330,0.004433028919330289,0.4553648068669528,0.4998477929984779,-0.04468105855625126,0.009455608556822776,-4.725349858525103,2.2971951079142627e-06,0.01593625498007968,2330,-0.04468105855625126,-4.725349858525103,2330,-0.048233233878964,-5.352497882935784
2022,3,funding rate in the bottom decile of the previous year,216480,0.4118737133702944,0.5010670731707317,0.4997907145765395,0.0021702117779949792,0.0016488636109066811,1.3161863501867312,0.18811150396366605,1.0,216480,0.0021702117779949792,1.3161863501867312,216480,0.0020582683374757438,1.3467594008387094
2022,3,open interest up over 15 minutes (top decile),19815,0.03769991514427376,0.5029018420388595,0.4997907145765395,0.0032330117302092898,0.005160889952389799,0.6264446171172886,0.5310233524216499,1.0,19815,0.0032330117302092898,0.6264446171172886,19815,-0.0006772581269772759,-0.15277860911207566
2022,3,open interest down over 15 minutes (bottom decile),25820,0.04912499667045917,0.4915956622773044,0.4997907145765395,-0.008618432780901408,0.004253914007251451,-2.026000705752388,0.0427647123214574,0.952191235059761,25820,-0.008618432780901408,-2.026000705752388,25820,-0.007037481419441938,-1.8867864793823026
2022,3,open interest up over 60 minutes (top decile),19105,0.03634907286557407,0.5031667102852656,0.4997907145765395,0.003503338827022362,0.004961524116204628,0.7061013400257902,0.4801251184478392,1.0,19105,0.003503338827022362,0.7061013400257902,19105,-0.001226465580675462,-0.28103862754306846
2022,3,open interest down over 60 minutes (bottom decile),25705,0.048906198273205,0.48652013226998636,0.4997907145765395,-0.013952968973679813,0.004727107334364392,-2.9516928613502564,0.0031603711507608434,0.3705179282868526,25705,-0.013952968973679813,-2.9516928613502564,25705,-0.011387056943004348,-2.729948112356828
2022,3,"long liquidation signature (open interest down, price down hard, perp volume heavy)",3072,0.005844771098824577,0.50390625,0.4997907145765395,0.00413973120476302,0.011905133517865835,0.3477265667411956,0.7280455429279404,1.0,3072,0.00413973120476302,0.3477265667411956,3072,0.007819620608591704,0.7372557223548332
2022,3,"short liquidation signature (open interest down, price up hard, perp volume heavy)",2330,0.004433045787845463,0.44163090128755367,0.4997907145765395,-0.05841878644416321,0.012232553181717225,-4.7756821962136184,1.790990501682188e-06,0.01593625498007968,2330,-0.05841878644416321,-4.7756821962136184,2330,-0.061566708478288656,-5.521906247466782
2022,5,funding rate in the bottom decile of the previous year,216480,0.4118752806337948,0.5019863266814486,0.5000608832639518,0.003273869222112924,0.0021391745361103017,1.530435767090729,0.12590890137949207,0.9960159362549801,216480,0.003273869222112924,1.530435767090729,216480,0.0039393000206668916,1.991770046614698
2022,5,open interest up over 15 minutes (top decile),19815,0.037700058600141556,0.5069896543022963,0.5000608832639518,0.007200219744651737,0.006397987244724891,1.1253882618456739,0.2604245429697327,1.0,19815,0.007200219744651737,1.1253882618456739,19815,0.004375899615987944,0.7425365133368219
2022,5,open interest down over 15 minutes (bottom decile),25820,0.04912518360109285,0.491130906274206,0.5000608832639518,-0.009391327686608386,0.005249820655818568,-1.7888854310098448,0.07363326857062225,0.9920318725099602,25820,-0.009391327686608386,-1.7888854310098448,25820,-0.007975268660096402,-1.63923374873649
2022,5,open interest up over 60 minutes (top decile),19105,0.03634921118121143,0.5133211201256216,0.5000608832639518,0.013760417171373662,0.006080632433471372,2.262991115139314,0.023636236992891302,0.8326693227091634,19105,0.013760417171373662,2.262991115139314,19105,0.009102485498193036,1.6192600496116432
2022,5,open interest down over 60 minutes (bottom decile),25705,0.04890638437126615,0.48939894962069636,0.5000608832639518,-0.011210183170252075,0.0059436132758735015,-1.8860889243512522,0.05928297257121318,0.9840637450199203,25705,-0.011210183170252075,-1.8860889243512522,25705,-0.012943645289853145,-2.241694781016512
2022,5,"long liquidation signature (open interest down, price down hard, perp volume heavy)",3072,0.005844793339370924,0.4860026041666667,0.5000608832639518,-0.01414092991023691,0.0148280433572537,-0.9536612194568029,0.3402551563577958,1.0,3072,-0.01414092991023691,-0.9536612194568029,3072,-0.007625479583234451,-0.5314357247486932
2022,5,"short liquidation signature (open interest down, price up hard, perp volume heavy)",2330,0.004433062656489014,0.45107296137339054,0.5000608832639518,-0.049206055417304884,0.015543120212666215,-3.1657771891390554,0.001546692183314713,0.2749003984063745,2330,-0.049206055417304884,-3.1657771891390554,2330,-0.04318931726417091,-3.0296971494458598
2022,10,funding rate in the bottom decile of the previous year,216480,0.41187919884472907,0.5046424611973392,0.5011292050282444,0.005973698196346078,0.0029476268069310346,2.026612793145847,0.042702027192205394,0.952191235059761,216480,0.005973698196346078,2.026612793145847,216480,0.005772885791835269,2.097517506084996
2022,10,open interest up over 15 minutes (top decile),19815,0.037700417244587524,0.5159727479182438,0.5011292050282444,0.015425074639954572,0.008339157118739187,1.8497162747170688,0.06435445357854364,0.9840637450199203,19815,0.015425074639954572,1.8497162747170688,19815,0.01102437870124029,1.3797892578086848
2022,10,open interest down over 15 minutes (bottom decile),25820,0.049125650933901074,0.4987219209914795,0.5011292050282444,-0.00253165314547521,0.006818416256320979,-0.3712963612522561,0.7104168078729223,1.0,25820,-0.00253165314547521,-0.3712963612522561,25820,-0.004721507609276643,-0.7186560309119228
2022,10,open interest up over 60 minutes (top decile),19105,0.03634955697491015,0.5194451714210939,0.5011292050282444,0.0190068572327452,0.008688264807106705,2.1876470911888224,0.028695318808493298,0.8725099601593626,19105,0.0190068572327452,2.1876470911888224,19105,0.014978388954033917,1.8109164254662025
2022,10,open interest down over 60 minutes (bottom decile),25705,0.0489068496226153,0.49192764053686056,0.5011292050282444,-0.009674724802436807,0.008156168964041366,-1.1861849411274334,0.23554927184612273,1.0,25705,-0.009674724802436807,-1.1861849411274334,25705,-0.008848701728853159,-1.1245717259259382
2022,10,"long liquidation signature (open interest down, price down hard, perp volume heavy)",3072,0.005844848941477308,0.4710286458333333,0.5011292050282444,-0.03027752676517509,0.017956632647079925,-1.6861472504478041,0.09176744101338885,0.9960159362549801,3072,-0.03027752676517509,-1.6861472504478041,3072,-0.018130084220023546,-1.0098391338822357
2022,10,"short liquidation signature (open interest down, price up hard, perp volume heavy)",2330,0.0044331048286595474,0.46180257510729616,0.5011292050282444,-0.039501745298772706,0.01735553528353543,-2.2760315169447174,0.022844123327794952,0.8286852589641435,2330,-0.039501745298772706,-2.2760315169447174,2330,-0.04000465125385316,-2.2301603553324574
2022,15,funding rate in the bottom decile of the previous year,216480,0.41188311713021275,0.5044576866223208,0.5005365439718714,0.006667284624300718,0.003639556063785466,1.831895018912318,0.06696706282040288,0.9840637450199203,216480,0.006667284624300718,1.831895018912318,216480,0.005979727148328728,1.6950645431255242
2022,15,open interest up over 15 minutes (top decile),19815,0.03770077589585719,0.5241483724451174,0.5005365439718714,0.024536888196316997,0.009755187487567632,2.515265670453562,0.01189427167005852,0.6693227091633466,19815,0.024536888196316997,2.515265670453562,19815,0.018855239342771946,1.9316500141159016
2022,15,open interest down over 15 minutes (bottom decile),25820,0.04912611827560095,0.49690162664601084,0.5005365439718714,-0.0038227123446367695,0.008082407620115922,-0.47296703214059654,0.6362366999770868,1.0,25820,-0.0038227123446367695,-0.47296703214059654,25820,-0.003376541956724821,-0.41407316652108145
2022,15,open interest up over 60 minutes (top decile),19105,0.03634990277518808,0.5178749018581523,0.5005365439718714,0.01799237911791135,0.010688331946670047,1.6833664230943801,0.09230417908423938,0.9960159362549801,19105,0.01799237911791135,1.6833664230943801,19105,0.01428506189037837,1.3855837569306122
2022,15,open interest down over 60 minutes (bottom decile),25705,0.048907314882816515,0.49593464306555146,0.5005365439718714,-0.004838540952244785,0.010068470710512154,-0.4805636418242769,0.6308266612588005,1.0,25705,-0.004838540952244785,-0.4805636418242769,25705,-0.0033673373531524775,-0.3373486382000711
2022,15,"long liquidation signature (open interest down, price down hard, perp volume heavy)",3072,0.0058449045446416,0.4593098958333333,0.5005365439718714,-0.04146903066432989,0.02109450317469894,-1.9658690380567225,0.049313740408849505,0.9641434262948207,3072,-0.04146903066432989,-1.9658690380567225,3072,-0.0347115599613918,-1.6334386788975366
2022,15,"short liquidation signature (open interest down, price up hard, perp volume heavy)",2330,0.004433147001632463,0.451931330472103,0.5005365439718714,-0.048821647037949445,0.019796225418280584,-2.4662098964010424,0.01365512906755928,0.6972111553784861,2330,-0.048821647037949445,-2.4662098964010424,2330,-0.04807794456513331,-2.4194442172491835
2022,30,funding rate in the bottom decile of the previous year,216480,0.4118948724339813,0.5048734294161124,0.5015059811138742,0.005725929165377119,0.005161821920575834,1.109284522690073,0.26730745977068837,1.0,216480,0.005725929165377119,1.109284522690073,216480,0.006680547084631061,1.3146641843308462
2022,30,open interest up over 15 minutes (top decile),19815,0.0377018518906104,0.5226343679031037,0.5015059811138742,0.021956175256847343,0.011656006276142048,1.8836790867029702,0.05960839693530584,0.9840637450199203,19815,0.021956175256847343,1.8836790867029702,19815,0.019055839770592775,1.643764943560294
2022,30,open interest down over 15 minutes (bottom decile),25820,0.04912752035405302,0.5047637490317584,0.5015059811138742,0.0034260828740118043,0.009818704701551583,0.3489343022476685,0.7271386322621638,1.0,25820,0.0034260828740118043,0.3489343022476685,25820,0.0058377755313470114,0.59533901475359
2022,30,open interest up over 60 minutes (top decile),19105,0.03635094021549895,0.513059408531798,0.5015059811138742,0.011989247849738427,0.013931758335808155,0.8605696108669225,0.3894751291171148,1.0,19105,0.011989247849738427,0.8605696108669225,19105,0.009036358870680328,0.6483260242365886
2022,30,open interest down over 60 minutes (bottom decile),25705,0.04890871071653497,0.49834662517020034,0.5015059811138742,-0.003321821973634176,0.012658254509799982,-0.26242338318149877,0.7929950470303988,1.0,25705,-0.003321821973634176,-0.26242338318149877,25705,-0.0017183693344969275,-0.13580259066907827
2022,30,"long liquidation signature (open interest down, price down hard, perp volume heavy)",3072,0.005845071360482218,0.4850260416666667,0.5015059811138742,-0.01657683221443168,0.024629915146531095,-0.6730365133542241,0.50092406172623,1.0,3072,-0.01657683221443168,-0.6730365133542241,3072,-0.008304839832827482,-0.33396915050157466
2022,30,"short liquidation signature (open interest down, price up hard, perp volume heavy)",2330,0.004433273525365745,0.4995708154506438,0.5015059811138742,-0.0019437829848763521,0.02079053689858799,-0.09349364060955857,0.9255114016259127,1.0,2330,-0.0019437829848763521,-0.09349364060955857,2330,-0.0014266848354773654,-0.06755901669854997
2023,1,funding rate in the top decile of the previous year,33120,0.06320357390257261,0.5133454106280193,0.5241488413632278,-0.011532314208556715,0.00434608700663605,-2.653493634837038,0.007966327304824272,0.5577689243027888,33120,-0.011532314208556715,-2.653493634837038,33120,0.001330994881368952,0.422147707455904
2023,1,funding rate in the bottom decile of the previous year,5280,0.010075932071424619,0.5280303030303031,0.5241488413632278,0.0039209690852322066,0.018595410975404247,0.21085681249090912,0.832999005045306,1.0,5280,0.0039209690852322066,0.21085681249090912,5280,0.005291177366034572,0.8614553492485674
2023,1,open interest up over 15 minutes (top decile),42115,0.08036891651288784,0.5049507301436543,0.5241488413632278,-0.02087588334528334,0.0028837538471572673,-7.2391349788270825,4.516387264175137e-13,0.00398406374501992,42115,-0.02087588334528334,-7.2391349788270825,42095,-0.0027327446544869183,-1.06304243444452
2023,1,open interest down over 15 minutes (bottom decile),42521,0.08114369462292542,0.5102655158627502,0.5241488413632278,-0.015109354334549963,0.0025659049834468903,-5.888508901156939,3.896955647064715e-09,0.00398406374501992,42521,-0.015109354334549963,-5.888508901156939,42495,0.00014587887172545777,0.062149499215091074
2023,1,open interest up over 60 minutes (top decile),44655,0.08521605050179287,0.5114544843802485,0.5241488413632278,-0.013876890811150067,0.0028932901071178707,-4.7962320740015345,1.6167795811039554e-06,0.01593625498007968,44655,-0.013876890811150067,-4.7962320740015345,44655,0.004277626961418535,1.651707702965862
2023,1,open interest down over 60 minutes (bottom decile),45716,0.08724077851841816,0.5124464082596902,0.5241488413632278,-0.012820942071165575,0.002822751794319217,-4.542001212068202,5.572272071097117e-06,0.01593625498007968,45716,-0.012820942071165575,-4.542001212068202,45670,0.0058052482739205935,2.3515667244395435
2023,1,"long liquidation signature (open interest down, price down hard, perp volume heavy)",4018,0.007667631640716689,0.5345943255350921,0.5241488413632278,0.01052619515892117,0.007510030247723338,1.4016182108070976,0.1610292859665483,1.0,4018,0.01052619515892117,1.4016182108070976,4018,0.04087037390326537,5.601418237202169
2023,1,"short liquidation signature (open interest down, price up hard, perp volume heavy)",3807,0.007264976021953319,0.4741266088783819,0.5241488413632278,-0.050388302292789955,0.0073780510217550535,-6.829486831171823,8.521849892417777e-12,0.00398406374501992,3807,-0.050388302292789955,-6.829486831171823,3807,-0.03951158903299451,-5.3807111198421795
2023,3,funding rate in the top decile of the previous year,33118,0.06319999847333779,0.4999094148197355,0.5069911587175274,-0.007559504575417542,0.0037854180308873704,-1.997006542932712,0.04582447222878483,0.9561752988047809,33118,-0.007559504575417542,-1.997006542932712,33118,-0.0008587305641504783,-0.228093819046828
2023,3,funding rate in the bottom decile of the previous year,5280,0.010075970527786205,0.5117424242424242,0.5069911587175274,0.004799626419241476,0.012924628717309409,0.3713550713308723,0.7103730846812779,1.0,5280,0.004799626419241476,0.3713550713308723,5280,0.004588765121017135,0.5084662225488533
2023,3,open interest up over 15 minutes (top decile),42115,0.08036922325335531,0.4998456606909652,0.5069911587175274,-0.007769963997769469,0.003347239552083944,-2.321305026684451,0.020270387138211055,0.796812749003984,42115,-0.007769963997769469,-2.321305026684451,42095,-0.0016420464388083866,-0.5251656805603161
2023,3,open interest down over 15 minutes (bottom decile),42521,0.08114400432045403,0.5105242115660498,0.5069911587175274,0.0038450560970758607,0.0034676824819919712,1.1088258850236805,0.26750530151248775,1.0,42521,0.0038450560970758607,1.1088258850236805,42495,0.0079972238353066,2.608304974227516
2023,3,open interest up over 60 minutes (top decile),44655,0.08521637574210096,0.5049378569029224,0.5069911587175274,-0.00224457648798726,0.003404500910836712,-0.6592967799898806,0.5097052097405514,1.0,44655,-0.00224457648798726,-0.6592967799898806,44655,0.002654996984802205,0.8391024110521346
2023,3,open interest down over 60 minutes (bottom decile),45714,0.08723729483091262,0.5117688235551472,0.5069911587175274,0.005234290150729515,0.00340975722821626,1.5350917383252296,0.12476129537466973,0.9960159362549801,45714,0.005234290150729515,1.5350917383252296,45668,0.008361444472844926,2.757557414002357
2023,3,"long liquidation signature (open interest down, price down hard, perp volume heavy)",4018,0.007667660905425185,0.5555002488800398,0.5069911587175274,0.048883915449911775,0.01017914426524404,4.802360019282014,1.5680643412618878e-06,0.01593625498007968,4018,0.048883915449911775,4.802360019282014,4018,0.05679850289680255,6.040651863901283
2023,3,"short liquidation signature (open interest down, price up hard, perp volume heavy)",3807,0.007265003749864032,0.47491463094299974,0.5069911587175274,-0.03231126926691469,0.010150212122507343,-3.1833097551987946,0.0014560175963753696,0.2749003984063745,3807,-0.03231126926691469,-3.1833097551987946,3807,-0.027770261345629876,-3.170084504587313
2023,5,funding rate in the top decile of the previous year,33116,0.06319642301681053,0.5034726416233845,0.5043653163924071,-0.0009528942789664985,0.00421436350097946,-0.2261063334344644,0.8211187187737721,1.0,33116,-0.0009528942789664985,-0.2261063334344644,33116,4.102810172701421e-05,0.010242474298830228
2023,5,funding rate in the bottom decile of the previous year,5280,0.010076008984441345,0.5053030303030303,0.5043653163924071,0.0009472584957367358,0.013131291341089769,0.07213749745789454,0.942492485288497,1.0,5280,0.0009472584957367358,0.07213749745789454,5280,-0.001966160759252489,-0.16989322141840502
2023,5,open interest up over 15 minutes (top decile),42115,0.08036952999616424,0.4997031936364716,0.5043653163924071,-0.005069560989987731,0.00406018362410265,-1.248603870990728,0.21180999581912463,1.0,42115,-0.005069560989987731,-1.248603870990728,42095,-0.000862863782665757,-0.22445775851348787
2023,5,open interest down over 15 minutes (bottom decile),42521,0.08114431402034666,0.5157451612144588,0.5043653163924071,0.012384801003782031,0.004216790954615313,2.937020387559588,0.0033138231729736844,0.3784860557768924,42521,0.012384801003782031,2.937020387559588,42495,0.013796776588396509,3.539674975701291
2023,5,open interest up over 60 minutes (top decile),44655,0.08521670098489172,0.505408128988915,0.5043653163924071,0.0011399558754849881,0.004218238408016494,0.2702445346186632,0.7869721331417403,1.0,44655,0.0011399558754849881,0.2702445346186632,44655,0.0028918269786706308,0.7284220871314618
2023,5,open interest down over 60 minutes (bottom decile),45712,0.08723381111681491,0.5147444872243612,0.5043653163924071,0.01137111667627988,0.004122326606292734,2.7584220665392847,0.0058081152552829085,0.4820717131474104,45712,0.01137111667627988,2.7584220665392847,45666,0.012077714895584957,3.1763108081425497
2023,5,"long liquidation signature (open interest down, price down hard, perp volume heavy)",4018,0.007667690170357068,0.574664011946242,0.5043653163924071,0.07084188921139056,0.012123042684118209,5.84357335507834,5.10927833374808e-09,0.00398406374501992,4018,0.07084188921139056,5.84357335507834,4018,0.07785404036052435,6.8280137152930935
2023,5,"short liquidation signature (open interest down, price up hard, perp volume heavy)",3807,0.007265031477986401,0.48226950354609927,0.5043653163924071,-0.02225751438896545,0.011711092228018503,-1.9005498339185554,0.05736100171131864,0.9840637450199203,3807,-0.02225751438896545,-1.9005498339185554,3807,-0.021070030202732515,-1.7937359557397545
2023,10,funding rate in the top decile of the previous year,33111,0.06318748425608574,0.5015855757905228,0.5038949489706342,-0.002465139119408155,0.005918525712142167,-0.4165123612373251,0.6770351239738825,1.0,33111,-0.002465139119408155,-0.4165123612373251,33111,-0.004054869453898879,-0.707065069031034
2023,10,funding rate in the bottom decile of the previous year,5280,0.010076105127363495,0.5034090909090909,0.5038949489706342,-0.0004908034486892365,0.016347834498262586,-0.03002253593534961,0.9760490801926365,1.0,5280,-0.0004908034486892365,-0.03002253593534961,5280,-0.002305424338828299,-0.13426427471961505
2023,10,open interest up over 15 minutes (top decile),42115,0.08037029686343061,0.5035972931259646,0.5038949489706342,-0.00032366923736204534,0.005095472464465374,-0.06352094719758343,0.9493516794735701,1.0,42115,-0.00032366923736204534,-0.06352094719758343,42095,-0.00036923642857966676,-0.07549742593285398
2023,10,open interest down over 15 minutes (bottom decile),42521,0.08114508828042107,0.5174854777639284,0.5038949489706342,0.01479072334484266,0.0056595121702348004,2.613427253082314,0.00896391645304595,0.5936254980079682,42521,0.01479072334484266,2.613427253082314,42495,0.014316505854616302,2.6183344034075096
2023,10,open interest up over 60 minutes (top decile),44655,0.08521751410273047,0.5085880640465793,0.5038949489706342,0.005130307092993558,0.005734839313899596,0.8945860227607727,0.37100842629308195,1.0,44655,0.005130307092993558,0.8945860227607727,44655,0.004920923809073496,0.8713465418566336
2023,10,open interest down over 60 minutes (bottom decile),45707,0.08722510171522789,0.5167698601964689,0.5038949489706342,0.014105242431653564,0.0055066292194727385,2.5615021221646996,0.010422060454734483,0.6374501992031872,45707,0.014105242431653564,2.5615021221646996,45661,0.014918182277106173,2.8285729494300247
2023,10,"long liquidation signature (open interest down, price down hard, perp volume heavy)",4018,0.007667763333664115,0.5776505724240916,0.5038949489706342,0.07432553405826425,0.015301368795235424,4.857443477959169,1.1891106577177624e-06,0.01593625498007968,4018,0.07432553405826425,4.857443477959169,4018,0.08382360372798392,5.674008837293732
2023,10,"short liquidation signature (open interest down, price up hard, perp volume heavy)",3807,0.007265100799218338,0.4799054373522459,0.5038949489706342,-0.024165073311819274,0.014726417429272779,-1.6409336098122946,0.10081119731230226,0.9960159362549801,3807,-0.024165073311819274,-1.6409336098122946,3807,-0.03053406330897579,-2.041367096993606
2023,15,funding rate in the top decile of the previous year,33106,0.0631785453247762,0.49716063553434425,0.5037489957195228,-0.007032674318355137,0.00731666052928698,-0.961186362303525,0.3364584722353121,1.0,33106,-0.007032674318355137,-0.961186362303525,33106,-0.006295724249684886,-0.8934138681154208
2023,15,funding rate in the bottom decile of the previous year,5280,0.010076201272120411,0.5,0.5037489957195228,-0.003787155864260039,0.014633024001067101,-0.2588088329509925,0.7957827423171795,1.0,5280,-0.003787155864260039,-0.2588088329509925,5280,0.0008200643641411709,0.05412552257806253
2023,15,open interest up over 15 minutes (top decile),42115,0.08037106374533165,0.5088448296331474,0.5037489957195228,0.005541184833067647,0.006072325180710038,0.9125309775356457,0.3614892701270134,1.0,42115,0.005541184833067647,0.9125309775356457,42095,0.005972038831873583,1.0032874946541894
2023,15,open interest down over 15 minutes (bottom decile),42521,0.0811458625552712,0.5259048470167682,0.5037489957195228,0.02411247922206594,0.0067914900732980185,3.550396004680703,0.0003846520733166159,0.13147410358565736,42521,0.02411247922206594,3.550396004680703,42495,0.0243309238235756,3.613579759597138
2023,15,open interest up over 60 minutes (top decile),44655,0.08521832723608654,0.5086104579554361,0.5037489957195228,0.005314341531597266,0.006952980744142043,0.7643256507037868,0.4446732031312588,1.0,44655,0.005314341531597266,0.7643256507037868,44655,0.005313737937669871,0.7816130704152832
2023,15,open interest down over 60 minutes (bottom decile),45702,0.08721639214743314,0.5198678394818608,0.5037489957195228,0.017658997843157387,0.006543671265327019,2.6986376801547474,0.0069623931729732025,0.5219123505976095,45702,0.017658997843157387,2.6986376801547474,45656,0.0171021028828634,2.6644136896049493
2023,15,"long liquidation signature (open interest down, price down hard, perp volume heavy)",4018,0.007667836498367388,0.5943255350920856,0.5037489957195228,0.09127643213029224,0.0173828157162118,5.250957820669108,1.5131032871096295e-07,0.00398406374501992,4018,0.09127643213029224,5.250957820669108,4018,0.1035324536475658,5.932101280574172
2023,15,"short liquidation signature (open interest down, price up hard, perp volume heavy)",3807,0.007265170121773182,0.47123719464145,0.5037489957195228,-0.03274973346312515,0.01683114843535791,-1.9457812750511065,0.05168101883037046,0.9641434262948207,3807,-0.03274973346312515,-1.9457812750511065,3807,-0.03760154581307967,-2.1329995250318343
2023,30,funding rate in the top decile of the previous year,33091,0.06315172750729019,0.4968722613399414,0.5055058092489961,-0.009215524180968104,0.009743562161738748,-0.9458064748799822,0.3442473024702095,1.0,33091,-0.009215524180968104,-0.9458064748799822,33091,-0.007502416606779472,-0.7847013731574968
2023,30,funding rate in the bottom decile of the previous year,5280,0.010076489717400265,0.4869318181818182,0.5055058092489961,-0.01876305681625401,0.024077551652128555,-0.7792759449690674,0.4358171815788121,1.0,5280,-0.01876305681625401,-0.7792759449690674,5280,-0.020795020693427035,-0.923688569211281
2023,30,open interest up over 15 minutes (top decile),42115,0.080373364478847,0.5136174759586846,0.5055058092489961,0.008820608708328126,0.007545375680991902,1.169008553218729,0.2424001853145774,1.0,42115,0.008820608708328126,1.169008553218729,42095,0.008363844603019865,1.1115472485069797
2023,30,open interest down over 15 minutes (bottom decile),42512,0.08113100963373486,0.5298268724124953,0.5055058092489961,0.026468477463587714,0.007559624133683121,3.5012954342072584,0.0004630022706557657,0.1394422310756972,42512,0.026468477463587714,3.5012954342072584,42486,0.026513174145683105,3.477011947191814
2023,30,open interest up over 60 minutes (top decile),44655,0.08522076672926304,0.5060799462546187,0.5055058092489961,0.0006276235672401098,0.009045043567542325,0.06938867265297702,0.9446802451010912,1.0,44655,0.0006276235672401098,0.06938867265297702,44655,0.0010132688273245538,0.1123713880291453
2023,30,open interest down over 60 minutes (bottom decile),45687,0.08719026244675492,0.5268019349048964,0.5055058092489961,0.02333030069659825,0.00904074331449315,2.5805732875080762,0.009863641759745745,0.6175298804780877,45687,0.02333030069659825,2.5805732875080762,45641,0.022029304038781117,2.486744191214411
2023,30,"long liquidation signature (open interest down, price down hard, perp volume heavy)",4018,0.007668056000854975,0.6040318566450971,0.5055058092489961,0.09928738865246667,0.01969656293513757,5.040848445458649,4.6347240978406035e-07,0.01593625498007968,4018,0.09928738865246667,5.040848445458649,4018,0.10719483608998948,5.415772922194185
2023,30,"short liquidation signature (open interest down, price up hard, perp volume heavy)",3807,0.007265378097375532,0.4699238245337536,0.5055058092489961,-0.03584239325414884,0.0190316972350033,-1.883299887107658,0.05965973872539343,0.9840637450199203,3807,-0.03584239325414884,-1.883299887107658,3807,-0.03410863556971172,-1.8045106974789287
2024,1,funding rate in the top decile of the previous year,102240,0.19398907103825136,0.5074921752738654,0.5122533394049787,-0.005907071430466093,0.002505580765853137,-2.357565763183358,0.018395196736542774,0.7689243027888446,102240,-0.005907071430466093,-2.357565763183358,102240,0.0005702434948675617,0.31720658998865664
2024,1,funding rate in the bottom decile of the previous year,43680,0.08287795992714025,0.5088827838827839,0.5122533394049787,-0.003675143955680249,0.002845008488907872,-1.2917866396564057,0.19643104341885564,1.0,43680,-0.003675143955680249,-1.2917866396564057,43680,0.003993815271124079,1.886116583754959
2024,1,open interest up over 15 minutes (top decile),47910,0.09090391621129326,0.5063034857023586,0.5122533394049787,-0.0065448018187734824,0.002664743361495447,-2.4560720981027444,0.014046497313658923,0.701195219123506,47910,-0.0065448018187734824,-2.4560720981027444,47910,-0.00044243074103433866,-0.1889025254494364
2024,1,open interest down over 15 minutes (bottom decile),51520,0.09775349119611415,0.5065605590062112,0.5122533394049787,-0.00630956212434064,0.002216454581833412,-2.846691367400582,0.004417616845749706,0.41832669322709165,51520,-0.00630956212434064,-2.846691367400582,51520,0.0005828467351596256,0.2754923126029586
2024,1,open interest up over 60 minutes (top decile),47125,0.0894144656952034,0.509580901856764,0.5122533394049787,-0.0029348561420483588,0.0027597655756526006,-1.063443999715213,0.2875806481715486,1.0,47125,-0.0029348561420483588,-1.063443999715213,47125,0.0024940006645186585,0.9517491096642979
2024,1,open interest down over 60 minutes (bottom decile),46440,0.08811475409836066,0.5039405684754522,0.5122533394049787,-0.009116027446312236,0.0025099870097866654,-3.631902241233928,0.0002813397057153111,0.10358565737051793,46440,-0.009116027446312236,-3.631902241233928,46440,-0.00042006600276789374,-0.17270812955100445
2024,1,"long liquidation signature (open interest down, price down hard, perp volume heavy)",7605,0.01442964480874317,0.5180802103879028,0.5122533394049787,0.005912181664385896,0.0054956747186697555,1.0757881364959965,0.2820220191929952,1.0,7605,0.005912181664385896,1.0757881364959965,7605,0.020257843880552295,3.9383637670099167
2024,1,"short liquidation signature (open interest down, price up hard, perp volume heavy)",5353,0.010156724347298118,0.4793573696992341,0.5122533394049787,-0.033233513339829546,0.007257036199627918,-4.579488433795258,4.6611456194778356e-06,0.01593625498007968,5353,-0.033233513339829546,-4.579488433795258,5353,-0.035460710265229456,-5.228785530744144
2024,3,funding rate in the top decile of the previous year,102240,0.19398980718657857,0.5037069640062598,0.5045803148919054,-0.0010835481901253496,0.002588369241090888,-0.41862195428836113,0.6754924420809436,1.0,102240,-0.0010835481901253496,-0.41862195428836113,102240,-2.5012348500164094e-05,-0.01010471086421868
2024,3,funding rate in the bottom decile of the previous year,43680,0.08287827443182465,0.5059523809523809,0.5045803148919054,0.0014960566544485188,0.003420564473222318,0.43737127779941226,0.6618421106248555,1.0,43680,0.0014960566544485188,0.43737127779941226,43680,0.0038566016835487327,1.3144770460569848
2024,3,open interest up over 15 minutes (top decile),47910,0.09090426117281866,0.5054268419954081,0.5045803148919054,0.0009311748667910624,0.003329399156804132,0.27968255620178956,0.7797210625851752,1.0,47910,0.0009311748667910624,0.27968255620178956,47910,0.001373562410033502,0.4550186960824157
2024,3,open interest down over 15 minutes (bottom decile),51520,0.09775386215035728,0.5051824534161491,0.5045803148919054,0.0006673772255527677,0.003281802292022532,0.20335692591081464,0.8388560644779763,1.0,51520,0.0006673772255527677,0.20335692591081464,51520,0.0018687377542826455,0.6434255672656026
2024,3,open interest up over 60 minutes (top decile),47125,0.08941480500457273,0.507289124668435,0.5045803148919054,0.0029748010306089867,0.0036685608391375797,0.8108904720545169,0.417428572394023,1.0,47125,0.0029748010306089867,0.8108904720545169,47125,0.0023185223984093506,0.7029004161316696
2024,3,open interest down over 60 minutes (bottom decile),46440,0.0881150884755938,0.5017657192075796,0.5045803148919054,-0.003086568983382443,0.0032547660140462577,-0.9483228502639071,0.3429651216306837,1.0,46440,-0.003086568983382443,-0.9483228502639071,46440,-0.0003570265832217867,-0.11070124263307522
2024,3,"long liquidation signature (open interest down, price down hard, perp volume heavy)",7605,0.014429699566255184,0.5228139381985536,0.5045803148919054,0.018500581134216154,0.008237897642841314,2.245789148678371,0.02471751669748823,0.8366533864541833,7605,0.018500581134216154,2.245789148678371,7605,0.0247515315000586,3.360052535340116
2024,3,"short liquidation signature (open interest down, price up hard, perp volume heavy)",5353,0.010156762889962393,0.4778628806276854,0.5045803148919054,-0.026991581356078764,0.009753710949696423,-2.7673140505479976,0.005652027868344289,0.47410358565737054,5353,-0.026991581356078764,-2.7673140505479976,5353,-0.030435774421852246,-3.1498094005875217
2024,5,funding rate in the top decile of the previous year,102240,0.19399054334049287,0.5031298904538342,0.5037986019930327,-0.0008296571878574355,0.0030202616980354972,-0.2746971192585989,0.7835489445537636,1.0,102240,-0.0008296571878574355,-0.2746971192585989,102240,-7.561864068306168e-05,-0.025990489229744073
2024,5,funding rate in the bottom decile of the previous year,43680,0.08287858893889602,0.5064789377289377,0.5037986019930327,0.0029225527869901624,0.004322762422912263,0.6760845267599107,0.4989869800986142,1.0,43680,0.0029225527869901624,0.6760845267599107,43680,0.0004019731912837665,0.09747802182497252
2024,5,open interest up over 15 minutes (top decile),47910,0.09090460613696218,0.5052181173032769,0.5037986019930327,0.001561459138201382,0.0041716120305395725,0.37430593419767677,0.7081767176018654,1.0,47910,0.001561459138201382,0.37430593419767677,47910,0.0040514628244079365,1.0046209436328384
2024,5,open interest down over 15 minutes (bottom decile),51520,0.09775423310741581,0.5091226708074534,0.5037986019930327,0.005900907501907415,0.004005096322796812,1.4733497090493775,0.14065676341333067,0.9960159362549801,51520,0.005900907501907415,1.4733497090493775,51520,0.005623000668146361,1.4751206846738165
2024,5,open interest up over 60 minutes (top decile),47125,0.08941514431651727,0.5041485411140584,0.5037986019930327,0.0003843014946289802,0.0040984195372454155,0.09376821751324968,0.9252932791655872,1.0,47125,0.0003843014946289802,0.09376821751324968,47125,0.002095846429792547,0.5170660459632404
2024,5,open interest down over 60 minutes (bottom decile),46440,0.08811542285536472,0.5059216192937123,0.5037986019930327,0.002328164500080998,0.004259163607973326,0.5466248104962628,0.584636520236028,1.0,46440,0.002328164500080998,0.5466248104962628,46440,0.0027665809784892526,0.6915886066477206
2024,5,"long liquidation signature (open interest down, price down hard, perp volume heavy)",7605,0.014429754324182788,0.5441157133464826,0.5037986019930327,0.04090739501353746,0.009974301597845408,4.101279133405596,4.108725650486811e-05,0.027888446215139442,7605,0.04090739501353746,4.101279133405596,7605,0.03140199163285373,3.3177669079552685
2024,5,"short liquidation signature (open interest down, price up hard, perp volume heavy)",5353,0.010156801432919194,0.4616103119745937,0.5037986019930327,-0.042621184930615064,0.011317760162076387,-3.765867479099828,0.00016597181220268098,0.09163346613545817,5353,-0.042621184930615064,-3.765867479099828,5353,-0.030756610474117374,-2.8728992239112427
2024,10,funding rate in the top decile of the previous year,102240,0.1939923837497225,0.5062891236306729,0.5034182050012238,0.003561900125466866,0.0040456328927365405,0.8804308793963584,0.37862593439899506,1.0,102240,0.003561900125466866,0.8804308793963584,102240,0.002876644126667549,0.7534999325992487
2024,10,funding rate in the bottom decile of the previous year,43680,0.08287937521701759,0.5059752747252747,0.5034182050012238,0.0027881498408739436,0.005146866567550719,0.5417179179371582,0.5880128443107346,1.0,43680,0.0027881498408739436,0.5417179179371582,43680,0.004379582719003738,0.8751230864134907
2024,10,open interest up over 15 minutes (top decile),47910,0.09090546855877547,0.5031308703819661,0.5034182050012238,-0.0003160668217881968,0.0052134081992409355,-0.060625757605977534,0.9516572596474613,1.0,47910,-0.0003160668217881968,-0.060625757605977534,47910,-0.0001511897758993408,-0.029058362274345835
2024,10,open interest down over 15 minutes (bottom decile),51520,0.09775516051237973,0.5145574534161491,0.5034182050012238,0.012346148104600108,0.005002247056845288,2.4681204195432755,0.013582461887244435,0.6972111553784861,51520,0.012346148104600108,2.4681204195432755,51520,0.011214576535780618,2.260308980859974
2024,10,open interest up over 60 minutes (top decile),47125,0.08941599260764548,0.49818567639257294,0.5034182050012238,-0.005746343628014405,0.005709450254530146,-1.0064618083772578,0.3141934743629349,1.0,47125,-0.005746343628014405,-1.0064618083772578,47125,-0.006587240487557433,-1.1937057921069363
2024,10,open interest down over 60 minutes (bottom decile),46440,0.08811625881589508,0.510142118863049,0.5034182050012238,0.007373652537212783,0.005653439507562108,1.3042772505745743,0.1921390689777216,1.0,46440,0.007373652537212783,1.3042772505745743,46440,0.005784073450003979,1.0455974359901115
2024,10,"long liquidation signature (open interest down, price down hard, perp volume heavy)",7605,0.014429891220820027,0.5470085470085471,0.5034182050012238,0.04422855524841185,0.01188131176971585,3.7225313252990757,0.00019723542954830364,0.09163346613545817,7605,0.04422855524841185,3.7225313252990757,7605,0.04577199998441617,3.9597907204838574
2024,10,"short liquidation signature (open interest down, price up hard, perp volume heavy)",5353,0.010156897791591008,0.4634784233140295,0.5034182050012238,-0.040349608537035675,0.013496151166454971,-2.9897122549520385,0.0027924036290853937,0.3545816733067729,5353,-0.040349608537035675,-2.9897122549520385,5353,-0.040385857942735914,-2.958498426870308
2024,15,funding rate in the top decile of the previous year,102240,0.1939942241938728,0.5098200312989045,0.505062368839488,0.005902764722322429,0.004978834188161888,1.1855716618073684,0.23579149888747075,1.0,102240,0.005902764722322429,1.1855716618073684,102240,0.005328184048074447,1.0919323263681433
2024,15,funding rate in the bottom decile of the previous year,43680,0.08288016151005832,0.5102564102564102,0.505062368839488,0.005663427175966795,0.006186830653458706,0.9154003872403869,0.3599814751742094,1.0,43680,0.005663427175966795,0.9154003872403869,43680,0.005041733161703088,0.8473815756999098
2024,15,open interest up over 15 minutes (top decile),47910,0.09090633099695271,0.5031308703819661,0.505062368839488,-0.002124641853066711,0.0057069370856388316,-0.37229109436185065,0.7096761285319404,1.0,47910,-0.002124641853066711,-0.37229109436185065,47910,-0.0012438363382681894,-0.21677911594133084
2024,15,open interest down over 15 minutes (bottom decile),51520,0.09775608793494059,0.5184006211180124,0.505062368839488,0.014783421755648951,0.005793187679132795,2.5518630803036473,0.010714861721952795,0.6533864541832669,51520,0.014783421755648951,2.5518630803036473,51520,0.01399702541128267,2.4728249465988443
2024,15,open interest up over 60 minutes (top decile),47125,0.08941684091486947,0.4959363395225464,0.505062368839488,-0.010022181088996385,0.006962956122764172,-1.4393572086761555,0.15004934172460893,1.0,47125,-0.010022181088996385,-1.4393572086761555,47125,-0.009063740616661264,-1.336311368173276
2024,15,open interest down over 60 minutes (bottom decile),46440,0.08811709479228728,0.5139750215331611,0.505062368839488,0.009773900401875535,0.00670687959700437,1.4572947464631765,0.14503503639140858,0.9960159362549801,46440,0.009773900401875535,1.4572947464631765,46440,0.011425047130499855,1.760958757870823
2024,15,"long liquidation signature (open interest down, price down hard, perp volume heavy)",7605,0.014430028120054799,0.5522682445759369,0.505062368839488,0.04789703124416944,0.01279894275869101,3.7422646657002496,0.00018236929271120417,0.09163346613545817,7605,0.04789703124416944,3.7422646657002496,7605,0.05073615163171974,4.029105321059045
2024,15,"short liquidation signature (open interest down, price up hard, perp volume heavy)",5353,0.010156994152091169,0.4569400336260041,0.505062368839488,-0.04861612895093581,0.014921489977328273,-3.258128311904723,0.0011214968474109188,0.23904382470119523,5353,-0.04861612895093581,-3.258128311904723,5353,-0.05340891440523243,-3.5368742182751407
2024,30,funding rate in the top decile of the previous year,102240,0.19399974573585752,0.5126369327073552,0.5057427643825271,0.008553556017326991,0.006705682296501255,1.2755683372875986,0.20210815273720883,1.0,102240,0.008553556017326991,1.2755683372875986,102240,0.008157805564194098,1.2130668414727288
2024,30,funding rate in the bottom decile of the previous year,43680,0.08288252047869969,0.5111263736263736,0.5057427643825271,0.005870141354907488,0.009205670261648424,0.6376658285668755,0.5236912341476712,1.0,43680,0.005870141354907488,0.6376658285668755,43680,0.005125396853943087,0.5713073632351915
2024,30,open interest up over 15 minutes (top decile),47910,0.09090891840967266,0.5000834898768525,0.5057427643825271,-0.006225200775014206,0.00723451631989319,-0.860486105739563,0.3895211392929254,1.0,47910,-0.006225200775014206,-0.860486105739563,47910,-0.007070535625664509,-0.9751012325691586
2024,30,open interest down over 15 minutes (bottom decile),51520,0.09775887030820989,0.5220302795031055,0.5057427643825271,0.018052286228784853,0.006932903547391647,2.6038565379402447,0.009218133328287692,0.5976095617529881,51520,0.018052286228784853,2.6038565379402447,51520,0.018701883220719417,2.6871651446773397
2024,30,open interest up over 60 minutes (top decile),47125,0.08941938593312095,0.4909283819628647,0.5057427643825271,-0.016269160786871684,0.00922180203032119,-1.7642062509451897,0.07769726070551686,0.9960159362549801,47125,-0.016269160786871684,-1.7642062509451897,47125,-0.01645142502953645,-1.7876462908311614
2024,30,open interest down over 60 minutes (bottom decile),46440,0.0881196028166395,0.5212747631352282,0.5057427643825271,0.01703293414429874,0.008871931405841367,1.9198676550952691,0.05487461842991759,0.9800796812749004,46440,0.01703293414429874,1.9198676550952691,46440,0.01583278088883966,1.801384566021872
2024,30,"long liquidation signature (open interest down, price down hard, perp volume heavy)",7605,0.014430438833345034,0.5580539119000657,0.5057427643825271,0.05307707297252151,0.013746738895297515,3.861066495609233,0.00011289317126572662,0.06374501992031872,7605,0.05307707297252151,3.861066495609233,7605,0.057750543562679835,4.232851597390107
2024,30,"short liquidation signature (open interest down, price up hard, perp volume heavy)",5353,0.010157283244562257,0.4733794134130394,0.5057427643825271,-0.032695447894560636,0.015453537271479962,-2.115725825109389,0.03436813283203444,0.9203187250996016,5353,-0.032695447894560636,-2.115725825109389,5353,-0.03212542966895643,-2.017569059238807
2025,1,funding rate in the bottom decile of the previous year,92160,0.17534246575342466,0.5135199652777778,0.5169520547945206,-0.00416183612495391,0.0027712670720830895,-1.501780960369715,0.13315368703234398,0.9960159362549801,92160,-0.00416183612495391,-1.501780960369715,92160,-0.0021859282715024353,-1.1340402766783058
2025,1,open interest up over 15 minutes (top decile),33335,0.06342275494672756,0.5005249737513124,0.5169520547945206,-0.017539483400831224,0.0030201266558131184,-5.807532398375198,6.340028724238778e-09,0.00398406374501992,33335,-0.017539483400831224,-5.807532398375198,33335,-0.001159021711291397,-0.4347908689924897
2025,1,open interest down over 15 minutes (bottom decile),32555,0.06193873668188737,0.5058516356934418,0.5169520547945206,-0.01183336263328294,0.0031937338973026625,-3.705181149649651,0.0002112397086069251,0.09163346613545817,32555,-0.01183336263328294,-3.705181149649651,32555,0.001028511167205759,0.36491910146672596
2025,1,open interest up over 60 minutes (top decile),36880,0.07016742770167428,0.5016268980477223,0.5169520547945206,-0.01648163035299799,0.0029154639275249753,-5.653175879623981,1.575099850548156e-08,0.00398406374501992,36880,-0.01648163035299799,-5.653175879623981,36880,-0.0008702932517685724,-0.3270678081129165
2025,1,open interest down over 60 minutes (bottom decile),34235,0.06513508371385084,0.5082225792317804,0.5169520547945206,-0.00933768655841627,0.003106349759716987,-3.005999736252175,0.0026470922738357494,0.3545816733067729,34235,-0.00933768655841627,-3.005999736252175,34235,0.00241467381342797,0.8573398965028899
2025,1,"long liquidation signature (open interest down, price down hard, perp volume heavy)",4837,0.009202815829528158,0.5096133967335125,0.5169520547945206,-0.007406821676781639,0.0064525657021772456,-1.1478878354206303,0.25101487060764227,1.0,4837,-0.007406821676781639,-1.1478878354206303,4837,0.00563640015539596,0.8197212200719706
2025,1,"short liquidation signature (open interest down, price up hard, perp volume heavy)",2755,0.005241628614916286,0.47186932849364793,0.5169520547945206,-0.04532027836880648,0.01026227602777769,-4.41620145922158,1.0045047137197116e-05,0.01593625498007968,2755,-0.04532027836880648,-4.41620145922158,2755,-0.027391866699432166,-2.8389326083836983
2025,3,funding rate in the bottom decile of the previous year,92160,0.1753431329647373,0.5016493055555555,0.5028310610009932,-0.0014330268656903566,0.002874208137046804,-0.4985814517812775,0.6180742747117178,1.0,92160,-0.0014330268656903566,-0.4985814517812775,92160,-0.0027987973902361962,-1.1116080462812945
2025,3,open interest up over 15 minutes (top decile),33335,0.06342299628232984,0.49263536823158843,0.5028310610009932,-0.010886123328817277,0.0040463647135251645,-2.6903465454880764,0.007137785409243369,0.5219123505976095,33335,-0.010886123328817277,-2.6903465454880764,33335,-0.006018607986175817,-1.6327598824684693
2025,3,open interest down over 15 minutes (bottom decile),32555,0.061938972370518916,0.5059130701889111,0.5028310610009932,0.0032855103209076253,0.004361728819800768,0.7532587321780584,0.45129445219748243,1.0,32555,0.0032855103209076253,0.7532587321780584,32555,0.00518177926439789,1.42582062607434
2025,3,open interest up over 60 minutes (top decile),36880,0.07016769470203464,0.48926247288503255,0.5028310610009932,-0.014592510970687922,0.004003569820321769,-3.644874855589533,0.00026752194643364646,0.10358565737051793,36880,-0.014592510970687922,-3.644874855589533,36880,-0.008109331338437664,-2.3487022458700797
2025,3,open interest down over 60 minutes (bottom decile),34235,0.06513533156518861,0.5092157149116401,0.5028310610009932,0.006829495355018977,0.003992348857310718,1.7106459377949719,0.08714649330166857,0.9960159362549801,34235,0.006829495355018977,1.7106459377949719,34235,0.005871607304204829,1.6360924448440923
2025,3,"long liquidation signature (open interest down, price down hard, perp volume heavy)",4837,0.009202850847986483,0.5164358073185858,0.5028310610009932,0.013731111690457043,0.01049695715562172,1.3081040045117502,0.19083803540005273,1.0,4837,0.013731111690457043,1.3081040045117502,4837,0.012012661975720818,1.2976300313266178
2025,3,"short liquidation signature (open interest down, price up hard, perp volume heavy)",2755,0.005241648560306546,0.4693284936479129,0.5028310610009932,-0.033679101366269226,0.013652827089649443,-2.466822522919243,0.013631790363473284,0.6972111553784861,2755,-0.033679101366269226,-2.466822522919243,2755,-0.035404965688551004,-3.0023446957738025
2025,5,funding rate in the bottom decile of the previous year,92160,0.17534380018112772,0.4982638888888889,0.49979261638216427,-0.0018537755413844947,0.003393603948603142,-0.5462557120572471,0.5848901748475925,1.0,92160,-0.0018537755413844947,-0.5462557120572471,92160,-0.0029755396173444804,-0.9696338923985788
2025,5,open interest up over 15 minutes (top decile),33335,0.0634232376197688,0.4896055197240138,0.49979261638216427,-0.010876947910025914,0.005155935731981887,-2.109597263316727,0.034893060275819066,0.9203187250996016,33335,-0.010876947910025914,-2.109597263316727,33335,-0.00957551816473906,-2.042511419367499
2025,5,open interest down over 15 minutes (bottom decile),32555,0.06193920806094415,0.5093841191829213,0.49979261638216427,0.010224820057696371,0.004881523704460049,2.0945960066432474,0.036206920510206464,0.9282868525896414,32555,0.010224820057696371,2.0945960066432474,32555,0.008496484325328957,1.7803567313507676
2025,5,open interest up over 60 minutes (top decile),36880,0.07016796170442698,0.48752711496746204,0.49979261638216427,-0.013191093562645473,0.0049335260032125836,-2.673765893613569,0.0075004790644437325,0.5298804780876494,36880,-0.013191093562645473,-2.673765893613569,36880,-0.013322123532026942,-2.8808794669040383
2025,5,open interest down over 60 minutes (bottom decile),34235,0.06513557941841262,0.5111435665254856,0.49979261638216427,0.012141814249663985,0.004811890524045354,2.5232939504734135,0.011626117194899033,0.6693227091633466,34235,0.012141814249663985,2.5232939504734135,34235,0.009926781470334933,2.1811785625248117
2025,5,"long liquidation signature (open interest down, price down hard, perp volume heavy)",4837,0.009202885866711315,0.5222245193301633,0.49979261638216427,0.022640258664481105,0.011633798102220027,1.9460762912982619,0.05164557604655329,0.9641434262948207,4837,0.022640258664481105,1.9460762912982619,4837,0.026303994684992615,2.2466274417502325
2025,5,"short liquidation signature (open interest down, price up hard, perp volume heavy)",2755,0.005241668505848599,0.4500907441016334,0.49979261638216427,-0.04996376577804318,0.01578462617956139,-3.1653436204107517,0.0015489990096668738,0.2749003984063745,2755,-0.04996376577804318,-3.1653436204107517,2755,-0.05600005798280827,-3.8373247510672504
2025,10,funding rate in the bottom decile of the previous year,92160,0.17534546824431926,0.4963650173611111,0.4984807578516375,-0.0025656082748032882,0.004585138567696276,-0.5595486890797139,0.5757873119685832,1.0,92160,-0.0025656082748032882,-0.5595486890797139,92160,-0.0026633620839447425,-0.5790334473475963
2025,10,open interest up over 15 minutes (top decile),33335,0.06342384097140172,0.48684565771711413,0.4984807578516375,-0.012423015493572998,0.006596992011796962,-1.8831333236962762,0.05968230219805748,0.9840637450199203,33335,-0.012423015493572998,-1.8831333236962762,33335,-0.01125173085426856,-1.7405692989079278
2025,10,open interest down over 15 minutes (bottom decile),32555,0.06193979729485474,0.5148825065274152,0.4984807578516375,0.017484750582616004,0.006612400509156908,2.644236470311043,0.008187543431076527,0.5737051792828686,32555,0.017484750582616004,2.644236470311043,32555,0.017915593693836385,2.774394149197953
2025,10,open interest up over 60 minutes (top decile),36880,0.0701686292192979,0.48674078091106293,0.4984807578516375,-0.012625920472781493,0.00662849386891533,-1.9047947727599794,0.056806753645316066,0.9840637450199203,36880,-0.012625920472781493,-1.9047947727599794,36880,-0.0098137135028602,-1.5675115768505175
2025,10,open interest down over 60 minutes (bottom decile),34235,0.06513619905972515,0.5164305535270921,0.4984807578516375,0.01920043931255111,0.006657164914655933,2.8841766065132037,0.003924386008529623,0.40239043824701193,34235,0.01920043931255111,2.8841766065132037,34235,0.017545786292730625,2.6519604263405663
2025,10,"long liquidation signature (open interest down, price down hard, perp volume heavy)",4837,0.00920297341468937,0.5253256150506512,0.4984807578516375,0.027094204442187353,0.01334550494450311,2.0302120118240414,0.042334993386222486,0.952191235059761,4837,0.027094204442187353,2.0302120118240414,4837,0.03826778583150292,2.8806815265208043
2025,10,"short liquidation signature (open interest down, price up hard, perp volume heavy)",2755,0.005241718370367834,0.46206896551724136,0.4984807578516375,-0.03660365840307017,0.018282316544878004,-2.002134593459115,0.04527025786199035,0.9561752988047809,2755,-0.03660365840307017,-2.002134593459115,2755,-0.04920986143711903,-2.728313002824226
2025,15,funding rate in the bottom decile of the previous year,92160,0.175347136339248,0.5002495659722223,0.4991647418310229,0.001315491874221697,0.005689710363494404,0.23120541999149707,0.8171552195284713,1.0,92160,0.001315491874221697,0.23120541999149707,92160,0.00044375851941214073,0.08038213585223614
2025,15,open interest up over 15 minutes (top decile),33335,0.06342444433451423,0.4848057597120144,0.4991647418310229,-0.015331365453805479,0.007726327299634353,-1.9843018369841818,0.04722220153033674,0.9641434262948207,33335,-0.015331365453805479,-1.9843018369841818,33335,-0.013753906749366551,-1.799737162062577
2025,15,open interest down over 15 minutes (bottom decile),32555,0.061940386539976335,0.5154661342343726,0.4991647418310229,0.017377778735428284,0.007487194762740511,2.3209999587439016,0.020286846077062437,0.796812749003984,32555,0.017377778735428284,2.3209999587439016,32555,0.015450705208258919,2.0891822909223094
2025,15,open interest up over 60 minutes (top decile),36880,0.07016929674686921,0.4855477223427332,0.4991647418310229,-0.01464462233893632,0.007960543001455109,-1.8396511816165588,0.06581946504656666,0.9840637450199203,36880,-0.01464462233893632,-1.8396511816165588,36880,-0.012524564849119957,-1.6179932842131626
2025,15,open interest down over 60 minutes (bottom decile),34235,0.06513681871282721,0.5187089236161823,0.4991647418310229,0.02090592738741709,0.007664293285523557,2.727704513461737,0.006377670939332614,0.5059760956175299,34235,0.02090592738741709,2.727704513461737,34235,0.022010883536081327,2.9028325088907247
2025,15,"long liquidation signature (open interest down, price down hard, perp volume heavy)",4837,0.009203060964333144,0.5275997519123423,0.4991647418310229,0.028699129923629885,0.014583376787119757,1.9679344737891815,0.04907557762868997,0.9641434262948207,4837,0.028699129923629885,1.9679344737891815,4837,0.027367170576940436,1.8806024492514595
2025,15,"short liquidation signature (open interest down, price up hard, perp volume heavy)",2755,0.00524176823583581,0.45045372050816695,0.4991647418310229,-0.04896769865022266,0.019909858580407523,-2.4594699380943754,0.013914235010547005,0.701195219123506,2755,-0.04896769865022266,-2.4594699380943754,2755,-0.05285332994149633,-2.6364976627270154
2025,30,funding rate in the bottom decile of the previous year,92160,0.17535214081446654,0.5020941840277777,0.502072983478921,2.5708608372143615e-05,0.00817806275440623,0.0031436061502820045,0.9974917693186103,1.0,92160,2.5708608372143615e-05,0.0031436061502820045,92160,4.1600191201363046e-05,0.005160479349660255
2025,30,open interest up over 15 minutes (top decile),33335,0.06342625449273266,0.47946602669866506,0.502072983478921,-0.024137935628348817,0.008914728718725284,-2.707646681120802,0.006776211931587284,0.5219123505976095,33335,-0.024137935628348817,-2.707646681120802,33335,-0.023692552400959743,-2.6676096556155224
2025,30,open interest down over 15 minutes (bottom decile),32555,0.06194215434261023,0.5152511135002303,0.502072983478921,0.014048312779766925,0.008025180657119943,1.7505291631414248,0.08002704644266156,0.9960159362549801,32555,0.014048312779766925,1.7505291631414248,32555,0.016064012973328157,1.9859230997865998
2025,30,open interest up over 60 minutes (top decile),36880,0.07017129940578913,0.47391540130151844,0.502072983478921,-0.030282547913834446,0.01064175606979962,-2.8456344719057873,0.004432304075717708,0.41832669322709165,36880,-0.030282547913834446,-2.8456344719057873,36880,-0.030705670208870994,-2.916145464360866
2025,30,open interest down over 60 minutes (bottom decile),34235,0.06513867774287393,0.520198627135972,0.502072983478921,0.019388590826806773,0.010385501717800992,1.8668901468259618,0.061916930115798685,0.9840637450199203,34235,0.019388590826806773,1.8668901468259618,34235,0.02080423279865895,2.044668075647307
2025,30,"long liquidation signature (open interest down, price down hard, perp volume heavy)",4837,0.009203323623259273,0.5406243539383916,0.502072983478921,0.03890946687513086,0.01674455963583175,2.3237079816580146,0.020141150391066676,0.7928286852589641,4837,0.03890946687513086,2.3237079816580146,4837,0.0404040533491673,2.396729192104825
2025,30,"short liquidation signature (open interest down, price up hard, perp volume heavy)",2755,0.005241917837932458,0.4646098003629764,0.502072983478921,-0.03766059687046708,0.020518713539299273,-1.8354268067701291,0.06644247481626353,0.9840637450199203,2755,-0.03766059687046708,-1.8354268067701291,2755,-0.03538666232219145,-1.7136031941065064
2026,1,funding rate in the bottom decile of the previous year,87840,0.25102880658436216,0.5088228597449909,0.5166838134430727,-0.010495668948537817,0.0031248305977413303,-3.3587961395808876,0.0007828279391020043,0.18326693227091634,87840,-0.010495668948537817,-3.3587961395808876,87840,0.0002634034908625127,0.13338029652117026
2026,1,open interest up over 15 minutes (top decile),30535,0.08726280292638318,0.49739643032585557,0.5166838134430727,-0.021131365281326975,0.0036237476459039576,-5.831356746160969,5.4978499530733416e-09,0.00398406374501992,30535,-0.021131365281326975,-5.831356746160969,30535,-0.006917035797872784,-2.3593671688867186
2026,1,open interest down over 15 minutes (bottom decile),31380,0.08967764060356653,0.5076481835564054,0.5166838134430727,-0.009925747504057947,0.0034180492967262727,-2.9039216940389347,0.0036852031834027077,0.398406374501992,31380,-0.009925747504057947,-2.9039216940389347,31380,-0.0004934139641176172,-0.1540466807995933
2026,1,open interest up over 60 minutes (top decile),31620,0.09036351165980795,0.500853889943074,0.5166838134430727,-0.0174024719796404,0.003503451057610445,-4.967237073809699,6.791354401070038e-07,0.01593625498007968,31620,-0.0174024719796404,-4.967237073809699,31620,-0.006155262688821772,-2.1053948344358235
2026,1,open interest down over 60 minutes (bottom decile),32165,0.09192101051668954,0.5048033576869267,0.5166838134430727,-0.013083064241917852,0.003066258888553555,-4.266783959683692,1.9831103188705512e-05,0.02390438247011952,32165,-0.013083064241917852,-4.266783959683692,32165,-0.0047048885631433834,-1.6064271352033748
2026,1,"long liquidation signature (open interest down, price down hard, perp volume heavy)",3994,0.011414037494284409,0.5225338007010516,0.5166838134430727,0.005917530169203711,0.007443864700211296,0.7949540201927286,0.426640249002731,1.0,3994,0.005917530169203711,0.7949540201927286,3994,0.02073716571515516,2.5707263440433366
2026,1,"short liquidation signature (open interest down, price up hard, perp volume heavy)",3150,0.009002057613168725,0.4596825396825397,0.5166838134430727,-0.057519063685687044,0.007832332118520127,-7.343797838919391,2.0761170560490427e-13,0.00398406374501992,3150,-0.057519063685687044,-7.343797838919391,3150,-0.055197475477776536,-6.116607113580017
2026,3,funding rate in the bottom decile of the previous year,87840,0.25103024137083546,0.5002732240437159,0.5022005155493573,-0.002573256774971666,0.0026218574140192126,-0.9814632791288816,0.3263643342083695,1.0,87840,-0.002573256774971666,-0.9814632791288816,87840,0.0006429149918256716,0.26537642316327803
2026,3,open interest up over 15 minutes (top decile),30535,0.08726330168782401,0.4896348452595382,0.5022005155493573,-0.013767026474398814,0.004469371222960154,-3.0803049886915943,0.002067887226316456,0.3187250996015936,30535,-0.013767026474398814,-3.0803049886915943,30535,-0.010052350708441127,-2.3652254300055784
2026,3,open interest down over 15 minutes (bottom decile),31380,0.08967815316731348,0.505799872530274,0.5022005155493573,0.003953938921097078,0.00447572542217943,0.8834185630564729,0.3770101648415951,1.0,31380,0.003953938921097078,0.8834185630564729,31380,0.004992634629418513,1.207271739849968
2026,3,open interest up over 60 minutes (top decile),31620,0.09036402814373654,0.4962365591397849,0.5022005155493573,-0.006556421023458325,0.004363505070196019,-1.5025583603054677,0.13295296786161837,0.9960159362549801,31620,-0.006556421023458325,-1.5025583603054677,31620,-0.003964048679550025,-0.9699314588617447
2026,3,open interest down over 60 minutes (bottom decile),32165,0.09192153590269721,0.5001088139281828,0.5022005155493573,-0.002303437096984551,0.003835062268829638,-0.6006257357817296,0.548089292686303,1.0,32165,-0.002303437096984551,-0.6006257357817296,32165,-0.00036597982103020454,-0.10324069143643394
2026,3,"long liquidation signature (open interest down, price down hard, perp volume heavy)",3994,0.011414102732640218,0.5292939409113671,0.5022005155493573,0.027406243035533073,0.010894348760799569,2.5156384871895403,0.01188169874028322,0.6693227091633466,3994,0.027406243035533073,2.5156384871895403,3994,0.0316737174887341,3.1077911755066645
2026,3,"short liquidation signature (open interest down, price up hard, perp volume heavy)",3150,0.0090021090655525,0.44952380952380955,0.5022005155493573,-0.05315521506900178,0.010271812992127398,-5.174862033580772,2.2807945376790428e-07,0.00796812749003984,3150,-0.05315521506900178,-5.174862033580772,3150,-0.04459826578165066,-4.5817872711569
2026,5,funding rate in the bottom decile of the previous year,87840,0.25103167617371025,0.49874772313296906,0.49943700773900024,-0.0009203120934538345,0.003065599871461392,-0.3002062017360131,0.764019874828711,1.0,87840,-0.0009203120934538345,-0.3002062017360131,87840,0.0028148479767726164,0.9997913026728983
2026,5,open interest up over 15 minutes (top decile),30535,0.08726380045496633,0.48590142459472735,0.49943700773900024,-0.014829677130171748,0.005286805084171303,-2.80503572461406,0.0050311003208936,0.44223107569721115,30535,-0.014829677130171748,-2.80503572461406,30535,-0.012715365074228657,-2.5571802984645484
2026,5,open interest down over 15 minutes (bottom decile),31380,0.08967866573691972,0.5047482472912683,0.49943700773900024,0.0058344667452703836,0.005468290568811869,1.0669635550361904,0.28598829353295185,1.0,31380,0.0058344667452703836,1.0669635550361904,31380,0.007376841385220156,1.4313181116198241
2026,5,open interest up over 60 minutes (top decile),31620,0.0903645446335692,0.4952877925363694,0.49943700773900024,-0.00456140443751657,0.005498108520469068,-0.8296315761201847,0.4067471182990774,1.0,31620,-0.00456140443751657,-0.8296315761201847,31620,-0.0027402603716148444,-0.5056837671720504
2026,5,open interest down over 60 minutes (bottom decile),32165,0.09192206129471073,0.49926939219648686,0.49943700773900024,-0.00018458277133387435,0.0047666503936156885,-0.038723790521977254,0.9691106055386101,1.0,32165,-0.00018458277133387435,-0.038723790521977254,32165,0.0018392047243595555,0.4263343576020817
2026,5,"long liquidation signature (open interest down, price down hard, perp volume heavy)",3994,0.011414167971741789,0.5237856785177767,0.49943700773900024,0.024629799446772238,0.013645097631340747,1.8050291842691748,0.07107011529288765,0.9880478087649402,3994,0.024629799446772238,1.8050291842691748,3994,0.04168811250189153,3.419372028666291
2026,5,"short liquidation signature (open interest down, price up hard, perp volume heavy)",3150,0.009002160518524446,0.4396825396825397,0.49943700773900024,-0.06029727379398342,0.013549938023208561,-4.450003659847391,8.586882607186652e-06,0.01593625498007968,3150,-0.06029727379398342,-4.450003659847391,3150,-0.05445995922963098,-4.160839040507582
2026,10,funding rate in the bottom decile of the previous year,87840,0.2510352632526557,0.5004326047358835,0.49804664614716315,0.0031856754686238054,0.004091703139798823,0.7785695491047856,0.4362333225645565,1.0,87840,0.0031856754686238054,0.7785695491047856,87840,0.004101206055348194,1.0560497919563736
2026,10,open interest up over 15 minutes (top decile),30535,0.08726504739776686,0.48511544129687245,0.49804664614716315,-0.014167535507896845,0.007297377660332381,-1.9414557074262129,0.05220302689987677,0.9641434262948207,30535,-0.014167535507896845,-1.9414557074262129,30535,-0.01400437398694604,-1.962425649120758
2026,10,open interest down over 15 minutes (bottom decile),31380,0.0896799471865703,0.5106437221159974,0.49804664614716315,0.013838073686174235,0.00692991431743495,1.996860718949882,0.04584031537488564,0.9561752988047809,31380,0.013838073686174235,1.996860718949882,31380,0.014016199293178488,2.012849108650853
2026,10,open interest up over 60 minutes (top decile),31620,0.09036583588398192,0.5019291587602783,0.49804664614716315,0.004268213273286858,0.007349413731112784,0.5807556125487853,0.5614051746933284,1.0,31620,0.004268213273286858,0.5807556125487853,31620,0.004380927130893886,0.6331317955451692
2026,10,open interest down over 60 minutes (bottom decile),32165,0.09192337480102084,0.5000777242344163,0.49804664614716315,0.0022366813888730075,0.007045015860341626,0.317484223344892,0.750876208703974,1.0,32165,0.0022366813888730075,0.317484223344892,32165,0.002222672896094957,0.32122272613608616
2026,10,"long liquidation signature (open interest down, price down hard, perp volume heavy)",3994,0.011414331072758502,0.5380570856284427,0.49804664614716315,0.04047240491023568,0.016161350998538503,2.504271141310876,0.012270395975284343,0.6733067729083665,3994,0.04047240491023568,2.504271141310876,3994,0.04567875483643519,2.8283111416685167
2026,10,"short liquidation signature (open interest down, price up hard, perp volume heavy)",3150,0.009002289153527611,0.4526984126984127,0.49804664614716315,-0.045760179819200275,0.01565680083032311,-2.9227030678307426,0.0034700726284337957,0.3904382470119522,3150,-0.045760179819200275,-2.9227030678307426,3150,-0.045434545901726464,-2.909727811573049
2026,15,funding rate in the bottom decile of the previous year,87840,0.2510388504341166,0.501445810564663,0.4978508513715112,0.004799927466512144,0.004753462366677153,1.0097750010940914,0.3126030997607514,1.0,87840,0.004799927466512144,1.0097750010940914,87840,0.004904407692624124,1.0523293694656197
2026,15,open interest up over 15 minutes (top decile),30535,0.0872662943762039,0.48511544129687245,0.4978508513715112,-0.013953040187044352,0.008424202752704427,-1.656303937196312,0.0976602835779321,0.9960159362549801,30535,-0.013953040187044352,-1.656303937196312,30535,-0.011391724796666003,-1.3755092322447018
2026,15,open interest down over 15 minutes (bottom decile),31380,0.08968122867284356,0.5161567877629063,0.4978508513715112,0.020109369341804073,0.007526631117585614,2.6717623100751533,0.007545407384330405,0.5298804780876494,31380,0.020109369341804073,2.6717623100751533,31380,0.01845256544538909,2.4114617594118224
2026,15,open interest up over 60 minutes (top decile),31620,0.09036712717129744,0.5009487666034156,0.4978508513715112,0.0034056764266563455,0.008582964228610122,0.3967948992847943,0.691518712407887,1.0,31620,0.0034056764266563455,0.3967948992847943,31620,0.0037100192447224734,0.44250483866378665
2026,15,open interest down over 60 minutes (bottom decile),32165,0.09192468834486976,0.5011969532100109,0.4978508513715112,0.0036848285550246107,0.008391163407884665,0.4391320220938853,0.6605658774554259,1.0,32165,0.0036848285550246107,0.4391320220938853,32165,-0.0003229772035792666,-0.03991259718763737
2026,15,"long liquidation signature (open interest down, price down hard, perp volume heavy)",3994,0.011414494178436494,0.556584877315974,0.4978508513715112,0.059412185995638134,0.01732592431961855,3.4290918567827475,0.0006056045262170517,0.16334661354581673,3994,0.059412185995638134,3.4290918567827475,3994,0.0671009318158648,3.8492553433230787
2026,15,"short liquidation signature (open interest down, price up hard, perp volume heavy)",3150,0.00900241779220705,0.45492063492063495,0.4978508513715112,-0.04332020301728107,0.017890336578490967,-2.4214302971450907,0.015459565524677421,0.7211155378486056,3150,-0.04332020301728107,-2.4214302971450907,3150,-0.042656678031869844,-2.355999254817467
2026,30,funding rate in the bottom decile of the previous year,87840,0.2510496125936363,0.5031989981785063,0.5004615723182363,0.0036550162818526077,0.007980985132661406,0.45796555451466875,0.6469771884708613,1.0,87840,0.0036550162818526077,0.45796555451466875,87840,0.0030476390133710174,0.3927871442451994
2026,30,open interest up over 15 minutes (top decile),30535,0.08727003552534933,0.48934010152284263,0.5004615723182363,-0.01218484242685619,0.009641246365408926,-1.2638244024728207,0.2062930604446156,1.0,30535,-0.01218484242685619,-1.2638244024728207,30535,-0.012095470962887711,-1.254562335983969
2026,30,open interest down over 15 minutes (bottom decile),31380,0.08968507335141515,0.5221797323135755,0.5004615723182363,0.023857853320385314,0.008585372440409227,2.7788955558983433,0.005454405960253261,0.46613545816733065,31380,0.023857853320385314,2.7788955558983433,31380,0.023563353194371695,2.6604700600224493
2026,30,open interest up over 60 minutes (top decile),31620,0.09037100125467645,0.5058191018342821,0.5004615723182363,0.0058897963053460844,0.01095489085483006,0.5376408020303778,0.5908250555830519,1.0,31620,0.0058897963053460844,0.5376408020303778,31620,0.007162803852999611,0.657871151606597
2026,30,open interest down over 60 minutes (bottom decile),32165,0.09192862920166567,0.49926939219648686,0.5004615723182363,-0.0013128705078558345,0.010690312324057899,-0.12280936871239011,0.902258055264225,1.0,32165,-0.0013128705078558345,-0.12280936871239011,32165,-0.0018717170637977953,-0.17495673438233966
2026,30,"long liquidation signature (open interest down, price down hard, perp volume heavy)",3994,0.011414983523440158,0.5696044066099148,0.5004615723182363,0.0699412120751256,0.0195983110528699,3.5687367083034274,0.0003587066818977469,0.12749003984063745,3994,0.0699412120751256,3.5687367083034274,3994,0.06423172169680458,3.260125734595984
2026,30,"short liquidation signature (open interest down, price up hard, perp volume heavy)",3150,0.009002803730304581,0.4638095238095238,0.5004615723182363,-0.03698501736097526,0.021579532001636332,-1.7138933948229629,0.08654830636556055,0.9960159362549801,3150,-0.03698501736097526,-1.7138933948229629,3150,-0.038791723368107434,-1.7740712011305164
