year,contrast,side,quintile,treated,population,eligible,unmatched
2018,B,high,0,2638,11795,6424,0
2018,B,high,1,2637,6802,2835,0
2018,B,high,2,2638,3979,918,0
2018,B,high,3,2637,3161,368,0
2018,B,high,4,2638,2798,109,0
2018,B2,high,0,130,25315,24754,0
2018,B2,high,1,130,1921,1718,0
2018,B2,high,2,130,678,521,0
2018,B2,high,3,130,390,245,0
2018,B2,high,4,131,231,97,11
2018,B,low,0,3079,9544,4456,0
2018,B,low,1,3079,6407,2338,0
2018,B,low,2,3078,4161,771,0
2018,B,low,3,3079,3420,241,0
2018,B,low,4,3079,3186,74,215
2018,B2,low,0,203,20413,19364,0
2018,B2,low,1,203,3730,3304,0
2018,B2,low,2,202,1333,1067,0
2018,B2,low,3,203,763,531,0
2018,B2,low,4,203,479,264,0
2019,B,high,0,662,22293,20268,0
2019,B,high,1,662,3962,2876,0
2019,B,high,2,662,1430,680,0
2019,B,high,3,662,888,202,0
2019,B,high,4,663,681,17,285
2019,B2,high,0,281,24898,23786,0
2019,B2,high,1,281,2430,1987,0
2019,B2,high,2,281,1036,686,0
2019,B2,high,3,281,549,247,5
2019,B2,high,4,282,341,51,28
2019,B,low,0,736,17568,15661,0
2019,B,low,1,736,2849,1874,0
2019,B,low,2,735,1144,365,0
2019,B,low,3,736,817,75,0
2019,B,low,4,736,740,4,566
2019,B2,low,0,366,19130,18064,0
2019,B2,low,1,366,2153,1677,0
2019,B2,low,2,366,862,449,0
2019,B2,low,3,366,565,190,11
2019,B2,low,4,366,408,40,51
2020,B,high,0,1288,17203,13620,0
2020,B,high,1,1288,6297,4197,0
2020,B,high,2,1288,2829,1315,0
2020,B,high,3,1288,1733,383,0
2020,B,high,4,1288,1337,40,68
2020,B2,high,0,311,24559,23063,0
2020,B2,high,1,310,2759,2260,0
2020,B2,high,2,310,955,586,0
2020,B2,high,3,310,660,318,8
2020,B2,high,4,311,466,146,7
2020,B,low,0,1169,13483,10895,0
2020,B,low,1,1169,4338,2712,0
2020,B,low,2,1169,1998,731,0
2020,B,low,3,1169,1377,182,0
2020,B,low,4,1170,1180,9,558
2020,B2,low,0,324,18318,17267,0
2020,B2,low,1,324,2274,1824,0
2020,B2,low,2,324,839,478,0
2020,B2,low,3,324,533,196,34
2020,B2,low,4,325,412,76,15
2021,B,high,0,1089,18304,14176,0
2021,B,high,1,1089,4937,3187,0
2021,B,high,2,1089,2410,1104,0
2021,B,high,3,1089,1499,372,1
2021,B,high,4,1089,1120,31,18
2021,B2,high,0,338,21239,19418,0
2021,B2,high,1,338,3796,3217,0
2021,B2,high,2,338,1743,1317,0
2021,B2,high,3,338,957,586,0
2021,B2,high,4,339,535,191,14
2021,B,low,0,1301,17106,13293,0
2021,B,low,1,1301,5186,3227,0
2021,B,low,2,1301,2420,928,0
2021,B,low,3,1301,1608,276,4
2021,B,low,4,1302,1317,15,250
2021,B2,low,0,350,21797,20145,0
2021,B2,low,1,350,3061,2511,0
2021,B2,low,2,349,1490,1081,4
2021,B2,low,3,350,822,452,3
2021,B2,low,4,350,467,114,2
2022,A,long,0,615,12058,10575,0
2022,A,long,1,614,7274,6035,0
2022,A,long,2,614,4557,3494,0
2022,A,long,3,614,3320,2370,0
2022,A,long,4,615,2025,1190,0
2022,A,short,0,466,10429,9327,0
2022,A,short,1,466,6444,5456,0
2022,A,short,2,466,4459,3544,0
2022,A,short,3,466,3038,2251,0
2022,A,short,4,466,1742,1074,0
2022,B,high,0,1058,11909,9559,0
2022,B,high,1,1058,4807,3350,0
2022,B,high,2,1058,3265,2045,0
2022,B,high,3,1058,2761,1596,0
2022,B,high,4,1058,2121,1001,0
2022,B2,high,0,311,21006,19656,0
2022,B2,high,1,311,2015,1570,0
2022,B2,high,2,311,897,556,0
2022,B2,high,3,311,560,231,14
2022,B2,high,4,312,385,68,24
2022,B,low,0,1122,12028,9795,0
2022,B,low,1,1121,5676,4085,0
2022,B,low,2,1122,3824,2494,0
2022,B,low,3,1121,3183,1904,0
2022,B,low,4,1122,2048,856,0
2022,B2,low,0,350,21624,19999,0
2022,B2,low,1,350,2858,2292,0
2022,B2,low,2,350,1165,741,0
2022,B2,low,3,350,671,311,0
2022,B2,low,4,351,441,82,18
2023,A,long,0,804,9719,8023,0
2023,A,long,1,803,5067,3667,0
2023,A,long,2,804,3333,2000,0
2023,A,long,3,803,2089,1003,0
2023,A,long,4,804,1398,398,1
2023,A,short,0,762,11483,9636,0
2023,A,short,1,761,5895,4467,0
2023,A,short,2,761,3797,2471,0
2023,A,short,3,761,2401,1227,0
2023,A,short,4,762,1669,688,0
2023,B,high,0,286,24334,23550,0
2023,B,high,1,286,3403,3034,0
2023,B,high,2,286,1448,1122,0
2023,B,high,3,286,940,626,0
2023,B,high,4,287,537,243,0
2023,B2,high,0,441,25821,23989,0
2023,B2,high,1,441,2558,1912,0
2023,B2,high,2,441,1077,565,0
2023,B2,high,3,441,692,218,0
2023,B2,high,4,442,514,60,32
2023,B,low,0,277,21770,21161,0
2023,B,low,1,276,3325,2954,0
2023,B,low,2,277,1451,1145,0
2023,B,low,3,276,900,603,0
2023,B,low,4,277,478,195,0
2023,B2,low,0,426,23728,22252,0
2023,B2,low,1,426,2114,1554,0
2023,B2,low,2,426,977,516,0
2023,B2,low,3,426,626,189,0
2023,B2,low,4,427,479,46,64
2024,A,long,0,1521,49230,44170,0
2024,A,long,1,1521,18633,14968,0
2024,A,long,2,1521,9269,6305,0
2024,A,long,3,1521,5384,2853,3
2024,A,long,4,1521,2914,943,0
2024,A,short,0,1071,46124,41559,0
2024,A,short,1,1070,19594,16325,0
2024,A,short,2,1071,10727,8033,0
2024,A,short,3,1070,6133,3995,3
2024,A,short,4,1071,3477,1662,0
2024,B,high,0,68,31597,31032,0
2024,B,high,1,68,2284,2113,0
2024,B,high,2,67,789,681,0
2024,B,high,3,68,254,174,0
2024,B,high,4,68,96,27,0
2024,B2,high,0,507,24854,22266,0
2024,B2,high,1,507,5758,4608,0
2024,B2,high,2,507,2388,1627,0
2024,B2,high,3,507,1296,705,2
2024,B2,high,4,508,724,194,10
2024,B,low,0,73,29666,29175,0
2024,B,low,1,72,1391,1249,0
2024,B,low,2,72,268,185,0
2024,B,low,3,72,118,45,0
2024,B,low,4,73,76,3,39
2024,B2,low,0,496,23675,21232,0
2024,B2,low,1,496,4494,3478,0
2024,B2,low,2,495,1785,1141,0
2024,B2,low,3,496,976,428,4
2024,B2,low,4,496,589,87,10
2025,A,long,0,968,17026,14693,0
2025,A,long,1,967,10162,8116,0
2025,A,long,2,967,6534,4698,0
2025,A,long,3,967,3578,2060,0
2025,A,long,4,968,2025,744,6
2025,A,short,0,551,15657,13979,0
2025,A,short,1,551,9526,8110,0
2025,A,short,2,551,5730,4422,0
2025,A,short,3,551,3607,2447,0
2025,A,short,4,551,2117,1167,0
2025,B,high,0,135,33430,32593,0
2025,B,high,1,135,1386,1144,0
2025,B,high,2,135,448,290,0
2025,B,high,3,135,242,102,0
2025,B,high,4,136,146,10,37
2025,B2,high,0,255,30860,29176,0
2025,B2,high,1,255,2695,2261,0
2025,B2,high,2,254,1106,786,0
2025,B2,high,3,255,603,325,0
2025,B2,high,4,255,388,126,8
2025,B,low,0,182,31865,30804,0
2025,B,low,1,182,2355,1970,0
2025,B,low,2,182,633,420,0
2025,B,low,3,182,282,93,0
2025,B,low,4,182,187,5,131
2025,B2,low,0,314,29431,27583,0
2025,B2,low,1,314,3338,2730,0
2025,B2,low,2,314,1334,938,0
2025,B2,low,3,314,761,400,4
2025,B2,low,4,315,458,132,12
2026,A,long,0,799,17536,15286,0
2026,A,long,1,799,7964,6215,0
2026,A,long,2,798,5018,3446,0
2026,A,long,3,799,3422,1992,0
2026,A,long,4,799,1984,804,1
2026,A,short,0,630,17039,15106,0
2026,A,short,1,630,8870,7215,0
2026,A,short,2,630,4769,3399,0
2026,A,short,3,630,2756,1683,0
2026,A,short,4,630,1950,989,0
2026,B,high,0,141,18391,17521,0
2026,B,high,1,141,1187,932,0
2026,B,high,2,141,423,265,1
2026,B,high,3,141,215,72,0
2026,B,high,4,141,148,7,45
2026,B2,high,0,254,16494,15107,0
2026,B2,high,1,254,2063,1623,0
2026,B2,high,2,254,936,615,0
2026,B2,high,3,254,524,247,8
2026,B2,high,4,254,347,90,6
2026,B,low,0,158,19308,18494,0
2026,B,low,1,157,1722,1410,0
2026,B,low,2,157,520,334,1
2026,B,low,3,157,260,97,0
2026,B,low,4,158,174,16,69
2026,B2,low,0,278,17995,16575,0
2026,B2,low,1,278,2112,1630,0
2026,B2,low,2,278,990,641,0
2026,B2,low,3,278,515,221,5
2026,B2,low,4,278,372,84,20
