contrast,side,horizon,matched_without_replacement,years_total,lp_years,lp_n,lp_est,lp_held,lp_treated_rate,lp_control_rate,lp_yr_min,lp_yr_max,lp_se_day,lp_lo_day,lp_hi_day,lp_se_ep,lp_lo_ep,lp_hi_ep,lpa_years,lpa_n,lpa_est,lpa_held,lpa_treated_rate,lpa_control_rate,lpa_yr_min,lpa_yr_max,lpa_se_day,lpa_lo_day,lpa_hi_day,lpa_se_ep,lpa_lo_ep,lpa_hi_ep,vw_years,vw_n,vw_est,vw_held,vw_treated_rate,vw_control_rate,vw_yr_min,vw_yr_max,vw_se_day,vw_lo_day,vw_hi_day,vw_se_ep,vw_lo_ep,vw_hi_ep,vwa_years,vwa_n,vwa_est,vwa_held,vwa_treated_rate,vwa_control_rate,vwa_yr_min,vwa_yr_max,vwa_se_day,vwa_lo_day,vwa_hi_day,vwa_se_ep,vwa_lo_ep,vwa_hi_ep
A,long,1,0.8547735487986392,5,5,23515,-0.6463959174994685,3,0.5183499893684882,0.5248139485434828,-2.788150360965895,0.7234938174164693,0.4503948144983054,-1.5291697539161468,0.23637791891721005,0.465680819853263,-1.5591303244118637,0.2663384894129269,5,23515,-0.67888454007149,3,0.5183499893684882,0.5248139485434828,-3.093195879696792,0.7233310907149523,0.45147637601204493,-1.563778237055098,0.20600915691211807,0.4664507494018283,-1.5931280088990736,0.23535892875609343,5,23515,-0.7782266638315969,3,0.5167765256219434,0.5245587922602595,-3.2611401543440377,1.1269722013523666,0.4449135553778898,-1.6502572323722609,0.09380390470906708,0.45159777782760235,-1.6633583083736974,0.1069049807105037,5,23515,-0.7413011304374657,3,0.5167765256219434,0.5245587922602595,-3.4624193937238235,1.2252084074864824,0.44399069868178576,-1.6115228998537656,0.12892063897883432,0.45107712359936225,-1.6254122926922157,0.14281003181728424
A,long,3,0.8547735487986392,5,5,23515,-1.5224324899000639,5,0.525706995534765,0.5409313204337657,-2.5716145833333335,-0.6708760852407262,0.5705612206859492,-2.640732482444524,-0.4041324973556035,0.5565410280832667,-2.6132529049432662,-0.43161207485686126,5,23515,-1.6524948131976422,5,0.525706995534765,0.5409313204337657,-2.7245412795569344,-0.8757788445557395,0.5723858047012857,-2.7743709904121623,-0.5306186359831222,0.5575226473587216,-2.745239202020737,-0.5597504243745479,5,23515,-1.2545183925154157,4,0.5268977248564746,0.5394429087816287,-2.6288553094597393,0.03946329913180742,0.5280189503995115,-2.289435535298458,-0.21960124973237316,0.5311295168600735,-2.2955322455611595,-0.21350453946967174,5,23515,-1.3141024855288232,5,0.5268977248564746,0.5394429087816287,-2.652837064808809,-0.023109609842424533,0.5280216428611061,-2.3490249055365915,-0.27918006552105523,0.5323654282131601,-2.3575387248266173,-0.2706662462310294
A,long,5,0.8547735487986392,5,5,23515,-1.2885392302785457,5,0.5337869445035084,0.5466723368062938,-2.5065104166666665,-0.23677979479084452,0.6381427396111425,-2.539298999916385,-0.03777946064070625,0.6252232419855893,-2.5139767845703007,-0.06310167598679062,5,23515,-1.3752991255002716,5,0.5337869445035084,0.5466723368062938,-2.762781646242844,-0.3937593664793122,0.6407535641587481,-2.631176111251418,-0.1194221397491253,0.6275781047989031,-2.605352210906122,-0.14524604009442155,5,23515,-0.9738464809695939,5,0.5351052519668297,0.5448437167765257,-2.63671875,-0.4340962904498816,0.6231857194676063,-2.1952904911261024,0.24759752918691436,0.609786659038264,-2.1690283326845914,0.22133537074540355,5,23515,-1.0791278236085005,5,0.5351052519668297,0.5448437167765257,-2.774634107174816,-0.630223427654716,0.6258003057060337,-2.3056964227923267,0.14744077557532553,0.6120831414926072,-2.278810780934011,0.12055513371700965
A,long,10,0.8547735487986392,5,5,23515,-0.8717839676802042,4,0.5363385073357432,0.5450563470125452,-4.654947916666667,0.013154433043935806,0.7432718945512525,-2.328596881000659,0.5850289456402509,0.7403027853932854,-2.3227774270510437,0.5792094916906352,5,23515,-1.22352117585493,5,0.5363385073357432,0.5450563470125452,-4.852252987222412,-0.24578548972277953,0.7473930357598793,-2.6884115259442933,0.24136917423443327,0.7445556868371722,-2.6828503220557876,0.2358079703459275,5,23515,-0.6719115458218159,4,0.5428449925579417,0.54956410801616,-3.3203125,0.13154433043935806,0.7237404491373712,-2.0904428261310635,0.7466197344874317,0.7265588334981108,-2.0959668594781133,0.7521437678344813,5,23515,-1.0104680641570984,5,0.5428449925579417,0.54956410801616,-3.689450166946244,-0.25964995247425077,0.7280759359797065,-2.437496898677323,0.41656077036312644,0.7306775546266533,-2.442596071225339,0.42165994291114206
A,long,15,0.8547735487986392,5,5,23515,-0.8420157346374655,4,0.5428875186051456,0.5513076759515203,-4.817708333333333,0.02504382669671926,0.786907965606562,-2.384355347226327,0.7003238779513958,0.7928980285297852,-2.396095870555844,0.7120644012809134,5,23515,-1.1565729458501364,5,0.5428875186051456,0.5513076759515203,-5.196869723157158,-0.3242464892984878,0.7875999510491537,-2.7002688499064775,0.3871229582062048,0.7946810749708164,-2.7141478527929364,0.40100196109266384,5,23515,-0.33595577291090795,2,0.5474378056559643,0.5507973633850733,-3.7760416666666665,1.1269722013523666,0.7862764538760637,-1.8770576225079927,1.2051460766861768,0.785524396884019,-1.8755835908035852,1.2036720449817693,5,23515,-0.6565457139687806,2,0.5474378056559643,0.5507973633850733,-4.011844588220686,0.8321216219064483,0.7875903700801238,-2.200222839325823,0.8871314113882619,0.7883791611645431,-2.201768869851285,0.8886774419137239
A,long,30,0.8547735487986392,5,5,23515,1.3012970444397194,4,0.5546672336806293,0.5416542632362322,-2.734375,2.70473328324568,0.8481263901227601,-0.36103068020089046,2.9636247690803295,0.8668981350696008,-0.3978233002966982,3.000417389176137,5,23515,1.097205747962054,4,0.5546672336806293,0.5416542632362322,-2.7894860590989032,2.4842969988610317,0.8503536815361827,-0.5694874678488642,2.7638989637729723,0.8686658426461623,-0.6053793036244239,2.799790799548532,5,23515,1.3098022538805019,4,0.557771635126515,0.54467361258771,-1.7578125,2.380459532187953,0.8504301915075239,-0.35704092147424493,2.9766454292352487,0.8731220945985992,-0.40151705153275263,3.021121559293756,5,23515,1.0636818641729286,4,0.557771635126515,0.54467361258771,-1.7851050776664221,2.469699146649414,0.8527799339833926,-0.6077668064345207,2.735130534780378,0.8753676737570522,-0.6520387763908935,2.7794025047367508
A,short,1,0.9581416743330267,5,5,17392,1.0522079116835326,4,0.5297838086476541,0.5192617295308188,-0.6304176516942475,2.6666666666666665,0.5242774057542163,0.024624196405268473,2.0797916269617964,0.5219785459093683,0.02912996170117066,2.0752858616658942,5,17392,1.0721845088183755,4,0.5297838086476541,0.5192617295308188,-0.7439574064253297,2.571863445229589,0.5248208781501061,0.04353558764416743,2.1008334299925835,0.5218423745681553,0.04937345466479104,2.0949955629719597,5,17392,1.4374425022999078,4,0.5415708371665133,0.5271964121435142,-0.8142894667717363,3.365079365079365,0.5124852415755204,0.43297142881188777,2.441913575787928,0.5209923498821074,0.41629749653097736,2.458587508068838,5,17392,1.5559212880983306,4,0.5415708371665133,0.5271964121435142,-0.7519185180797889,3.3200240434858914,0.5103058630788629,0.5557217964637593,2.556120779732902,0.5194756771604786,0.5377489608637926,2.5740936153328686
A,short,3,0.9581416743330267,5,5,17392,1.0982060717571296,4,0.5341536338546459,0.5231715731370745,-0.6304176516942475,2.2803738317757007,0.6152102194403691,-0.10760595834599385,2.304018101860253,0.6283285980659904,-0.13331798045221155,2.3297301239664705,5,17392,1.154386510804457,4,0.5341536338546459,0.5231715731370745,-0.677321450870234,2.215597238786195,0.6123613126114097,-0.04584166191390593,2.3546146835228203,0.6263442007571792,-0.07324812267961422,2.3820211442885286,5,17392,0.8682152713891443,3,0.5365685372585097,0.5278863845446182,-0.6829524560021014,2.5233644859813085,0.5811357647045944,-0.2708108274318607,2.0072413702101493,0.5827239547105256,-0.273923679843486,2.0103542226217748,5,17392,0.8465822459137529,3,0.5365685372585097,0.5278863845446182,-0.8709249286922044,2.6263117038718513,0.5817186494645649,-0.29358630703679434,1.9867507988643,0.5834877217010281,-0.2970536886202624,1.990218180447768
A,short,5,0.9581416743330267,5,5,17392,1.4144434222631095,3,0.5409958601655933,0.5268514259429623,-1.0300429184549356,2.9345794392523366,0.6675468196928047,0.10605165566521224,2.7228351888610067,0.6963745855753085,0.04954923453550486,2.779337609990714,5,17392,1.6138611866111392,3,0.5409958601655933,0.5268514259429623,-0.547087243876108,3.2252276040779977,0.6629722963009891,0.3144354858612006,2.9132868873610778,0.69267793145391,0.25621244096147566,2.971509932260803,5,17392,0.8337166513339465,3,0.5376034958601656,0.5292663293468262,-2.2317596566523603,3.1941923774954626,0.6461243645173556,-0.4326871031200703,2.100120405787963,0.6677245234709595,-0.4750234146691341,2.1424567173370272,5,17392,0.9971906779204274,3,0.5376034958601656,0.5292663293468262,-2.1489481714580876,3.52269591278862,0.6446182296907836,-0.2662610522735085,2.2606424081143635,0.6659803768422942,-0.30813086069046913,2.3025122165313237
A,short,10,0.9581416743330267,5,5,17391,0.7590132827324478,4,0.5352768673451785,0.5276867345178541,-2.3605150214592276,2.037764068050103,0.7928722930559573,-0.7950164116572285,2.313042977122124,0.8094410474360487,-0.8274911702422076,2.3455177357071033,5,17391,0.9010710268094428,3,0.5352768673451785,0.5276867345178541,-2.2440137596880003,2.4188284895105543,0.7846484889977329,-0.6368400116261135,2.438982065244999,0.8040548517547611,-0.674876482629889,2.4770185362487744,5,17391,0.7417629808521649,3,0.5389569317463055,0.5315393019377839,-2.532188841201717,2.0003739016638624,0.7894532718479061,-0.8055654319697312,2.289091393674061,0.8001545064293831,-0.826539851749426,2.3100658134537557,5,17391,0.850154141375223,3,0.5389569317463055,0.5315393019377839,-2.7376554045150026,2.7046884307672947,0.7842795824893465,-0.6870338403038961,2.387342123054342,0.7955658800634053,-0.7091549835490515,2.4094632662994977
A,short,15,0.9581416743330267,5,5,17391,1.5640273704789833,3,0.5419469840722212,0.5263067103674314,-0.15760441292356187,2.953823144512993,0.8893316989995382,-0.17906275956011153,3.3071175005180784,0.8740397573671961,-0.14909055396072102,3.2771452949186877,5,17391,1.6673664941262776,3,0.5419469840722212,0.5263067103674314,-0.30444220336398325,3.1878177475591953,0.8846743746335206,-0.06659528015542282,3.401328268407978,0.8712232734843814,-0.040231121903109957,3.3749641101556653,5,17391,1.2305215341268474,3,0.5452245414294751,0.5329193260882065,-1.4163090128755365,2.860347728547392,0.8989613897386667,-0.5314427897609393,2.992485858014634,0.8750392138887,-0.48455532509500454,2.9455983933486993,5,17391,1.3644720969252324,3,0.5452245414294751,0.5329193260882065,-1.5326595061985273,3.068627265304009,0.8945937726633085,-0.38893169749485224,3.1178758913453173,0.8716574076163985,-0.3439764220029087,3.0729206158533735
A,short,30,0.9581416743330267,5,5,17391,0.05750100626760957,2,0.5269392214363752,0.526364211373699,-3.347639484978541,2.6666666666666665,0.9497452057043116,-1.8039995969128413,1.9190016094480604,0.9514129811060779,-1.807268436700303,1.922270449235522,5,17391,0.169875832561166,3,0.5269392214363752,0.526364211373699,-3.8900581869327207,2.760956490510595,0.9453970466717398,-1.683102378915444,2.022854044037776,0.9487965600615521,-1.689765425159476,2.029517090281808,5,17391,-0.3507561382324191,2,0.526364211373699,0.5298717727560232,-3.7339055793991416,2.1904761904761907,0.9603024405504944,-2.232948921711388,1.5314366452465498,0.959157186052724,-2.230704222895758,1.52919194643092,5,17391,-0.17666500650137706,2,0.526364211373699,0.5298717727560232,-4.189750912698553,2.252755950727352,0.9557392586673984,-2.0499139534894777,1.6965839404867238,0.9558340419725512,-2.0500997287675773,1.6967697157648232
B,high,1,0.45686004949133907,9,8,36031,1.3738169909244815,2,0.5192195609336405,0.5054813910243956,-8.92018779342723,7.832878374279648,0.3935282353049892,0.6025016497267027,2.14513233212226,0.37151597347839277,0.6456456829068317,2.1019882989421315,8,36031,1.1369907928232155,2,0.5192195609336405,0.5054813910243956,-10.802876477022734,7.752597431621138,0.39125527617148,0.37013045152711477,1.903851134119316,0.3717389549222316,0.4083824411756416,1.8655991444707893,8,36031,1.6874358191557273,3,0.5298770503177819,0.5130026921262246,-7.198748043818466,5.482256596906279,0.38973573289418756,0.9235537826831197,2.451317855628335,0.37660199432867547,0.9492959102715234,2.4255757280399313,8,36031,1.5939622255013761,3,0.5298770503177819,0.5130026921262246,-6.934748918898443,6.7719429579797294,0.38694944861922137,0.8355413062077023,2.35238314479505,0.3762538734213355,0.8565046335955586,2.331419817407194
B,high,3,0.45686004949133907,9,8,36029,0.4107802048349939,2,0.5509728274445586,0.5468650253962086,-8.60719874804382,5.462822458270106,0.4273652618655475,-0.42685570842147924,1.248416118091467,0.4125222627550478,-0.3977634301648998,1.2193238398348876,8,36029,0.12491380747112402,2,0.5509728274445586,0.5468650253962086,-8.319159983626282,4.4171711340134525,0.4282328392942084,-0.7144225575455244,0.9642501724877725,0.41246599941086803,-0.6835195513741773,0.9333471663164253,8,36028,1.58210280892639,2,0.5585100477406462,0.5426890196513823,-4.225352112676056,6.674251042851726,0.42914959065736824,0.7409696112379482,2.4232360066148315,0.40470636590948156,0.7888783317438062,2.375327286108974,8,36028,1.3698535086270187,2,0.5585100477406462,0.5426890196513823,-3.253534656770632,6.664692916709625,0.4246213622867799,0.5375956385449302,2.202111378709107,0.4043276104091607,0.5773713922250637,2.1623356250289736
B,high,5,0.45686004949133907,9,8,36028,0.649494837348729,1,0.5611191295658933,0.554624181192406,-4.111738857501569,5.786879029199849,0.4290412225239552,-0.19142595879822322,1.4904156334956813,0.4186901675220021,-0.17113789099439514,1.470127565691853,8,36028,0.4320660808761272,1,0.5611191295658933,0.554624181192406,-5.477391790443073,5.858763911727666,0.4323026732630517,-0.41524715871945417,1.2793793204717085,0.41792159911180116,-0.3870602533830031,1.2511924151352574,8,36026,0.42469327707766585,3,0.5703103314273025,0.5660633986565258,-4.300062774639046,5.590109223300971,0.4395998149754417,-0.4369223602741999,1.2863089144295317,0.4169341657976957,-0.3924976878858177,1.2418842420411493,8,36026,0.34329504921165865,2,0.5703103314273025,0.5660633986565258,-4.177348958583689,5.579381319174272,0.44118997882272026,-0.5214373092808731,1.2080274077041904,0.4169639417544153,-0.4739542766269953,1.1605443750503126
B,high,10,0.45686004949133907,9,8,36028,1.3156433884756298,2,0.5662540246474964,0.55309759076274,-5.419695968274951,8.949563898369359,0.45496646462169205,0.4239091178171134,2.207377659134146,0.4464031872401968,0.44069314148484406,2.1905936354664153,8,36028,1.1135113032956498,1,0.5662540246474964,0.55309759076274,-6.9591208233835635,9.037222932222216,0.4554207336243998,0.22088666539182633,2.0061359411994735,0.44432061725924654,0.24264289346752665,1.984379713123773,8,36023,0.6912250506620768,2,0.5753268744968493,0.5684146239902284,-6.266126059712495,8.982626507852212,0.46989639148454376,-0.22977187664762888,1.6122219779717826,0.4512220450496769,-0.19317015763528989,1.5756202589594435,8,36023,0.5810937421702783,2,0.5753268744968493,0.5684146239902284,-6.391581237788127,8.947796629564074,0.46979331297184973,-0.33970115125454714,1.5018886355951038,0.4497620592123689,-0.3004398938859647,1.4626273782265213
B,high,15,0.45686004949133907,9,8,36028,0.8854224492061731,1,0.5611468857555234,0.5522926612634618,-7.198748043818466,7.0155479711793705,0.45340872475500404,-0.003258651313634786,1.774103549725981,0.47177516752895826,-0.03925687915058507,1.8101017775629313,8,36028,0.5897457330536848,1,0.5611468857555234,0.5522926612634618,-11.798768472866103,7.1891223255092855,0.4530086346432626,-0.29815119084710984,1.4776426569544796,0.47055620746685917,-0.3325444335813591,1.5120358996887289,8,36021,0.08606090891424414,2,0.5673912439965576,0.5665306349074151,-7.852534562211981,5.97875569044006,0.47124368713525977,-0.837576717870865,1.0096985356993533,0.48055182103189964,-0.8558206603082792,1.0279424781367674,8,36021,-0.001488948415475977,6,0.5673912439965576,0.5665306349074151,-7.955201201218481,6.1155790293135714,0.47001597024431424,-0.9227202500943319,0.9197423532633799,0.4792498773517927,-0.9408187080249897,0.9378408111940377
B,high,30,0.45686004949133907,9,8,36027,2.35101451689011,5,0.5639381574929915,0.5404280123240903,-3.483228897899005,6.651497914296549,0.5060673953477575,1.3591224220085054,3.3429066117717143,0.5123890591569188,1.3467319609425492,3.3552970728376708,8,36027,2.037424720206382,3,0.5639381574929915,0.5404280123240903,-3.3241018286316977,6.733107270783555,0.5041638845499941,1.0492635064883937,3.0255859339243707,0.5124209484292575,1.0330796612850377,3.0417697791277267,8,36013,2.1325632410518427,4,0.5699608474717464,0.5486352150612279,-3.2632743362831858,5.989069379080006,0.5083698376126107,1.1361583593311257,3.1289681227725596,0.5132156306242386,1.126660605028335,3.13846587707535,8,36013,1.8689829191579455,3,0.5699608474717464,0.5486352150612279,-3.896224998222813,6.034053617566989,0.5073891990423443,0.8745000890349507,2.86346574928094,0.5132244886165446,0.863062921469518,2.8749029168463727
B,low,1,0.39185342373583143,9,8,38319,0.7776820898248913,2,0.5355567734022286,0.5277799525039798,-6.675224646983312,4.0384742077870746,0.3827578772148394,0.027476650483806098,1.5278875291659766,0.3650600749171868,0.06216434298720519,1.4931998366625774,8,38319,1.3196247702381176,4,0.5355567734022286,0.5277799525039798,-5.993564199577229,4.189405211672349,0.37585113652673524,0.5829565426457166,2.0562929978305187,0.36284878895552913,0.6084411438852806,2.0308083965909547,8,38319,0.1748479866384821,3,0.5332341658185235,0.5314856859521386,-6.36297903109183,3.470889315419066,0.38639881369824997,-0.5824936882100878,0.9321896614870521,0.36454220782956415,-0.5396547407074636,0.8893507139844278,8,38319,0.4600403455596347,3,0.5332341658185235,0.5314856859521386,-6.990909039364979,4.405657543715718,0.38431446131386354,-0.2932159986155378,1.2132966897348072,0.36303107756722675,-0.2515005664721297,1.171581257591399
B,low,3,0.39185342373583143,9,8,38319,0.11482554346407788,2,0.5657245752759728,0.5645763198413319,-2.458423716558207,2.0686474734831015,0.39154920920961794,-0.6526109065867732,0.8822619935149291,0.3973673821365925,-0.6640145255236434,0.8936656124517992,8,38319,0.5362527092414181,4,0.5657245752759728,0.5645763198413319,-3.089105761696202,2.5793262437313325,0.38410813280101197,-0.21659923104856538,1.2891046495314016,0.39474667560355076,-0.23745077494154132,1.3099561934243775,8,38311,-0.01827151470856933,5,0.5699668502518859,0.5701495653989714,-4.844540853217643,1.364445323314218,0.40011496980012023,-0.802496855516805,0.7659538260996663,0.3893967061399183,-0.7814890587428092,0.7449460293256704,8,38311,0.510775200145255,4,0.5699668502518859,0.5701495653989714,-5.56865239853775,2.2894016430959625,0.39109359022182094,-0.255768236689514,1.277318636980024,0.3853641663440864,-0.24453856588915424,1.2660889661796642
B,low,5,0.39185342373583143,9,8,38319,0.5741277173203894,4,0.5768417756204494,0.5711004984472454,-5.942820430452939,2.9646221753738717,0.4085021362672819,-0.22653646976348307,1.3747919044042618,0.40244860964373663,-0.21467155758133438,1.3629269922221132,8,38319,0.7409572597309175,3,0.5768417756204494,0.5711004984472454,-5.1550519400571835,3.6481267488801308,0.40513725084725816,-0.053111751929708406,1.5350262713915435,0.39966427939686805,-0.04238472788694381,1.5242992473487789,8,38301,1.4359938382809847,4,0.5851805435889402,0.5708206052061304,-5.0433665274654675,5.276348766653475,0.4038498810817044,0.6444480713608441,2.2275396052011254,0.39748052529268413,0.6569320087073238,2.215055667854646,8,38301,1.4320170568635415,3,0.5851805435889402,0.5708206052061304,-5.7422945062783635,5.505104418254115,0.40472739934998064,0.6387513541375794,2.2252827595895037,0.39660331275185956,0.6546745638698968,2.2093595498571865
B,low,10,0.39185342373583143,9,8,38319,2.7349356715989455,3,0.5860539158119993,0.5587045590960098,-4.1214750542299345,6.656580937972769,0.4548742690042484,1.8433821043506187,3.626489238847272,0.45329679432569575,1.8464739547205817,3.623397388477309,8,38319,2.7057510287867563,3,0.5860539158119993,0.5587045590960098,-4.6165887497342375,6.1860666265400575,0.4492641159480007,1.825193361528675,3.5863086960448376,0.4506925529732289,1.8223936249592276,3.5891084326142852,8,38299,2.4439280398966026,5,0.5967257630747539,0.5722864826757879,-6.135560552521683,6.202723146747353,0.4671651212667446,1.5282844022137831,3.3595716775794218,0.45074681049061344,1.5604642913350002,3.327391788458205,8,38299,2.6649705450759518,5,0.5967257630747539,0.5722864826757879,-5.959234170866164,5.757542171499951,0.4585901497367316,1.7661338515919578,3.5638072385599457,0.44679827038124237,1.7892459351287169,3.5406951550231867
B,low,15,0.39185342373583143,9,8,38318,2.364424030481758,4,0.5839292238634585,0.5602849835586409,-2.2315202231520224,4.572106199354371,0.49376436554981906,1.3966458740041128,3.332202186959403,0.4723125521379198,1.4386914282914354,3.2901566326720806,8,38318,2.3448912594575293,5,0.5839292238634585,0.5602849835586409,-3.4165529238903916,4.857346219056783,0.49748782138339065,1.3698151295460836,3.319967389368975,0.47147715046631694,1.4207960445435481,3.2689864743715105,8,38293,1.908965085002481,6,0.5894811062074008,0.570391455357376,-3.1169665809768636,3.535853288475493,0.5018648282295933,0.9253100216724782,2.892620148332484,0.4759232037607205,0.9761556056314689,2.8417745643734933,8,38293,1.77689472743928,6,0.5894811062074008,0.570391455357376,-5.05798137673978,3.856331351736513,0.5030672071020987,0.7908830015191664,2.7629064533593937,0.4750443406434382,0.845807819778141,2.7079816351004187
B,low,30,0.39185342373583143,9,8,38316,1.88433030587744,3,0.590092911577409,0.5712496085186345,-5.133767172812726,4.065620542082739,0.5251560284914265,0.8550244900342441,2.913636121720636,0.5062977582407839,0.8919866997255036,2.8766739120293767,8,38316,1.7734656050342938,4,0.590092911577409,0.5712496085186345,-6.933791242899195,4.461524297703125,0.5239107486234695,0.7466005377322935,2.800330672336294,0.5057021553549803,0.7822893805385325,2.7646418295300554,8,38276,2.8895391367959036,5,0.5957780332323127,0.5668826418643537,-3.5430224150397684,5.477101755312129,0.5287607223109863,1.8531681210663706,3.9259101525254367,0.5048566709909592,1.9000200616536236,3.8790582119381836,8,38276,2.9162422346311097,5,0.5957780332323127,0.5668826418643537,-8.168447384541063,6.501322566309189,0.5179190458097553,1.9011209048439892,3.93136356441823,0.5022894423488754,1.9317549276273138,3.9007295416349055
B2,high,1,0.6922305764411028,9,9,13965,-1.1313999283924097,7,0.5280343716433942,0.5393483709273184,-6.003159557661927,5.625,0.6030305162499227,-2.3133397402422577,0.05053988345743865,0.6058900013569005,-2.3189443310519344,0.05614447426711533,9,13965,-1.1053752107685275,7,0.5280343716433942,0.5393483709273184,-5.547423742928385,7.319125260301005,0.6006266729432446,-2.282603489737287,0.07185306820023185,0.604597362065193,-2.2903860404163057,0.07963561887925064,9,13964,0.365224863935835,6,0.5499856774563161,0.5463334288169579,-4.739336492890995,3.1604054859868813,0.609213705353019,-0.8288339985560823,1.5592837264277524,0.5995805699592038,-0.8099530531842046,1.5404027810558745,9,13964,0.41430333582986173,5,0.5499856774563161,0.5463334288169579,-4.766915876802994,3.3006783428529016,0.606743600553248,-0.7749141212545043,1.6035207929142279,0.5977979344539904,-0.7573806156999594,1.585987287359683
B2,high,3,0.6922305764411028,9,9,13965,-1.3032581453634084,7,0.540279269602578,0.5533118510562121,-5.134281200631912,3.4375,0.6240611247318099,-2.5264179498377555,-0.0800983408890612,0.6266106500033126,-2.531415019369901,-0.07510127135691569,9,13965,-1.26643544224211,7,0.540279269602578,0.5533118510562121,-5.312943813776448,4.3844082163481675,0.6243980393552921,-2.4902555993784823,-0.04261528510573753,0.6270988641238588,-2.495549215924873,-0.03732166855934671,9,13964,-1.0240618733887137,7,0.5541392151246061,0.5643798338584933,-4.818325434439179,1.3109978150036417,0.635830019865934,-2.2702887123259443,0.22216496554851695,0.6241285812472163,-2.2473538926332575,0.1992301458558301,9,13964,-0.9709926432889894,7,0.5541392151246061,0.5643798338584933,-4.062259132861556,0.7334368164375568,0.6353173305585885,-2.216214611183823,0.27422932460584415,0.6246684359337512,-2.1953427777191417,0.253357491141163
B2,high,5,0.6922305764411028,9,9,13965,-1.482277121374866,6,0.5511636233440744,0.5659863945578231,-6.255749770009199,5.17115804806992,0.6525706606201097,-2.7613156161902808,-0.20323862655945102,0.6482709225198008,-2.752888129513676,-0.21166611323605644,9,13965,-1.188382368911817,5,0.5511636233440744,0.5659863945578231,-6.786134684555877,5.928763813772432,0.6564108087867204,-2.474947554133789,0.09818281631015502,0.6511051558466913,-2.4645484743713317,0.08778373654769789,9,13963,0.11458855546802266,5,0.5636324572083363,0.5624865716536561,-4.897314375987362,4.515659140568099,0.6579565721218559,-1.175006325890815,1.4041834368268602,0.6436207334653592,-1.1469080821240814,1.3760851930601266,9,13963,0.35744693288066376,6,0.5636324572083363,0.5624865716536561,-4.549498782545865,5.06549693755167,0.6611315424620221,-0.9383708903448995,1.653264756106227,0.6456671536384216,-0.9080606882506426,1.62295455401197
B2,high,10,0.6922305764411028,9,9,13965,-2.563551736484068,6,0.5439312567132116,0.5695667740780522,-5.009759271307742,0.46875,0.6533305682410977,-3.844079650236619,-1.2830238227315165,0.6669810440092833,-3.8708345827422628,-1.2562688902258727,9,13965,-2.51358319081272,7,0.5439312567132116,0.5695667740780522,-5.5668596147092435,1.8465843008519918,0.6547837196198274,-3.796959281267582,-1.2302071003578583,0.6682603620722589,-3.8233735004743474,-1.2037928811510925,9,13963,-2.384874310678221,6,0.5559693475614123,0.5798180906681946,-6.976744186046512,1.910828025477707,0.6589827201279534,-3.6764804421290096,-1.0932681792274321,0.6734129243455734,-3.7047636423955446,-1.064984978960897,9,13963,-2.2895632925424483,5,0.5559693475614123,0.5798180906681946,-7.054832155430307,2.416907303245727,0.6598039560118056,-3.5827790463255873,-0.9963475387593093,0.6743123541225218,-3.6112155066225906,-0.9679110784623057
B2,high,15,0.6922305764411028,9,9,13965,-2.900107411385607,6,0.5375581811672037,0.5665592552810599,-7.187993680884676,1.71875,0.6702284274951734,-4.213755129276147,-1.5864596934950672,0.6918629529769611,-4.256158799220451,-1.5440560235507634,9,13965,-2.708213949932793,6,0.5375581811672037,0.5665592552810599,-7.794197900451795,1.822821922869863,0.6709419963135475,-4.023260262707346,-1.39316763715824,0.6925806664322475,-4.065672056139999,-1.350755843725588,9,13963,-2.714316407648786,6,0.5465157917353004,0.5736589558117883,-8.825283243887895,2.7070063694267517,0.6827124203891658,-4.052432751611551,-1.376200063686021,0.6943012132363952,-4.07514678559212,-1.3534860297054516,9,13963,-2.5129384444351386,6,0.5465157917353004,0.5736589558117883,-8.626334212661606,3.1467933945995292,0.68109500347862,-3.8478846512532336,-1.1779922376170435,0.6931730572777252,-3.87155763669948,-1.1543192521707972
B2,high,30,0.6922305764411028,9,9,13965,-1.8689581095596133,7,0.5389903329752954,0.5576799140708916,-7.8711985688729875,3.350327749453751,0.7388305307392634,-3.3170659498085695,-0.42085026931065705,0.7563312164538764,-3.351367293809211,-0.3865489253100156,9,13965,-1.7876260979218863,7,0.5389903329752954,0.5576799140708916,-8.049714479277467,4.443823855972264,0.7371206067804127,-3.2323824872114955,-0.3428697086322774,0.7548820363579778,-3.2671948891835227,-0.3080573066602499,9,13963,-1.711666547303588,7,0.5464441738881329,0.5635608393611689,-7.677293428757319,2.8404952658412235,0.7348883740268827,-3.152047760396278,-0.27128533421089784,0.7597333018181783,-3.2007438188672177,-0.22258927573995835,9,13963,-1.6248119336412492,7,0.5464441738881329,0.5635608393611689,-7.670619774902923,3.99898848884022,0.7326696156282356,-3.060844380272591,-0.18877948700990732,0.7574438911164778,-3.1094019602295457,-0.14022190705295268
B2,low,1,0.6615616205249035,9,9,15279,1.1191831926173181,6,0.5585444073565023,0.5473525754303292,-4.6945701357466065,5.287356321839081,0.5447590329934193,0.05145548795021626,2.1869108972844202,0.5501116155069853,0.04096442622362706,2.1974019590110094,9,15279,0.9891492573065855,5,0.5585444073565023,0.5473525754303292,-4.538669643746977,5.564290404751512,0.5446115439383479,-0.0782893688125762,2.056587883425747,0.5483167738783271,-0.08555161949493562,2.063850134108107,9,15278,3.115591045948423,7,0.5627699960727844,0.5316140856133001,-3.8461538461538463,8.708272859216255,0.5556372547376959,2.026542026662539,4.204640065234307,0.5529205200709932,2.031866826609276,4.19931526528757,9,15278,3.0274051124797543,6,0.5627699960727844,0.5316140856133001,-3.698661623863165,8.323697473206133,0.5547772255681607,1.9400417503661593,4.114768474593349,0.551605938958954,1.9462574721202044,4.108552752839304
B2,low,3,0.6615616205249035,9,9,15278,0.5105380285377668,6,0.5791333944233539,0.5740280141379761,-5.077899596076168,6.508875739644971,0.5868143464777285,-0.6396180905585811,1.6606941476341146,0.5812373432152103,-0.6286871641640452,1.6497632212395787,9,15278,0.4529743950420945,6,0.5791333944233539,0.5740280141379761,-5.397948630240117,6.498196238036051,0.5885963289100028,-0.700674409621511,1.6066231997057001,0.5821512070402285,-0.6880419707567533,1.5939907608409425,9,15276,0.13092432573972246,5,0.5817622414244568,0.5804529981670595,-4.039238315060588,4.639684106614018,0.5858021715079832,-1.0172479304159245,1.2790965818953697,0.5863717710910804,-1.018364345598795,1.28021299707824,9,15276,-0.05424738147759109,4,0.5817622414244568,0.5804529981670595,-4.069339902976811,4.473835451155487,0.585664921649697,-1.202150627910997,1.093655864955815,0.5851483193561487,-1.2011380874156425,1.0926433244604605
B2,low,5,0.6615616205249035,9,9,15278,0.5890823406205002,6,0.5835842387747088,0.5776934153685038,-2.8851702250432774,5.818540433925049,0.6239835227758407,-0.6339253640201475,1.8120900452611481,0.6139777708757763,-0.6143140902960212,1.7924787715370218,9,15278,0.6003982892684865,5,0.5835842387747088,0.5776934153685038,-2.8064992805906592,6.3212907105482,0.6288012937338922,-0.6320522464499421,1.832848824986915,0.6167958219426928,-0.6085215217391913,1.8093181002761642,9,15276,0.5302435192458759,5,0.5932181199266824,0.5879156847342236,-2.3536895674300253,4.54096742349457,0.6428776521113424,-0.7297966788923551,1.7902837173841069,0.6169260465284485,-0.6789315319498832,1.739418570441635,9,15276,0.38609122682937475,5,0.5932181199266824,0.5879156847342236,-2.6623593761511497,5.0376346963484355,0.643363553423882,-0.8749013378814339,1.6470837915401835,0.6184480517731847,-0.8260669546460673,1.5982494083048169
B2,low,10,0.6615616205249035,9,9,15278,0.05890823406205001,5,0.583846053148318,0.5832569708076973,-3.33710407239819,3.2544378698224854,0.616517836033058,-1.1494667245627437,1.2672831926868435,0.6311626827136659,-1.1781706240567353,1.2959870921808352,9,15278,0.033529185514039384,4,0.583846053148318,0.5832569708076973,-3.2680691482232276,3.681135084827092,0.6205308702194249,-1.1827113201160333,1.249769691144112,0.6348127384027213,-1.2107037817552944,1.2777621527833731,9,15276,0.6349829798376538,4,0.5904687090861482,0.5841188792877716,-1.5434083601286173,3.3563672260612045,0.6238235192078647,-0.5877111178097609,1.8576770774850686,0.6327530974167648,-0.6052130910992051,1.8751790507745127,9,15276,0.6567688578209615,4,0.5904687090861482,0.5841188792877716,-2.1685850291235713,4.457421514107192,0.6260528933117757,-0.570294813070119,1.883832528712042,0.6360880993369828,-0.5899638168795248,1.9035015325214477
B2,low,15,0.6615616205249035,9,9,15278,0.1112711087838722,5,0.5802461055111926,0.5791333944233538,-3.9238315060588573,4.102564102564102,0.6333508467471498,-1.1300965508405414,1.352638768408286,0.6357218567794444,-1.1347437305038386,1.357285948071583,9,15278,0.07934145519879005,5,0.5802461055111926,0.5791333944233538,-3.3348781352574566,3.553599428769656,0.6368218523795397,-1.1688293754651078,1.327512285862688,0.6400975081331539,-1.1752496607421916,1.3339325711397718,9,15274,0.6547073458164203,6,0.5862249574440225,0.5796778839858583,-2.8938906752411575,3.053435114503817,0.6443763355632156,-0.6082702718874822,1.9176849635203228,0.6555437156331807,-0.6301583368246138,1.9395730284574544,9,15274,0.5945893741845665,6,0.5862249574440225,0.5796778839858583,-3.2056717995569692,2.8251522564859606,0.6462041970649307,-0.6719708520626977,1.8611496004318306,0.6591143936257757,-0.6972748373219539,1.886453585691087
B2,low,30,0.6615616205249035,9,9,15277,-1.5840806441055182,8,0.577534856319958,0.5933756627610134,-5.144694533762058,6.08058608058608,0.6719478092643235,-2.9010983502635925,-0.26706293794744407,0.6856685306157518,-2.927990964112392,-0.24017032409864458,9,15277,-1.33200536763754,7,0.577534856319958,0.5933756627610134,-5.533087275971831,6.769266725907526,0.6783145220881536,-2.6615018309303213,-0.002508904344759033,0.6914438039484926,-2.6872352233765855,0.023224488101505347,9,15267,-1.0349119014868668,6,0.5840047160542345,0.5943538350691033,-6.62379421221865,4.395604395604396,0.6775901082008295,-2.3629885135604924,0.29316471058675897,0.6930822845064112,-2.3933531791194325,0.323529376145699,9,15267,-0.8079416524967172,6,0.5840047160542345,0.5943538350691033,-7.172620204585011,5.0648897471588255,0.6830154345690853,-2.1466519042521246,0.53076859925869,0.6982400630423216,-2.1764921760596674,0.560608871066233
