year,contrast,side,pairs,move_treated,move_control,move_smd,vol_treated,vol_control,vol_smd
2018,B,high,13188,16.054237653015004,12.990876850732347,0.1700276564408158,13.84956272564365,11.942585356698729,0.1933150688273889
2018,B2,high,640,55.91333964220767,50.46671749425609,0.13805274540305912,17.302727394743233,20.13844147458129,-0.1983006463661046
2018,B,low,15179,16.48243244223469,14.705325925457737,0.09806317034662915,14.771104742247735,12.224688827253381,0.26283658844088637
2018,B2,low,1014,43.19761391167949,40.22673272422467,0.093228566496955,14.623383319502498,15.624803360594038,-0.09944873656439893
2019,B,high,3026,22.48828305104262,19.452823367751876,0.16729934003145003,13.875110745756214,11.65005435316433,0.3334838009827148
2019,B2,high,1373,35.87232814897277,29.80801483688154,0.21196123015232327,13.459779695362448,12.34574187235799,0.1387024362904767
2019,B,low,3113,23.91394369173697,20.881267486407776,0.16248754262944862,13.743996407023653,10.584198439466698,0.4939827127178284
2019,B2,low,1768,43.959845618942886,37.768360734308956,0.15540961387405816,14.335543441414274,13.520112106984,0.08578348958038866
2020,B,high,6372,17.88534258023191,14.10287471377075,0.20777788560759777,12.12167170651446,9.740727839153946,0.2482542595925043
2020,B2,high,1537,31.213633414063228,29.02058172959843,0.07913219057181477,11.982748169413215,15.091991093919416,-0.2237684559333026
2020,B,low,5288,20.829398937127394,16.554648239312325,0.18468053441637047,12.285583560842472,9.977276884006868,0.29167816593736073
2020,B2,low,1572,47.464001702694546,40.698841366032,0.14149500190335915,14.154444801574849,16.589321372135696,-0.1789669522335787
2021,B,high,5426,25.19474636372958,20.834717194526558,0.22288032605988997,15.686068225771688,11.818821136197764,0.47524249380322475
2021,B2,high,1677,34.27073855318389,31.2551541243012,0.10142135223388235,13.823959238484745,15.843760254141563,-0.1854302511569621
2021,B,low,6252,26.34290996517361,22.48322943691592,0.15990921377757983,17.468984406709847,11.325429115366388,0.8073699346816287
2021,B2,low,1740,45.3277027286503,38.358350695996165,0.17740907055650595,17.2242498747932,17.451257834420794,-0.019462744696648954
2022,A,long,3072,107.83873780680642,103.62953814993013,0.07014573129946555,16.308986913744913,15.491366305680174,0.08722695558747076
2022,A,short,2330,115.17341912702591,107.21246241249429,0.11106524293038113,18.25109210401399,16.03578537840086,0.19279878401887182
2022,B,high,5290,16.371026526671393,12.942383673946464,0.1824600704382455,8.945943805935952,8.451674810431655,0.08789747801992846
2022,B2,high,1518,36.951070006291665,31.934190962980374,0.17175336956788118,12.713624184557164,12.195436755358097,0.0699137085828152
2022,B,low,5608,16.45352406299055,13.073966315857874,0.18743833037935814,9.232762551352774,8.66758131047876,0.0969516407903644
2022,B2,low,1733,33.37417071769752,29.45717016488452,0.14399040440559752,12.684367635488313,12.258594104300656,0.060022240137496935
2023,A,long,4017,80.46252646301625,75.73247251679625,0.0913424369085968,12.694513440192123,10.765838967161601,0.2635971044976215
2023,A,short,3807,77.47754208660287,74.6857334459517,0.05584104227234861,11.948981147705426,10.48214902792336,0.2048138116873443
2023,B,high,1431,22.64909270539457,18.53751122122822,0.17765334791397744,9.83326333510973,7.99780581968324,0.3713582854411419
2023,B2,high,2174,22.549943443629427,19.103822705556073,0.167523468717353,8.058197564836119,7.614616268635269,0.09518083990927632
2023,B,low,1383,24.659444545992944,20.078963743254572,0.1781769049540548,9.734371972666466,8.097385905271448,0.3461764791020997
2023,B2,low,2067,24.046041828495852,20.22505603841608,0.16988661022991305,8.00739927996235,7.51008958869873,0.10367485253375329
2024,A,long,7602,72.15027188442708,66.31098255615888,0.11990850529309349,12.379260052064751,10.672282665821577,0.23183278906241053
2024,A,short,5350,66.0599498174229,62.84790246300648,0.08146688891235633,11.470191788870295,10.374445195075511,0.14827815698999963
2024,B,high,339,35.386452950635245,29.785907732202876,0.2037054910466557,11.843760839938849,11.071902311021383,0.10596044626657466
2024,B2,high,2524,17.241209981073965,14.90680526143009,0.15768438163085993,8.20260552158036,8.584904031327273,-0.07449276083846278
2024,B,low,323,47.71508028690291,38.525841502725264,0.2268010226996741,16.654917902127153,10.134483239557836,0.8891044992917007
2024,B2,low,2465,22.892259813184015,18.66378630337894,0.1870255727732709,9.97271629430661,8.973720496866386,0.18750231528523958
2025,A,long,4831,70.48598208098363,65.72845253799329,0.10426547912126359,11.201820213377195,10.0139429880444,0.17902699152103002
2025,A,short,2755,71.86997527014942,66.43415299187592,0.11984408253287053,12.1019896021025,10.222942448790285,0.2304034999907055
2025,B,high,639,26.03453960011529,21.983064164840265,0.25122981260714383,13.244214959089504,9.291619465226027,0.7448524360107722
2025,B2,high,1266,19.81394731555637,16.81551605533685,0.19800717981129987,8.256854898874138,8.403886186556258,-0.027838600307260486
2025,B,low,779,21.583890214399776,19.36425744045253,0.1519715904829359,13.882706745269234,9.019810146877361,0.8900958345198218
2025,B2,low,1555,19.637665235344603,16.354267250108844,0.19075092077037886,9.11859507416709,8.715563022332518,0.07410022314482116
2026,A,long,3993,62.288140777178405,58.582852669240566,0.10476225906109427,9.661479694220308,9.467379588946192,0.036881911100648236
2026,A,short,3150,65.05591766778461,61.53283087870805,0.09356807970165004,10.313165692614561,9.899778890959709,0.07928590821656178
2026,B,high,659,25.98050967474074,22.485115532910317,0.1920711024282931,12.382851758109378,8.040518074806599,0.9071666452876285
2026,B2,high,1256,20.061442569618944,17.194227827347913,0.17373000330064728,7.83416864312316,8.560773969315012,-0.14727179579492994
2026,B,low,717,22.84535845493209,19.929550042894203,0.19020175515017046,12.207385500601367,7.759553107188183,1.0630957038805957
2026,B2,low,1365,18.992452519277776,16.342290470278954,0.18603399733938317,8.21410817340203,8.013648990517124,0.04664990932744764
all,B,high,36031,18.96188659873138,15.457741331692125,0.18500083683297758,12.90568709951957,10.72240536087378,0.2514473945476571
all,B2,high,13965,27.883879091143903,24.401118048904134,0.13436792014319654,10.667265313713786,11.294842889179066,-0.07000316995530721
all,B,low,38319,19.808503110112884,16.878935048407108,0.1428098297301469,13.726485786758735,10.816307753888792,0.34871274728631346
all,B2,low,15279,32.42609430380036,27.80844882714102,0.14217375451563974,11.839914627075373,11.752716918700926,0.009673885832293228
all,A,long,23515,76.21600101068958,71.36376175240478,0.09675181824138561,12.243099514093952,10.977977908637802,0.17011820418623103
all,A,short,17392,75.8773989958408,71.71253516487369,0.0827169836133899,12.373953265159354,11.046499139119856,0.16345832014367837
