year,contrast,side,horizon,label,n,est,se_day,se_ep,est_adj,se_day_adj,se_ep_adj,treated_rate,control_rate
2018,B,high,1,lp,13188,7.832878374279648,0.6772467522722094,0.6248622930651864,7.752597431621138,0.6686149365276541,0.6251708837133719,0.5037154989384289,0.42538671519563237
2018,B,high,1,vw,13188,5.482256596906279,0.7081365179769543,0.6332677865781341,5.402166965310648,0.6972986467640845,0.6331906195438829,0.5181225356384592,0.4632999696693964
2018,B,high,3,lp,13186,4.830881237676324,0.7428565550015352,0.701771904762455,4.4171711340134525,0.7468953903817098,0.7031643650798639,0.557485211588048,0.5091763992112847
2018,B,high,3,vw,13185,6.674251042851726,0.7694802660715355,0.6872311637601762,6.664692916709625,0.7550519195993646,0.6879340318436785,0.5646568069776261,0.49791429654910885
2018,B,high,5,lp,13185,5.786879029199849,0.6992085047461577,0.7050908458447955,5.858763911727666,0.7055334836090594,0.7024024060340829,0.571861964353432,0.5139931740614334
2018,B,high,5,vw,13184,5.590109223300971,0.7151153564498689,0.6982846402545021,5.579381319174272,0.7118124643731346,0.6991789465329015,0.5845722087378641,0.5286711165048543
2018,B,high,10,lp,13185,8.949563898369359,0.7761740588603228,0.7458413908414401,9.037222932222216,0.7794958595471683,0.7413523137203997,0.5844520288206295,0.4949563898369359
2018,B,high,10,vw,13181,8.982626507852212,0.7895436264034978,0.7510675590631061,8.947796629564074,0.7893066640775632,0.7496321574846017,0.5998786131552993,0.5100523480767771
2018,B,high,15,lp,13185,7.0155479711793705,0.7157165282691335,0.7735250711394713,7.1891223255092855,0.7217087985436665,0.7701391165095456,0.5785362153962836,0.5083807356844899
2018,B,high,15,vw,13180,5.97875569044006,0.7387415101955181,0.7891360565900221,6.1155790293135714,0.7396797879285313,0.7879018856265332,0.5873292867981791,0.5275417298937785
2018,B,high,30,lp,13185,6.651497914296549,0.8125557111113114,0.8260963990224536,6.733107270783555,0.8110728886593004,0.827246678064257,0.5769434963974213,0.5104285172544558
2018,B,high,30,vw,13174,5.989069379080006,0.8392216019251897,0.8330056265879598,6.034053617566989,0.837957139308895,0.8336032808112147,0.5850918475785638,0.5252011537877638
2018,B,low,1,lp,15179,4.0384742077870746,0.6309755085806646,0.5939227872316413,4.189405211672349,0.6260643255466464,0.5931703416785621,0.5055010211476382,0.46511627906976744
2018,B,low,1,vw,15179,0.44798735094538505,0.6227131365019957,0.5937756189595856,0.6917608901940253,0.6218874009608142,0.590203605749649,0.5165030634429145,0.5120231899334607
2018,B,low,3,lp,15179,2.0686474734831015,0.6619434062246697,0.660885286357994,2.5793262437313325,0.6351591028513452,0.6535350966944707,0.5470716120956585,0.5263851373608275
2018,B,low,3,vw,15171,1.364445323314218,0.699536852929476,0.6566735786332154,2.2894016430959625,0.6734407916815219,0.6444139019636637,0.5544130248500428,0.5407685716169006
2018,B,low,5,lp,15179,2.9646221753738717,0.7100225163615217,0.6586729944529005,3.6481267488801308,0.6857429676110877,0.6469172437714299,0.5620264839581,0.5323802622043613
2018,B,low,5,vw,15162,5.276348766653475,0.6834942712169424,0.654517885254157,5.505104418254115,0.6846681173171842,0.6528444142770548,0.5780899617464714,0.5253264740799367
2018,B,low,10,lp,15179,5.698662625996443,0.7893404224490402,0.765618327300884,6.1860666265400575,0.7813715413415879,0.756654872176641,0.572765004282232,0.5157783780222676
2018,B,low,10,vw,15160,5.032981530343008,0.8549956672614888,0.7706966616621358,5.757542171499951,0.8280514507683174,0.7570154883734452,0.5889182058047493,0.5385883905013192
2018,B,low,15,lp,15179,4.572106199354371,0.8853469321924902,0.8104921049440791,4.857346219056783,0.89265355866434,0.8064618145886665,0.5663087159891956,0.5205876539956519
2018,B,low,15,vw,15159,3.535853288475493,0.9085425635580272,0.8200314653945755,3.856331351736513,0.9079379664660518,0.8150131791442723,0.5770829210370078,0.5417243881522528
2018,B,low,30,lp,15179,3.939653468607945,0.9679329873871053,0.8612841480989595,4.461524297703125,0.9475737376243347,0.8533959325463901,0.5705250675275051,0.5311285328414257
2018,B,low,30,vw,15154,5.477101755312129,0.9679085947839305,0.8551782212102205,6.501322566309189,0.9108006155208301,0.8383425658969621,0.5789230566187146,0.5241520390655933
2018,B2,high,1,lp,640,5.625,2.8534270578957237,2.842777966384661,7.319125260301005,2.8490576785462207,2.8236447869733454,0.5546875,0.4984375
2018,B2,high,1,vw,640,-1.40625,3.161562405192498,2.990425367877305,-1.0699033814933223,3.164471148674362,3.008365247043109,0.5328125,0.546875
2018,B2,high,3,lp,640,3.4375,2.8668669227767403,2.7218965759473317,4.3844082163481675,2.9054096274411636,2.7156201224239442,0.5796875,0.5453125
2018,B2,high,3,vw,640,-0.625,2.771806092034726,2.7709103528172125,-0.10578851344044518,2.7875418804282326,2.777251317678713,0.584375,0.590625
2018,B2,high,5,lp,640,4.21875,3.1972176205078764,3.16978645152953,5.928763813772432,3.1899168787687353,3.0622202380417756,0.578125,0.5359375
2018,B2,high,5,vw,640,3.75,3.1851067627839464,2.9057432984024825,5.06549693755167,3.212351722014329,2.9047308052035135,0.59375,0.55625
2018,B2,high,10,lp,640,0.46875,3.1892121335501513,3.2350666209676424,1.8465843008519918,3.1378949122186115,3.135970682929247,0.5515625,0.546875
2018,B2,high,10,vw,640,-1.09375,3.0295841516157784,3.0258227262010733,0.043390957039596854,2.998422740109749,2.9760299119020477,0.5640625,0.575
2018,B2,high,15,lp,640,1.71875,3.356356253620304,3.487177624039382,1.582129774109839,3.3741405648017855,3.4217218500721254,0.546875,0.5296875
2018,B2,high,15,vw,640,0.15625,3.438926695482496,3.3666943323931187,0.1430351533266851,3.4260500756481065,3.2999038179709146,0.55625,0.5546875
2018,B2,high,30,lp,640,-2.8125,3.440681857575624,3.5062601779511224,-1.7739212940203928,3.4393046551367776,3.4698678295146665,0.5109375,0.5390625
2018,B2,high,30,vw,640,-1.25,3.409304867590427,3.626647574804579,-0.43106273826786035,3.418362741441554,3.5778577921613937,0.5375,0.55
2018,B2,low,1,lp,1014,-2.7613412228796843,2.3880226996787126,2.230335287175099,-2.2407203445296364,2.392216222706642,2.2291207597910927,0.5128205128205128,0.5404339250493096
2018,B2,low,1,vw,1014,-3.8461538461538463,2.0118480499816025,2.1916024919077803,-3.698661623863165,2.0204924117735112,2.185407327973856,0.5276134122287969,0.5660749506903353
2018,B2,low,3,lp,1014,6.508875739644971,2.629809520632405,2.3461998079289414,6.498196238036051,2.62533059813927,2.340589413063973,0.5631163708086785,0.4980276134122288
2018,B2,low,3,vw,1013,4.639684106614018,2.407978318725464,2.298536586740925,4.473835451155487,2.4136104085975663,2.2903416391057405,0.5646594274432379,0.5182625863770978
2018,B2,low,5,lp,1014,5.818540433925049,2.236050355999929,2.4086156905944827,6.3212907105482,2.235615799933472,2.399841726546472,0.5601577909270217,0.5019723865877712
2018,B2,low,5,vw,1013,4.54096742349457,2.335275892560625,2.339798131566061,5.0376346963484355,2.332311540455852,2.333068915558202,0.5834155972359328,0.5380059230009872
2018,B2,low,10,lp,1014,3.2544378698224854,2.2841607442103693,2.345184591327165,3.681135084827092,2.2814934307015355,2.3382058444529275,0.5473372781065089,0.514792899408284
2018,B2,low,10,vw,1013,3.3563672260612045,2.162564689041793,2.319210347105059,4.457421514107192,2.147601630803573,2.301581189272436,0.5557749259624877,0.5222112537018756
2018,B2,low,15,lp,1014,2.662721893491124,2.3577334906789225,2.385911817309029,3.499922852098205,2.3472435368954723,2.3690434997322742,0.5424063116370809,0.5157790927021696
2018,B2,low,15,vw,1013,0.5923000987166831,2.1886793689978035,2.3168829393238473,1.2593245037171514,2.1811976393560655,2.299337674099613,0.5350444225074038,0.5291214215202369
2018,B2,low,30,lp,1014,-3.747534516765286,2.563702582476382,2.526989860330635,-3.4885331614594173,2.563449411462364,2.521542279329529,0.5138067061143984,0.5512820512820513
2018,B2,low,30,vw,1013,-2.7640671273445214,2.4843403066336465,2.485253219481658,-2.40588044515908,2.4782245886686796,2.475715830962428,0.5241855873642646,0.5518262586377097
2019,B,high,1,lp,3026,-6.873760740251156,1.4356790561013046,1.3420362329743984,-7.265933016140381,1.4392023276194086,1.3437165035347296,0.5244547257105089,0.5931923331130204
2019,B,high,1,vw,3026,-1.982815598149372,1.3715699263408383,1.2932354238310257,-2.0347144811034634,1.378332386729797,1.2919248260797433,0.5442828816920027,0.5641110376734964
2019,B,high,3,lp,3026,-1.3549239920687377,1.5630717924820552,1.3947431731308952,-2.1908388214036365,1.5606831462540436,1.3933453466289434,0.5571711830799736,0.570720423000661
2019,B,high,3,vw,3026,-2.1480502313284866,1.4788314398454117,1.393940598622306,-2.0441585820548065,1.4741464403114313,1.3876985827357595,0.5545274289491078,0.5760079312623926
2019,B,high,5,lp,3026,-0.42961004626569727,1.7562315911212278,1.4301031541042093,-0.9930742840165314,1.7538961618050077,1.428714747676543,0.5690680766688698,0.5733641771315268
2019,B,high,5,vw,3026,0.16523463317911435,1.9122948615875688,1.4736852574891675,0.32945511051484566,1.918429319636848,1.4652890429279095,0.5713813615333774,0.5697290152015863
2019,B,high,10,lp,3026,-5.419695968274951,1.618783216407593,1.473219333850474,-4.243962496095838,1.613344751801877,1.45101211655315,0.5684071381361533,0.6226040978189028
2019,B,high,10,vw,3026,-5.320555188367482,1.6019459711534991,1.4466284940665333,-4.18214823330068,1.6147672678882083,1.4262414320877215,0.5687376074025116,0.6219431592861864
2019,B,high,15,lp,3026,-1.4540647719762063,1.4481653178426515,1.4766817590906867,-1.993882322750292,1.4605100603235175,1.4873050933573835,0.5452742894910774,0.5598149372108394
2019,B,high,15,vw,3026,-1.520158625247852,1.6212221790506045,1.5948806648597007,-1.1839381021979891,1.626675666293298,1.5826487388146062,0.5446133509583608,0.5598149372108394
2019,B,high,30,lp,3026,3.4038334434897553,1.579727038289712,1.7500503227224267,2.246285718685631,1.5947214724685694,1.7538804872364042,0.5627891606080635,0.5287508261731659
2019,B,high,30,vw,3026,4.527428949107733,1.5972499254598003,1.7317951952064452,3.403209208036696,1.6222930389287429,1.7363793162040801,0.5667547918043622,0.5214805023132849
2019,B,low,1,lp,3113,-0.25698682942499196,1.2052714852014608,1.2457163142210808,1.5737130545947022,1.1717723395788142,1.2271648164872735,0.578220366206232,0.5807902345004818
2019,B,low,1,vw,3113,-0.7067137809187279,1.3003320529378537,1.2855542218206732,-0.674691766512154,1.313764999331562,1.283096560101913,0.5679408930292322,0.5750080308384196
2019,B,low,3,lp,3113,-1.3170575008030838,1.1937800424142997,1.3122281028517768,0.22013575418947257,1.1766031973033495,1.302255120073443,0.594282043045294,0.6074526180533247
2019,B,low,3,vw,3113,-0.8352071956312239,1.156243404944124,1.2575829697287504,-0.02241179414541679,1.1482884907103479,1.2505403326963684,0.6029553485383874,0.6113074204946997
2019,B,low,5,lp,3113,-5.942820430452939,1.2580532628800543,1.338869480355062,-5.1550519400571835,1.2460117501089536,1.3314849784124836,0.5901060070671378,0.6495342113716672
2019,B,low,5,vw,3113,-5.0433665274654675,1.2857787979920805,1.3386359639174168,-5.033364018224949,1.282020980686963,1.3357817454830339,0.6032765820751687,0.6537102473498233
2019,B,low,10,lp,3113,-3.7905557340186316,1.2841557659777936,1.459335036677435,-4.136886370817813,1.289449150198298,1.4604014366444562,0.602312881464825,0.6402184388050113
2019,B,low,10,vw,3113,-6.135560552521683,1.3581272355367597,1.4116589013019978,-5.959234170866164,1.347529632619562,1.4024250330940913,0.6064889174429811,0.6678445229681979
2019,B,low,15,lp,3113,-1.9916479280436878,1.4113028460527337,1.3703058025087704,-3.4165529238903916,1.415803461730612,1.380386517715516,0.5913909412142627,0.6113074204946997
2019,B,low,15,vw,3112,-3.1169665809768636,1.426927702572887,1.4156569366660117,-5.05798137673978,1.4162071016377529,1.4282179785021838,0.5909383033419023,0.622107969151671
2019,B,low,30,lp,3113,-3.3408287825248957,1.5238593918360066,1.5821032421509102,-4.963979935136651,1.5530647529635304,1.6038756156344147,0.5833601027947317,0.6167683906199807
2019,B,low,30,vw,3102,-2.514506769825919,1.4921755460521657,1.54764713797434,-3.979345594372069,1.5225950877686347,1.5679397002490583,0.5902643455834945,0.6154094132817537
2019,B2,high,1,lp,1373,4.6613255644573925,2.2811594265283186,2.2251750103059833,5.402237059664012,2.261378448243269,2.201828184621667,0.5477057538237436,0.5010924981791697
2019,B2,high,1,vw,1373,0.3641660597232338,2.1168793371513237,2.1207963432554515,2.0812276317233045,2.0433595975929855,2.0546308338842723,0.5557174071376547,0.5520757465404225
2019,B2,high,3,lp,1373,1.4566642388929352,2.0272383946041974,2.0548474900808906,1.6313640351339538,2.0265743188961745,2.0557249381891367,0.5571740713765477,0.5426074289876184
2019,B2,high,3,vw,1373,1.3109978150036417,1.9400418068499368,1.8376024450658703,0.0890384448120192,1.9235402492584286,1.8345549202741844,0.5571740713765477,0.5440640932265113
2019,B2,high,5,lp,1373,5.17115804806992,2.018921213260435,2.070595026875453,5.3232766336744275,2.0349692126262413,2.086843602577042,0.5739257101238164,0.5222141296431173
2019,B2,high,5,vw,1373,4.515659140568099,2.06827510651949,2.08832705936406,4.639262801126625,2.0725596013078107,2.092110225164935,0.5768390386016023,0.5316824471959214
2019,B2,high,10,lp,1373,0.14566642388929352,2.0933818773563586,2.055046257986,1.0669262048831325,2.1081785868738656,2.056931564324752,0.5528040786598689,0.551347414420976
2019,B2,high,10,vw,1373,0.8739985433357611,2.104661936788178,2.026436550356179,1.1958320913320324,2.1116324663253168,2.0308966318354265,0.5600873998543335,0.551347414420976
2019,B2,high,15,lp,1373,-0.7283321194464676,2.095396271238281,2.1445094524775183,-0.5927194846864431,2.0967291881278807,2.145481529504568,0.5360524399126001,0.5433357611070648
2019,B2,high,15,vw,1373,-0.8739985433357611,2.0984572415224596,2.093413721615427,-0.2251760222360466,2.0891139956524194,2.0780217491969624,0.5382374362709396,0.5469774217042972
2019,B2,high,30,lp,1373,3.350327749453751,2.3541948075638066,2.5339617882870304,4.443823855972264,2.273824484607185,2.452547689706434,0.5644573925710124,0.5309541150764748
2019,B2,high,30,vw,1373,2.8404952658412235,2.4328701862800366,2.558431824278105,3.99898848884022,2.3812395579330214,2.5034209035310364,0.562272396212673,0.5338674435542607
2019,B2,low,1,lp,1768,-4.6945701357466065,1.6092020697955132,1.6465949214435383,-4.538669643746977,1.6184899968977449,1.650761270598042,0.5729638009049773,0.6199095022624435
2019,B2,low,1,vw,1767,-2.43350311262026,1.5701959334837048,1.611814330685796,-2.339674840309388,1.5952345576743006,1.6213444972360278,0.5721561969439728,0.5964912280701754
2019,B2,low,3,lp,1768,-1.8099547511312217,1.7078644286772262,1.7251907630333547,-1.5477504859878044,1.7079081022137816,1.7213512097730725,0.5921945701357466,0.6102941176470589
2019,B2,low,3,vw,1767,-0.4527447651386531,1.8016253566096214,1.7973563642480057,-0.5373507558455072,1.8059864604670117,1.8013687109887537,0.5998868138087153,0.6044142614601019
2019,B2,low,5,lp,1768,-1.583710407239819,1.84278153413136,1.8020055129356383,-1.642677334199672,1.8499013081782192,1.807504442401463,0.5876696832579186,0.6035067873303167
2019,B2,low,5,vw,1767,0.39615166949632147,2.1014562789404074,1.9424491782072488,0.07415139942871815,2.1064899989143946,1.944833564568162,0.6038483305036786,0.5998868138087153
2019,B2,low,10,lp,1768,-3.33710407239819,1.8933452093822742,1.8302338135232743,-3.2680691482232276,1.9175443032719839,1.8443276963402795,0.582579185520362,0.6159502262443439
2019,B2,low,10,vw,1767,0.0,2.0839787933810943,1.8939672360703463,-0.08223067411471813,2.1046664718964396,1.9066154823805999,0.5964912280701754,0.5964912280701754
2019,B2,low,15,lp,1768,-0.6787330316742082,1.887614277053678,1.8707453105508711,-1.1387421935826425,1.8863496466977214,1.8749201349361349,0.5899321266968326,0.5967194570135747
2019,B2,low,15,vw,1766,1.0758776896942241,1.9167703965940353,1.8841439325470828,0.02434502949217848,1.9222920919653927,1.8961487486086792,0.5996602491506229,0.5889014722536806
2019,B2,low,30,lp,1768,-1.5271493212669682,1.8216123159281141,1.9494733859308853,-2.3303190849677944,1.8011673606241136,1.9473672566276268,0.5916289592760181,0.6069004524886877
2019,B2,low,30,vw,1760,-2.0454545454545454,1.7489561779182599,1.9227892717808555,-2.886055570007746,1.7195571769214493,1.916003054210697,0.5988636363636364,0.6193181818181818
2020,B,high,1,lp,6372,-2.0558694287507846,0.9423314205373836,0.8655038291496389,-2.0294385828244295,0.9441154780850147,0.8667900794003798,0.5225988700564972,0.543157564344005
2020,B,high,1,vw,6372,-1.9303201506591336,0.878786049460895,0.9252971389534664,-1.6897297940612088,0.8807934705561332,0.9259427555573482,0.5315442561205274,0.5508474576271186
2020,B,high,3,lp,6372,-4.676710608913999,0.9984665710411178,0.9593725204256779,-4.057448605426233,1.0055558883525553,0.9590707831743472,0.5419020715630886,0.5886691776522285
2020,B,high,3,vw,6372,-1.2084118016321406,1.035822711676068,0.9942976249823321,-1.7243460574383402,1.018652117336019,0.9903458886069916,0.545668549905838,0.5577526679221595
2020,B,high,5,lp,6372,-4.111738857501569,1.0247246475768208,0.9805686773879443,-3.5269693552622683,1.0553885347508831,0.9825528134383558,0.5470809792843692,0.5881983678593848
2020,B,high,5,vw,6372,-4.300062774639046,1.063032422065116,0.9962796216487029,-3.852955193054254,1.0851799527529529,0.9969550552302988,0.5583804143126178,0.6013810420590081
2020,B,high,10,lp,6372,-2.9347143753923417,1.1096721462743995,1.0685837682450572,-2.9538549341294025,1.1120859940424008,1.0691351634957744,0.5464532328939109,0.5758003766478342
2020,B,high,10,vw,6372,-3.970495919648462,1.159148500209166,1.091437812271442,-4.274074058388029,1.154685080967351,1.091278753828001,0.552887633396108,0.5925925925925926
2020,B,high,15,lp,6372,-3.4055241682360324,1.0943084119295354,1.1364886189000383,-3.341748568859239,1.0961099881518608,1.1370724507966958,0.5499058380414312,0.5839610797237916
2020,B,high,15,vw,6372,-3.4055241682360324,1.1815522446311468,1.1415442631436419,-3.468074361612983,1.1798682151370352,1.141764352096575,0.5569679849340866,0.5910232266164469
2020,B,high,30,lp,6372,0.7219083490269931,1.2156980414868988,1.2144541209386455,0.2594321922489493,1.1981282404758395,1.2136336502282883,0.5519460138104206,0.5447269303201506
2020,B,high,30,vw,6372,0.29817953546767106,1.2149854351094356,1.2140464435384617,-0.23723182013629146,1.2043781378068614,1.2149630272034244,0.5590081607030759,0.5560263653483992
2020,B,low,1,lp,5288,-3.8199697428139183,1.0840549906995869,0.9793732170008081,-3.5695225601250535,1.080194986701965,0.9747354282465643,0.5758320726172466,0.6140317700453858
2020,B,low,1,vw,5288,-1.002269288956127,1.0156465733072322,0.9326953019425509,-1.539852316212004,1.0393459246885501,0.9406455724170719,0.5750756429652042,0.5850983358547656
2020,B,low,3,lp,5288,-2.136913767019667,1.0947804426445045,1.026705172879384,-2.7430535683492625,1.1505986443956373,1.0338972742745074,0.6053328290468987,0.6267019667170953
2020,B,low,3,vw,5288,-2.7420574886535554,1.09971004955928,1.0008227894917188,-2.56736961138174,1.112540974567839,1.000752680365554,0.6024962178517398,0.6299167927382754
2020,B,low,5,lp,5288,-1.475037821482602,1.071128092363863,1.0540109316474302,-2.10213543828038,1.1411017070453964,1.0586993974369387,0.6147881996974282,0.6295385779122542
2020,B,low,5,vw,5288,-3.177004538577912,1.0418358503147223,1.0307038314808876,-3.108101883999903,1.0687237486655135,1.0298582663390459,0.6202723146747352,0.6520423600605144
2020,B,low,10,lp,5288,6.656580937972769,1.225594302463623,1.120994273319906,4.426526496002308,1.2024938467103439,1.130297137099073,0.6223524962178517,0.555786686838124
2020,B,low,10,vw,5288,6.202723146747353,1.1281815511648337,1.12437926449753,5.062601310437521,1.169047445103044,1.1353666628940111,0.6299167927382754,0.5678895612708018
2020,B,low,15,lp,5287,0.9078872706638925,1.3087384688705144,1.1925644238654112,0.4444851950431973,1.3506172811049724,1.1982400791599586,0.6234159258558729,0.6143370531492339
2020,B,low,15,vw,5287,1.2483449971628522,1.2564564091792516,1.1742770168801884,0.8208358578980783,1.2963787809931067,1.1821816461049581,0.6202004917722717,0.6077170418006431
2020,B,low,30,lp,5285,-0.6054872280037843,1.3027335336918764,1.282047998268311,-0.6168270061921193,1.329087359275893,1.2811717623228027,0.6319772942289499,0.6380321665089878
2020,B,low,30,vw,5285,1.2488174077578051,1.279155660473091,1.2617220172951416,0.863426804606605,1.316458885418252,1.2672663903363994,0.6342478713339641,0.621759697256386
2020,B2,high,1,lp,1537,-1.1711125569290826,1.580191606680379,1.6960011780342183,-1.249049206174526,1.578560944150256,1.6952045222391714,0.5328562134027326,0.5445673389720235
2020,B2,high,1,vw,1537,0.3903708523096942,1.687639326643676,1.6992865736272533,0.05120459267359936,1.6842707165183968,1.696478616663433,0.556929082628497,0.5530253741054001
2020,B2,high,3,lp,1537,-1.3662979830839297,1.725209171546712,1.7908984001451722,-0.21641844508922656,1.7303089648335577,1.7957882776661545,0.5452179570592063,0.5588809368900456
2020,B2,high,3,vw,1537,0.06506180871828236,1.9704565152331173,1.9729926175231236,0.7334368164375568,1.9745820585963267,1.9804104458267582,0.5536759921925829,0.5530253741054001
2020,B2,high,5,lp,1537,-2.797657774886142,1.9817993818375133,1.9589574432220795,-1.383374556432329,1.9976538012044718,1.9744113368153386,0.5302537410540012,0.5582303188028627
2020,B2,high,5,vw,1537,-0.13012361743656473,1.9996013449756573,1.9283126178501824,0.6178241735938164,2.011268937877425,1.935984507763126,0.5634352635003254,0.564736499674691
2020,B2,high,10,lp,1537,-5.009759271307742,1.951270974360772,1.9061715633681524,-4.191814140248405,1.9527302073129265,1.9105108041610361,0.5270006506180872,0.5770982433311646
2020,B2,high,10,vw,1537,-5.725439167208848,1.924939806950389,1.963052266938119,-5.1434798074641135,1.9261074408918821,1.9663974855191104,0.5289525048796356,0.5862068965517241
2020,B2,high,15,lp,1537,-5.790500975927131,2.0163442517634964,2.1513890860619376,-4.540197439410273,2.0083435421262488,2.1504700923067217,0.5185426154847105,0.5764476252439817
2020,B2,high,15,vw,1537,-6.05074821080026,2.0398225797303,2.0526541342757483,-5.041197218672996,2.0426209604443133,2.061679212667577,0.52765126870527,0.5881587508132726
2020,B2,high,30,lp,1537,-6.506180871828237,2.007161515010786,2.1339459053276313,-4.495032484331643,2.040744927801751,2.155774268858896,0.5185426154847105,0.5836044242029929
2020,B2,high,30,vw,1537,-7.677293428757319,1.9291031613710619,2.156215546282595,-6.097295479342203,1.9668113366508801,2.181754366038745,0.5250487963565387,0.6018217306441119
2020,B2,low,1,lp,1572,4.325699745547074,1.7001643431737163,1.7651223311938573,4.3276501292501335,1.6811582574251138,1.7379656688688532,0.6132315521628499,0.5699745547073791
2020,B2,low,1,vw,1572,5.7251908396946565,1.7050563699992731,1.6929037882427125,5.954735647324835,1.6967762312872925,1.682861059282395,0.6183206106870229,0.5610687022900763
2020,B2,low,3,lp,1572,1.2086513994910941,1.8937379939808687,1.8616273651586572,1.2316730982950561,1.8702055171480827,1.844797436142934,0.628498727735369,0.6164122137404581
2020,B2,low,3,vw,1572,1.0178117048346056,1.7416531317833588,1.8444069627104063,0.7136482747456004,1.6920125368173617,1.810417060347518,0.6297709923664122,0.6195928753180662
2020,B2,low,5,lp,1572,0.44529262086513993,1.807379080541585,1.807105045843402,0.29485274017488206,1.8311699623349849,1.8194036679411592,0.6329516539440203,0.628498727735369
2020,B2,low,5,vw,1572,-2.3536895674300253,1.9207984978749373,1.893180071638988,-2.6623593761511497,1.9095491809645952,1.8871816647959219,0.6418575063613231,0.6653944020356234
2020,B2,low,10,lp,1572,-2.162849872773537,1.7745592471469753,1.8998142083138867,-1.76680962211736,1.7256877046523886,1.8675217549453058,0.6202290076335878,0.6418575063613231
2020,B2,low,10,vw,1572,-0.31806615776081426,1.800128874969553,1.966871695097048,-0.37919361827431414,1.781497126798267,1.9558693662228726,0.6335877862595419,0.6367684478371501
2020,B2,low,15,lp,1572,0.8269720101781171,1.8860107719907993,1.889687946925901,0.883589259478126,1.852821411122757,1.8729075373450697,0.6253180661577609,0.6170483460559797
2020,B2,low,15,vw,1572,3.053435114503817,2.166032695181618,2.098228754213351,2.8251522564859606,2.130115240576395,2.0788418120512935,0.6342239185750637,0.6036895674300254
2020,B2,low,30,lp,1571,-0.3819223424570337,1.9601270147876013,2.075044055297326,1.2338847709422667,1.9533300077506908,2.0642277453223894,0.6346276257161044,0.6384468491406747
2020,B2,low,30,vw,1571,-2.546148949713558,1.8801192971532699,2.018977425481624,-1.0543053954004964,1.8779941745037183,2.0104469190377894,0.6359007001909611,0.6613621896880968
2021,B,high,1,lp,5426,-0.5713232583855511,0.9639068859957194,0.9622569297609661,-0.6994152192150572,0.9617093778482164,0.9623769963975446,0.522852930335422,0.5285661629192776
2021,B,high,1,vw,5426,1.9535569480280133,0.961529452701285,0.9703669748261726,1.5727898258680961,0.9571028691103113,0.9715722059978786,0.5081091043125691,0.488573534832289
2021,B,high,3,lp,5426,-0.8293402137854773,1.059507839099392,1.0449881732328168,-1.0510065430634639,1.0574894972106479,1.0457071383437415,0.537596756358275,0.5458901584961298
2021,B,high,3,vw,5426,-2.377441946185035,1.0619476637251846,1.038424419626214,-2.6169940474437725,1.0722908370182913,1.0407844678651774,0.5451529671949871,0.5689273866568374
2021,B,high,5,lp,5426,-2.4511610762992997,1.0457305907402452,1.0271182536984949,-3.0825698623293447,1.0453125844914755,1.0280524513683171,0.5512347954294139,0.5757464061924069
2021,B,high,5,vw,5426,-3.4463693328418725,1.0232456936552983,1.02510918195523,-3.5080017101202983,1.029155316633829,1.027177771482802,0.5541835606339846,0.5886472539624032
2021,B,high,10,lp,5426,-3.9255436785845927,1.120558254645313,1.1462514241958335,-4.45358100020951,1.1172589037226683,1.1467875120831974,0.5516033910799852,0.5908588278658312
2021,B,high,10,vw,5426,-6.266126059712495,1.1792007374959312,1.1687809328092116,-6.391581237788127,1.176811859133038,1.1685694942855627,0.5547364541098415,0.6173977147069665
2021,B,high,15,lp,5426,-4.570586067084409,1.214831395095199,1.1928858208034372,-5.450696012640186,1.1904341442051838,1.191558006850184,0.5471802432731294,0.5928861039439735
2021,B,high,15,vw,5425,-7.852534562211981,1.1725723089845097,1.2103721462633392,-7.955201201218481,1.1554843966715913,1.2097968798960468,0.5458064516129032,0.6243317972350231
2021,B,high,30,lp,5426,-3.483228897899005,1.2992682709749275,1.3249301034573278,-3.3241018286316977,1.2966891598732453,1.3213262598179283,0.5549207519351271,0.5897530409141172
2021,B,high,30,vw,5424,-3.2632743362831858,1.282283145479537,1.3111030519351097,-3.220279154179594,1.2816653953945742,1.31052395625242,0.5577064896755162,0.5903392330383481
2021,B,low,1,lp,6252,-0.4798464491362764,0.9561238609714359,0.8585273534679003,1.372552621583009,0.8850220712947463,0.8380530480084671,0.5561420345489443,0.5609404990403071
2021,B,low,1,vw,6252,3.470889315419066,1.0183363759034256,0.8914870280114451,4.405657543715718,0.9858014416907286,0.8829288635877296,0.5297504798464492,0.49504158669225845
2021,B,low,3,lp,6252,-1.8394113883557262,0.9749659688542672,0.9235457265493346,-0.8091019926661567,0.9263618891364678,0.9131030075603127,0.5743761996161229,0.5927703134996801
2021,B,low,3,vw,6252,0.1599488163787588,0.955338678549956,0.9140152577467309,0.7779621076720695,0.9183832370255333,0.9036039860711415,0.5740563019833653,0.5724568138195777
2021,B,low,5,lp,6252,1.0236724248240563,0.9914758006537396,0.9530882650338565,1.1807817194376082,0.980271982627292,0.9509388008363817,0.5854126679462572,0.5751759436980166
2021,B,low,5,vw,6251,2.3356262997920334,1.0044881525619536,0.9478079504153646,2.49669670484098,0.9926623834150532,0.9422013825462862,0.5863061910094385,0.5629499280115181
2021,B,low,10,lp,6252,-1.055662188099808,1.0869780433445706,1.0323972319106234,-0.4059652171179522,1.0507569545295559,1.0208357290701948,0.6004478566858605,0.6110044785668586
2021,B,low,10,vw,6251,0.6878899376099824,1.0639869493783796,0.990684565596342,1.3427967054188323,1.0196820935625026,0.9818075508598312,0.607422812350024,0.6005439129739242
2021,B,low,15,lp,6252,0.9916826615483045,1.1725225418661007,1.1005161549625202,1.0080704903352646,1.1709822245927426,1.1005157735575637,0.6015674984005118,0.5916506717850288
2021,B,low,15,vw,6248,0.7202304737516005,1.1655223430525634,1.0901151214528597,0.6875703651076288,1.1650249992387458,1.0909231954572058,0.6059539052496798,0.5987516005121639
2021,B,low,30,lp,6252,1.9033909149072297,1.1588077596517279,1.1619377727631424,0.9845875200345361,1.2089822841408508,1.1770010735907785,0.6265195137555982,0.6074856046065259
2021,B,low,30,vw,6248,1.8085787451984634,1.172791167858837,1.1757571261271933,0.8075322731947681,1.2266187334332048,1.1934150414434486,0.623719590268886,0.6056338028169014
2021,B2,high,1,lp,1677,-1.4311270125223614,1.745314630961792,1.7958006270169473,-1.499547454105582,1.744896244410055,1.795708758195955,0.530113297555158,0.5444245676803816
2021,B2,high,1,vw,1677,3.1604054859868813,1.8442436984465729,1.7047798142850328,3.3006783428529016,1.8355895037276762,1.6965620023750234,0.5307096004770423,0.4991055456171735
2021,B2,high,3,lp,1677,-1.2522361359570662,1.7357079285206165,1.747164234025589,-1.6967043495913356,1.735893675803829,1.7512310413861685,0.5336911150864639,0.5462134764460346
2021,B2,high,3,vw,1677,-0.4770423375074538,1.7385955630142753,1.7792262523415179,-0.6677898822895595,1.737826953429909,1.778882739135483,0.5593321407274896,0.5641025641025641
2021,B2,high,5,lp,1677,-2.444841979725701,1.7791284564537313,1.7574798987398943,-2.502875498843676,1.7798363671617925,1.7635460476187406,0.5456171735241503,0.5700655933214073
2021,B2,high,5,vw,1677,-0.2981514609421586,1.7955233284997762,1.7858110546582235,-0.5431601072621072,1.792389816372061,1.7837374203104448,0.5593321407274896,0.5623136553369111
2021,B2,high,10,lp,1677,-4.949314251639833,1.6219598337050127,1.848714832320095,-4.993663406691043,1.6256730160341124,1.8535825514862303,0.5354800238521169,0.5849731663685152
2021,B2,high,10,vw,1677,-6.976744186046512,1.7216199272590662,1.8644318988633124,-7.054832155430307,1.7205010700738461,1.863441130688601,0.531902206320811,0.6016696481812761
2021,B2,high,15,lp,1677,-7.0363744782349436,1.8233783835547481,1.9433739085867427,-6.6439157074135995,1.822723778000305,1.9424672093950694,0.5110316040548599,0.5813953488372093
2021,B2,high,15,vw,1677,-8.825283243887895,1.8313374125584538,1.9305464435119757,-8.626334212661606,1.8335889668352934,1.9321323747726078,0.5044722719141324,0.5927251043530113
2021,B2,high,30,lp,1677,-7.8711985688729875,1.9100833127718,2.1084748374837123,-8.049714479277467,1.9013606812272732,2.098332170437843,0.5110316040548599,0.5897435897435898
2021,B2,high,30,vw,1677,-7.2748956469886705,1.9535736748745298,2.094508664663872,-7.670619774902923,1.9362669448513912,2.078764176787573,0.5128205128205128,0.5855694692903995
2021,B2,low,1,lp,1740,5.287356321839081,1.5663238275066023,1.6991308550219366,5.564290404751512,1.5292074853038842,1.6649523238712627,0.5729885057471265,0.5201149425287356
2021,B2,low,1,vw,1740,6.494252873563219,1.577683395082057,1.6672964724048045,6.602044080204427,1.5127647835750515,1.6304617712021514,0.5678160919540229,0.5028735632183908
2021,B2,low,3,lp,1739,4.6578493387004025,1.599868186337531,1.6100069231610719,4.963571189671809,1.6187417743642794,1.6189397333492024,0.6043703277745831,0.5577918343875791
2021,B2,low,3,vw,1739,1.437607820586544,1.685555141220084,1.6353637555182785,1.2631141228129987,1.6949581716286428,1.6360665833052517,0.5928694652098907,0.5784933870040253
2021,B2,low,5,lp,1739,5.060379528464635,1.6751524496821721,1.612389461340803,4.752163323757732,1.715532238103562,1.6357426792829852,0.60149511213341,0.5508913168487637
2021,B2,low,5,vw,1739,4.197814836112708,1.6771616385399677,1.598558543323684,4.183411556880811,1.6840194947042153,1.612239901540871,0.6083956296722254,0.5664174813110984
2021,B2,low,10,lp,1739,2.9902242668200114,1.7344367353929246,1.7233476046825467,3.0413012766485306,1.755233774541966,1.7629083956945608,0.6106958021851638,0.5807935595169638
2021,B2,low,10,vw,1739,2.9902242668200114,1.797846215243096,1.71444453848209,2.605386802080135,1.815503709727691,1.7486953327862103,0.6095457159286947,0.5796434732604946
2021,B2,low,15,lp,1739,2.5301897642323175,1.7515795034113892,1.7625136426158141,2.9539935166570914,1.7984107681057198,1.808089012167879,0.6020701552616446,0.5767682576193215
2021,B2,low,15,vw,1738,2.128883774453395,1.6691127095288278,1.7560994155274883,2.4255558130373704,1.710734860910092,1.7982647911634702,0.6006904487917146,0.5794016110471807
2021,B2,low,30,lp,1739,-2.0701552616446235,1.924387699663876,1.89516743277072,-0.8472239787546403,2.0124254973331146,1.9605593046214624,0.60897067280046,0.6296722254169063
2021,B2,low,30,vw,1738,0.46029919447640966,2.0190009949823486,1.9205303943703127,1.4986929046800583,2.1150289222345395,1.984278391148826,0.6162255466052935,0.6116225546605294
2022,A,long,1,lp,3072,-1.46484375,1.316776962173021,1.2596894510028172,-1.4862557547575843,1.3147428369313119,1.2587982225072245,0.5065104166666666,0.5211588541666666
2022,A,long,1,vw,3072,-1.6927083333333333,1.2208095153905563,1.2217441435004683,-1.7896040049252795,1.2231944880023777,1.2210057135336043,0.494140625,0.5110677083333334
2022,A,long,3,lp,3072,-2.5716145833333335,1.4904575236356543,1.4691265353231586,-2.7245412795569344,1.490374456563754,1.4700743588821972,0.50390625,0.5296223958333334
2022,A,long,3,vw,3072,-1.3997395833333333,1.3622851738778818,1.348674011196538,-1.5373438254511698,1.360144267261204,1.3537407160599944,0.5068359375,0.5208333333333334
2022,A,long,5,lp,3072,-2.5065104166666665,1.626326463794526,1.6078285581645007,-2.762781646242844,1.6270106391882608,1.612953138630015,0.4860026041666667,0.5110677083333334
2022,A,long,5,vw,3072,-2.63671875,1.5946426372164242,1.5600779478312468,-2.774634107174816,1.5948320903639719,1.5630810068646463,0.4912109375,0.517578125
2022,A,long,10,lp,3072,-4.654947916666667,1.8951728120114322,1.958442035052285,-4.852252987222412,1.8908519854236296,1.9568631075634155,0.4710286458333333,0.517578125
2022,A,long,10,vw,3072,-3.3203125,1.8712139694288272,1.9359130603402133,-3.689450166946244,1.8633172562356066,1.9334946348126552,0.4827473958333333,0.5159505208333334
2022,A,long,15,lp,3072,-4.817708333333333,2.2169843368265165,2.209271284930954,-5.196869723157158,2.215066804050203,2.207528653251886,0.4593098958333333,0.5074869791666666
2022,A,long,15,vw,3072,-3.7760416666666665,2.2422890413768717,2.24572033889265,-4.011844588220686,2.2390099672684074,2.244134340005392,0.4661458333333333,0.50390625
2022,A,long,30,lp,3072,-2.734375,2.444086596936945,2.407425500263803,-2.7894860590989032,2.442705443100444,2.405853704776631,0.4850260416666667,0.5123697916666666
2022,A,long,30,vw,3072,-1.7578125,2.4720931240474937,2.4634296466672807,-1.7851050776664221,2.4680977225290817,2.459693004348789,0.4931640625,0.5107421875
2022,A,short,1,lp,2330,0.5150214592274678,1.4841723471803157,1.4171153293990242,1.0861972423119903,1.422798852611591,1.3805222715084704,0.5446351931330472,0.5394849785407725
2022,A,short,1,vw,2330,1.6309012875536482,1.4611848709880286,1.3646317457370614,2.4647871053080683,1.4142809014401585,1.321122834847341,0.5540772532188841,0.5377682403433477
2022,A,short,3,lp,2330,0.944206008583691,1.6521971111803333,1.8001539982494956,1.5394204186946967,1.6081235009159898,1.769780311600026,0.5583690987124463,0.5489270386266094
2022,A,short,3,vw,2330,0.0,1.5545725559034191,1.7016504379054944,0.05062401885795182,1.5551089878078141,1.699653451395739,0.5622317596566524,0.5622317596566524
2022,A,short,5,lp,2330,-1.0300429184549356,2.0401432974800473,2.0843781275169304,-0.4890105366790752,1.9839149044965607,2.02414970185825,0.5489270386266094,0.5592274678111588
2022,A,short,5,vw,2330,-2.2317596566523603,1.759175737379078,1.897842676314317,-2.1489481714580876,1.7561380384158427,1.8804334975591561,0.544206008583691,0.5665236051502146
2022,A,short,10,lp,2330,-2.3605150214592276,2.240776360004665,2.2506637404389287,-2.2440137596880003,2.2052143778199516,2.2125941316041087,0.5381974248927038,0.5618025751072961
2022,A,short,10,vw,2330,-2.532188841201717,2.183904668811457,2.2048638768893056,-2.7376554045150026,2.1750151757599925,2.18578530294683,0.5390557939914163,0.5643776824034334
2022,A,short,15,lp,2330,-0.12875536480686695,2.355023164103141,2.429837205147494,-0.05294982046564347,2.33242873993616,2.4125563768954192,0.548068669527897,0.5493562231759657
2022,A,short,15,vw,2330,-1.4163090128755365,2.2738010483051023,2.347471426641029,-1.5326595061985273,2.2631939392990534,2.3317157739012906,0.5472103004291845,0.5613733905579399
2022,A,short,30,lp,2330,-3.347639484978541,2.330574624775402,2.4930546130620317,-3.8900581869327207,2.3274553948628975,2.478992342334719,0.5004291845493563,0.5339055793991416
2022,A,short,30,vw,2330,-3.7339055793991416,2.316327114278557,2.488210655114421,-4.189750912698553,2.316149682778271,2.4772164927333127,0.5,0.5373390557939914
2022,B,high,1,lp,5290,-2.3062381852551983,0.9320604415555133,0.9384586402810833,-2.548870495287432,0.9339314349499601,0.9371177597041855,0.5400756143667297,0.5631379962192816
2022,B,high,1,vw,5290,-0.9262759924385633,0.8915571203139162,0.9292440467361354,-1.458081913214637,0.8869305716036053,0.9243892125303277,0.5542533081285445,0.5635160680529301
2022,B,high,3,lp,5290,-1.5311909262759924,1.0248570557150183,1.0620565431200446,-1.8310413320373586,1.0212056059297796,1.0598377350343946,0.5652173913043478,0.5805293005671077
2022,B,high,3,vw,5290,-0.7372400756143668,0.9536217533623426,0.9695905313919467,-0.9828423387295637,0.954049206744215,0.969735170313007,0.5780718336483932,0.5854442344045369
2022,B,high,5,lp,5290,-1.001890359168242,1.0807656837332345,1.1385668670268412,-1.612864683519768,1.0780444960864906,1.133373049355371,0.5669187145557656,0.576937618147448
2022,B,high,5,vw,5290,-1.2665406427221173,1.0925243350472071,1.0941794036998842,-1.6914914540963997,1.097297711851654,1.0916739718956177,0.5767485822306239,0.589413988657845
2022,B,high,10,lp,5290,-2.4007561436672966,1.1435890239712698,1.1793486090009426,-3.2719371429372783,1.131713825657057,1.1677703805721606,0.5693761814744801,0.5933837429111531
2022,B,high,10,vw,5290,-2.722117202268431,1.2212422948313395,1.1878979687329132,-3.5068665638931824,1.2122785991732916,1.177174616978265,0.5722117202268431,0.5994328922495274
2022,B,high,15,lp,5290,-0.5482041587901701,1.2571446389869183,1.3400646476091231,-1.1492550051389951,1.2404703701552187,1.3304327831630272,0.5703213610586011,0.5758034026465029
2022,B,high,15,vw,5290,-0.7372400756143668,1.3163278930949671,1.3539868134020276,-1.316135272039162,1.3048711729949685,1.3461637137856934,0.5741020793950851,0.5814744801512287
2022,B,high,30,lp,5289,0.3214218188693515,1.458600528737012,1.4524785277941568,-0.20212435776041132,1.445040429496392,1.4448716548750864,0.5683494044242768,0.5651351862355832
2022,B,high,30,vw,5289,0.45377197958026094,1.410701123400399,1.4593633982321421,-0.007430966141620602,1.399835266038191,1.4516226305309043,0.5719417659292872,0.5674040461334846
2022,B,low,1,lp,5608,0.5349500713266762,0.9062068081012546,0.947198705241243,0.5484192119563349,0.9068682065990887,0.9472222846772727,0.5340584878744651,0.5287089871611983
2022,B,low,1,vw,5608,0.1783166904422254,0.9494763726051282,0.9599498888101199,0.20405273808751628,0.943007564022188,0.9606684390444111,0.5337018544935807,0.5319186875891584
2022,B,low,3,lp,5608,0.9450784593437945,0.8884777122024865,1.0402345593016507,0.785133455434116,0.8954859780172466,1.0388768589623891,0.552246790299572,0.5427960057061341
2022,B,low,3,vw,5608,0.5349500713266762,0.9156907132935443,1.0084341855793895,0.5626697587270141,0.9144803564244239,1.0084703076521568,0.5597360912981455,0.5543865905848787
2022,B,low,5,lp,5608,0.4457917261055635,0.9553345543483959,1.0845714833992075,0.34785112865762124,0.960035046953769,1.0860836770619617,0.5641940085592011,0.5597360912981455
2022,B,low,5,vw,5608,0.12482168330955777,1.0172874348669192,1.074045527325663,0.11782206860786341,1.0183874156222024,1.0741363642251074,0.5652639087018545,0.5640156918687589
2022,B,low,10,lp,5608,1.854493580599144,1.1722975563602567,1.2534180323614088,2.0183325347696486,1.1720398481733143,1.254032271056753,0.5725748930099858,0.5540299572039943
2022,B,low,10,vw,5608,1.2125534950071326,1.1341586231593455,1.2569322224449835,1.0116485351841271,1.1342723286191858,1.25540479136652,0.5779243937232525,0.5657988587731811
2022,B,low,15,lp,5608,3.798145506419401,1.1039114163957635,1.265291552564243,3.730714481318969,1.1004406081030973,1.2651716375279964,0.5697218259629101,0.5317403708987162
2022,B,low,15,vw,5608,3.1918687589158345,1.2127302764946744,1.3119834448374987,2.9675051876139977,1.2121499555971382,1.3106203965836842,0.573644793152639,0.5417261055634808
2022,B,low,30,lp,5608,4.065620542082739,1.1918456158516693,1.3876467762652755,4.315148495223996,1.1836027474727089,1.3874356015489715,0.5713266761768901,0.5306704707560628
2022,B,low,30,vw,5608,4.226105563480742,1.2741490448435182,1.401408336506682,4.485244596149096,1.266696536462892,1.4015761630481292,0.5809557774607703,0.5386947218259629
2022,B2,high,1,lp,1518,-2.1080368906455864,1.7617338775821845,1.7013053365241888,-2.284272026737515,1.7627068318969004,1.7012823894658422,0.5474308300395256,0.5685111989459816
2022,B2,high,1,vw,1518,1.7127799736495388,1.8157153021843966,1.7386116189038099,1.5707665105808288,1.813393525629141,1.7386357440769438,0.5731225296442688,0.5559947299077734
2022,B2,high,3,lp,1518,-0.8563899868247694,1.8797937678466645,1.884144652296701,-0.14933469897244264,1.8896505124290508,1.881045103810259,0.5770750988142292,0.5856389986824769
2022,B2,high,3,vw,1518,-1.0540184453227932,1.8616689924440242,1.8455178548371598,-0.4680928611679382,1.8729763114962013,1.84626820523672,0.5915678524374176,0.6021080368906456
2022,B2,high,5,lp,1518,0.0,1.8679113147243511,1.9452994809266666,0.8989501743775943,1.8783835525742945,1.9485021818728556,0.5902503293807642,0.5902503293807642
2022,B2,high,5,vw,1518,1.251646903820817,1.8877446422409612,1.8435274078936588,2.300099096061296,1.9078719180460484,1.8495659181742656,0.6034255599472991,0.5909090909090909
2022,B2,high,10,lp,1518,-1.0540184453227932,1.9361992504292165,1.930677995459024,-1.0034319466734498,1.9250573995598228,1.9340264820563307,0.5909090909090909,0.6014492753623188
2022,B2,high,10,vw,1518,1.9104084321475625,1.9534203569247652,1.8743450380342481,2.416907303245727,1.9682938300222135,1.8854777980153676,0.6179183135704874,0.5988142292490118
2022,B2,high,15,lp,1518,1.1857707509881423,1.9720336570879795,1.9921589367093706,1.822821922869863,1.973737253901942,2.0073887188482615,0.5895915678524374,0.577733860342556
2022,B2,high,15,vw,1518,1.383399209486166,2.1247098214134152,2.064894927241177,2.0982580287300663,2.128726728795999,2.0772054649875633,0.5994729907773386,0.5856389986824769
2022,B2,high,30,lp,1518,-1.5810276679841897,2.257779337653205,2.249700213296282,-1.9903461968783989,2.237671918183775,2.2371406574384625,0.5599472990777339,0.5757575757575758
2022,B2,high,30,vw,1518,-0.8563899868247694,2.2373622038354894,2.2587090752535364,-1.1046493527962022,2.224651110373986,2.2534609463870936,0.5704874835309618,0.5790513833992095
2022,B2,low,1,lp,1733,0.17311021350259664,1.6260568345067858,1.6115858897595972,0.8008753294081197,1.6341279435630707,1.616305512281705,0.5337564916330063,0.5320253894979804
2022,B2,low,1,vw,1733,1.9619157530294287,1.5506469670387513,1.5863881426554391,2.4712418051220872,1.5480579949806275,1.5894031739951315,0.5331794575879977,0.5135603000577034
2022,B2,low,3,lp,1733,-5.077899596076168,1.5386730182969206,1.6545284526260018,-5.397948630240117,1.5316506730343367,1.6575878986408312,0.5239469128678592,0.5747259088286208
2022,B2,low,3,vw,1733,-4.039238315060588,1.5879192558601998,1.6677211172046227,-4.069339902976811,1.5830574617346187,1.664363265014767,0.5441431044431622,0.584535487593768
2022,B2,low,5,lp,1733,-2.8851702250432774,1.6834995704931184,1.7543641743406908,-2.8064992805906592,1.7062544655718885,1.7638623866633103,0.54933641084824,0.5781881130986728
2022,B2,low,5,vw,1733,-0.4616272360069244,1.596788576147713,1.6841569471336828,-0.7631369685545661,1.6006494676481116,1.6885317746770125,0.5556837853433353,0.5603000577034045
2022,B2,low,10,lp,1733,-1.3271783035199076,1.7319808803866314,1.8563053739658102,-0.8825475699101495,1.742173618760848,1.860724369465969,0.566070398153491,0.5793421811886902
2022,B2,low,10,vw,1733,-0.7501442585112522,1.642275880318537,1.8061773256484355,-0.38417203555229157,1.653291375199184,1.8131657859128265,0.5729948066935949,0.5804962492787075
2022,B2,low,15,lp,1733,-3.9238315060588573,1.7931834566503428,1.845700257902794,-3.3348781352574566,1.7904567607889499,1.8496981082046255,0.5308713214079631,0.5701096364685516
2022,B2,low,15,vw,1733,-1.0963646855164455,1.875686632091143,1.9401581364377032,-0.478418246278065,1.8863518090317557,1.947023514618787,0.5424120023081361,0.5533756491633006
2022,B2,low,30,lp,1733,-4.962492787074438,1.9109039389568945,1.963908228557593,-4.6013854503575775,1.9203210036989684,1.9728703463757922,0.5314483554529718,0.5810732833237161
2022,B2,low,30,vw,1733,-1.8465089440276976,1.9251994133616939,2.0323128927192484,-1.4013963442048927,1.931613072228421,2.037016187442041,0.5424120023081361,0.5608770917484132
2023,A,long,1,lp,4017,-2.788150360965895,1.1594186468950634,1.11029327099634,-3.093195879696792,1.1657097512233525,1.123623557216328,0.5344784665173015,0.5623599701269604
2023,A,long,1,vw,4017,-3.2611401543440377,1.1309953979026552,1.0974705619963356,-3.4624193937238235,1.1461927575984905,1.1117403326739497,0.5367189444859348,0.5693303460293752
2023,A,long,3,lp,4017,-2.1160069703759024,1.412199866835594,1.4095787568429121,-2.3834190622615368,1.4268067094873003,1.4232792749711305,0.5553895942245457,0.5765496639283048
2023,A,long,3,vw,4017,-1.692805576300722,1.2818436292272626,1.3360289355896697,-1.8316305846528296,1.286754304956002,1.3425906977187598,0.5566343042071198,0.573562359970127
2023,A,long,5,lp,4017,-1.0206621857107294,1.5866968128524355,1.567869094091058,-1.2531629807158167,1.5960891555904522,1.5774205821630982,0.5745581279561862,0.5847647498132935
2023,A,long,5,vw,4017,-0.5227781926811053,1.5424666986764026,1.5091185804088096,-0.630223427654716,1.5484009556861211,1.5168058575021697,0.5792880258899676,0.5845158078167787
2023,A,long,10,lp,4017,-1.3691809808314663,1.893504807413656,1.8975828588655206,-2.1134519144671295,1.9215849238068232,1.9231872855759293,0.5775454319143639,0.5912372417226787
2023,A,long,10,vw,4017,-1.0206621857107294,1.8404490886178264,1.8260087455813316,-1.5240450417358082,1.8543378584801462,1.8404778087105718,0.5872541697784416,0.5974607916355489
2023,A,long,15,lp,4017,-0.6472491909385113,2.0198046702260166,1.9888196850678987,-0.8416746104217231,2.02778440967011,1.9911474897805586,0.5942245456808564,0.6006970375902415
2023,A,long,15,vw,4017,0.4978839930296241,2.0068974995827946,1.9429324737959228,0.28814938267695756,2.0131946304164745,1.9459230747361316,0.6054269355240229,0.6004480955937267
2023,A,long,30,lp,4017,0.7717201891959173,2.1511173983065954,2.05254547673367,0.48945234020617395,2.148489295858194,2.054564550728135,0.603933283544934,0.5962160816529749
2023,A,long,30,vw,4017,0.9957679860592482,2.177349377916806,2.0717103502721663,0.7292508316461161,2.1746691716274333,2.0737242942282967,0.611899427433408,0.6019417475728155
2023,A,short,1,lp,3807,-0.6304176516942475,1.1018532037937454,1.092410671733213,-0.7439574064253297,1.11655125243632,1.0983930938297326,0.525873391121618,0.5321775676385605
2023,A,short,1,vw,3807,-0.8142894667717363,1.0853686574268482,1.1052587102951763,-0.7519185180797889,1.088465983948882,1.107309249453371,0.5429472025216706,0.551090097189388
2023,A,short,3,lp,3807,-0.6304176516942475,1.222556217937554,1.273286052613131,-0.677321450870234,1.2241646221857745,1.2741127830575842,0.5250853690570003,0.5313895455739427
2023,A,short,3,vw,3807,-0.6829524560021014,1.1492980111353284,1.206193048925265,-0.8709249286922044,1.1497860731388456,1.205187969055001,0.5271867612293144,0.5340162857893355
2023,A,short,5,lp,3807,-0.4465458366167586,1.2720367130442978,1.389302380994309,-0.547087243876108,1.26906861582319,1.3870848168442291,0.5177304964539007,0.5221959548200683
2023,A,short,5,vw,3807,-1.4709745206199107,1.2873994238750972,1.342039089375904,-1.4436553598689992,1.2884400305606771,1.342202117226911,0.5187811925400578,0.5334909377462569
2023,A,short,10,lp,3807,0.052534804307853955,1.6132314959426957,1.6723142234095045,-0.2742539906872096,1.6011420622381163,1.6665626632540036,0.5200945626477541,0.5195692146046756
2023,A,short,10,vw,3807,0.0,1.527128117021133,1.6196574740707113,-0.2515249361495693,1.5192943647178245,1.6140280989889213,0.5261360651431574,0.5261360651431574
2023,A,short,15,lp,3807,-0.15760441292356187,1.7794130401103547,1.7945034785792013,-0.30444220336398325,1.7612097111415268,1.7913015044023608,0.52876280535855,0.5303388494877856
2023,A,short,15,vw,3807,0.0,1.906875903638722,1.8172031054823197,-0.12465138754924053,1.8934715948972622,1.8164287911339618,0.5345416338324139,0.5345416338324139
2023,A,short,30,lp,3807,-2.0751247701602313,2.1120740876336113,2.0548553896575776,-2.0244222093030273,2.1027241104433405,2.0507419877484394,0.5300761754662464,0.5508274231678487
2023,A,short,30,vw,3807,-3.598634095087996,2.0968749344970314,2.050334978297046,-3.6158975776893003,2.0898957450123468,2.047209150060598,0.5282374573154714,0.5642237982663515
2023,B,high,1,lp,1431,3.214535290006988,1.9680251157983484,1.8447343814480865,2.9730499278993827,1.9621298281778539,1.8418837358139426,0.5583508036338225,0.5262054507337526
2023,B,high,1,vw,1431,5.380852550663872,1.8386888432602118,1.903086060273802,6.7719429579797294,1.8336909498094165,1.8795885470252167,0.589098532494759,0.5352900069881202
2023,B,high,3,lp,1431,-0.3494060097833683,2.143503072489604,2.066439910049376,-1.0977993486967632,2.1408529251385837,2.059721812307628,0.5499650593990216,0.5534591194968553
2023,B,high,3,vw,1431,-1.1180992313067786,2.0189800318802558,1.964858196773524,-0.7331437022996593,2.009755402238147,1.9616915656727858,0.5681341719077568,0.5793151642208246
2023,B,high,5,lp,1431,-2.86512928022362,2.3523063471199515,2.031628884481243,-3.6300870114703945,2.3479114587645755,2.0258422816340174,0.5548567435359888,0.583508036338225
2023,B,high,5,vw,1430,-3.7062937062937062,2.403114293686934,2.0501016852029372,-3.9238672095755343,2.4013942316739927,2.05157551619409,0.558041958041958,0.5951048951048951
2023,B,high,10,lp,1431,-0.20964360587002095,2.096933623486209,2.150480036341049,-0.2362220021625307,2.1335416330544588,2.139983139942642,0.543675751222921,0.5457721872816212
2023,B,high,10,vw,1430,-0.5594405594405595,2.2759608198707117,2.268299039002045,0.17455004396607696,2.3386970893153762,2.2581872392665363,0.5657342657342658,0.5713286713286714
2023,B,high,15,lp,1431,-1.2578616352201257,2.799473111149795,2.3951663993508343,-0.8367553960652161,2.8055338755821886,2.3753442237902855,0.5290006988120196,0.5415793151642209
2023,B,high,15,vw,1430,-0.5594405594405595,2.845604599135716,2.4350935087702794,0.3565738161004157,2.8490579140822754,2.3913213310655634,0.551048951048951,0.5566433566433566
2023,B,high,30,lp,1431,0.06988120195667366,2.8465017105986257,2.4474270551663158,-1.2472166006874879,2.8688576597605757,2.48684534110208,0.5513626834381551,0.5506638714185884
2023,B,high,30,vw,1430,-0.4195804195804196,2.8360263172874047,2.4490103291161054,-0.799920594389397,2.8564108490662385,2.4726096087665743,0.5615384615384615,0.5657342657342658
2023,B,low,1,lp,1383,-2.819956616052061,1.833662481316671,2.096632171515163,-3.138153597325372,1.8133257098784887,2.087403837182788,0.5545914678235719,0.5827910339840926
2023,B,low,1,vw,1383,-6.36297903109183,2.026330140165127,1.9316108527240836,-6.990909039364979,1.9877052347021498,1.9200065362046694,0.5415762834417932,0.6052060737527115
2023,B,low,3,lp,1383,-2.458423716558207,1.7577440890861367,2.151163119548406,-3.089105761696202,1.7673886999168875,2.1575643525846835,0.5798987707881417,0.6044830079537238
2023,B,low,3,vw,1383,-4.844540853217643,1.726750691204572,1.940368055428228,-5.56865239853775,1.7343527396299754,1.9402133772882169,0.586406362979031,0.6348517715112075
2023,B,low,5,lp,1383,-3.3261026753434564,1.5845338864762466,2.009592765047055,-4.2837603646481615,1.59051093452798,2.0157991730763323,0.5900216919739696,0.6232827187274042
2023,B,low,5,vw,1383,-3.398409255242227,1.6606537709230818,1.9332608354465746,-4.036765255924296,1.6680489247237134,1.9334047820764264,0.601590744757773,0.6355748373101953
2023,B,low,10,lp,1383,-4.1214750542299345,1.6749731749969972,2.1683104219411997,-4.6165887497342375,1.6760694654103974,2.1710194706833077,0.5777295733911786,0.618944323933478
2023,B,low,10,vw,1383,-5.206073752711497,1.8614839571687285,2.0488958422891663,-5.547516348192503,1.867205307398835,2.051934693921865,0.596529284164859,0.648590021691974
2023,B,low,15,lp,1383,-1.373825018076645,2.205011455546555,2.340233521648122,-1.7180462602350846,2.223099777835721,2.3451176937438665,0.601590744757773,0.6153289949385394
2023,B,low,15,vw,1383,-1.5184381778741864,1.9658103026608753,2.231261430094844,-1.7548088321692874,1.9674709576324538,2.230675420215912,0.6160520607375272,0.631236442516269
2023,B,low,30,lp,1383,-5.133767172812726,2.605129265231496,2.4988606836779588,-5.018730296635859,2.625390309455003,2.516631367184301,0.6059291395516992,0.6572668112798264
2023,B,low,30,vw,1383,-3.5430224150397684,2.6212893596185927,2.4663375831572014,-3.3846681216267576,2.6344164399614773,2.4766658764607516,0.6203904555314533,0.6558206796818511
2023,B2,high,1,lp,2174,-0.45998160073597055,1.5012184726247426,1.4516667179045075,-1.2803562661778676,1.4894697753110342,1.4473037046608048,0.5381784728610856,0.5427782888684453
2023,B2,high,1,vw,2173,1.7027151403589507,1.3695299006243327,1.3920967614328423,1.3138696792044282,1.3634670866702405,1.392822472081197,0.582604693971468,0.5655775425678785
2023,B2,high,3,lp,2174,-0.27598896044158233,1.575481846511152,1.5780921184619305,-0.7833444808372442,1.5818453111265847,1.5848544425565407,0.547378104875805,0.5501379944802208
2023,B2,high,3,vw,2173,-0.7363092498849517,1.4702521711003125,1.5009533056777788,-0.9585046692540711,1.4712569900589616,1.5050700350592987,0.5816843074091118,0.5890473999079613
2023,B2,high,5,lp,2174,-6.255749770009199,1.5943877001804025,1.6258219623092562,-6.786134684555877,1.6258312612442714,1.6508004307049897,0.562097516099356,0.624655013799448
2023,B2,high,5,vw,2172,-2.532228360957643,1.6658728442951727,1.6508751564189728,-2.865716508170067,1.6931626164380194,1.6691719781150982,0.5732044198895028,0.5985267034990792
2023,B2,high,10,lp,2174,-4.645814167433302,1.5520617302381121,1.6984236174785687,-5.5668596147092435,1.5748798529073202,1.7190776532143084,0.5321987120515179,0.578656853725851
2023,B2,high,10,vw,2172,-5.156537753222836,1.6300522162041367,1.721701277985233,-5.574600213380769,1.639548498255889,1.7340712191036614,0.5557090239410681,0.6072744014732965
2023,B2,high,15,lp,2174,-4.553817847286108,1.6424713022809838,1.6913279002422683,-4.882687852240112,1.6570989605599313,1.7096821354461382,0.5367985280588776,0.5823367065317387
2023,B2,high,15,vw,2172,-2.9005524861878453,1.6682253670247489,1.705210758241012,-3.203629401857613,1.665661934143785,1.7090203624524447,0.5598526703499079,0.5888581952117864
2023,B2,high,30,lp,2174,-1.655933762649494,1.777620399880396,1.805896007347547,-2.39076254107801,1.8242794049483209,1.850162620225883,0.5708371665133395,0.5873965041398344
2023,B2,high,30,vw,2172,-0.5524861878453039,1.7440250571319103,1.7784160851787945,-0.9562074029696702,1.7712082267364235,1.8038393860288477,0.5833333333333334,0.5888581952117864
2023,B2,low,1,lp,2067,2.4189646831156266,1.438196349791961,1.4250811079735146,2.008912675770859,1.442012147259904,1.4293585949972727,0.5786163522012578,0.5544267053701016
2023,B2,low,1,vw,2067,8.708272859216255,1.5913256338183246,1.522008864847209,8.323697473206133,1.5832548920160034,1.516471250009222,0.6057087566521528,0.5186260280599904
2023,B2,low,3,lp,2067,-2.1286889211417512,1.6352879127600866,1.576713636251053,-1.919869656952491,1.6410324560112768,1.583576999157504,0.6013546202225447,0.6226415094339622
2023,B2,low,3,vw,2067,-2.660861151427189,1.5623282109824748,1.5604715801261584,-2.4738370890211763,1.5520159178978654,1.5511368740374996,0.625544267053701,0.6521528785679729
2023,B2,low,5,lp,2067,0.09675858732462506,1.8187307121404794,1.7172298226822484,0.559661032558555,1.8172947127803099,1.7228039772439578,0.6158684083212385,0.6149008224479923
2023,B2,low,5,vw,2067,-0.1935171746492501,1.8682034816681719,1.7498889776290216,-0.022677325685793077,1.8743177756571352,1.757289417872613,0.6279632317368167,0.6298984034833092
2023,B2,low,10,lp,2067,-0.04837929366231253,1.6692196492371965,1.601739788380358,0.2212116027952217,1.703026051035595,1.6388497614485973,0.6032897919690372,0.6037735849056604
2023,B2,low,10,vw,2067,1.8867924528301887,1.6078076454403976,1.635240518050883,2.308486472185278,1.6235482846172729,1.6529689004629136,0.6284470246734397,0.6095791001451378
2023,B2,low,15,lp,2067,1.3062409288824384,1.7526189769812726,1.7546910839684025,1.663830474577561,1.7848509283267036,1.7893684287857659,0.6173197871311079,0.6042573778422835
2023,B2,low,15,vw,2067,2.1286889211417512,1.7917183575925455,1.8324837849069588,2.7338251307505943,1.7991696156032322,1.8488181918224234,0.637155297532656,0.6158684083212385
2023,B2,low,30,lp,2067,-0.7740686985970004,1.9133518800185072,1.8647643353061678,-0.15080740933481476,1.922574530420798,1.8926223836110887,0.6178035800677311,0.625544267053701
2023,B2,low,30,vw,2067,-0.24189646831156264,1.9687460967482766,1.9292877561054491,0.6823873445160498,1.983450280883181,1.9667793358577947,0.6260280599903242,0.6284470246734397
2024,A,long,1,lp,7602,0.7234938174164693,0.7504332068691563,0.8143308143252092,0.7233310907149523,0.75605170115647,0.8154608105391937,0.5178900289397527,0.510655090765588
2024,A,long,1,vw,7602,0.31570639305445936,0.7231538279091649,0.7860086658873033,0.28952947691267655,0.7298553829528607,0.7904026821363537,0.5207840042094186,0.517626940278874
2024,A,long,3,lp,7602,-0.6708760852407262,0.9732921052045912,0.9013495304365499,-0.8757788445557395,0.9865211529588626,0.9074058272820946,0.5228887134964483,0.5295974743488555
2024,A,long,3,vw,7602,0.03946329913180742,0.9415625064947296,0.9015279211623148,-0.023109609842424533,0.9484938912302208,0.9084316960769594,0.5272296764009471,0.5268350434096291
2024,A,long,5,lp,7602,-0.23677979479084452,1.102625184270924,1.0428941804517073,-0.3937593664793122,1.1182599142526852,1.0550366790175396,0.5440673506971849,0.5464351486450933
2024,A,long,5,vw,7602,-0.4340962904498816,1.1082548958329004,1.024563887964447,-0.7045361468216454,1.1252032143306605,1.037910321592157,0.5334122599315969,0.5377532228360957
2024,A,long,10,lp,7602,0.013154433043935806,1.3378235359482595,1.302870813404015,-0.3455734517260827,1.3580172183164332,1.3186664670090213,0.5470928702972901,0.5469613259668509
2024,A,long,10,vw,7602,0.13154433043935806,1.3146770104666992,1.2825484122653303,-0.25964995247425077,1.3348154311583789,1.299993896460613,0.5482767692712444,0.5469613259668509
2024,A,long,15,lp,7602,-0.17100762957116547,1.370683706993075,1.3841595996309395,-0.6532710317120143,1.3829702969432782,1.3985838052256225,0.5522230991844251,0.5539331754801368
2024,A,long,15,vw,7602,-0.48671402262562485,1.3413399761721616,1.3566984142064524,-1.0188581648307258,1.3575287750746754,1.3752146788817428,0.5547224414627729,0.5595895816890292
2024,A,long,30,lp,7602,1.7100762957116549,1.432064433026391,1.5464511133876564,1.4019713305300894,1.4462211615171428,1.5568320400578677,0.5581425940541963,0.5410418310970797
2024,A,long,30,vw,7602,1.9468560905024994,1.3954923607983063,1.5356473341355803,1.4595964052376342,1.4167451710128538,1.5535529318821824,0.5626151012891344,0.5431465403841095
2024,A,short,1,lp,5350,1.2523364485981308,0.9459158978396337,0.9787152052137139,1.0591719273689408,0.95166027711779,0.9784884751292509,0.5207476635514019,0.5082242990654205
2024,A,short,1,vw,5350,2.1121495327102804,0.9419557282599901,0.9428360488667247,1.969901867122548,0.9388098784833939,0.9387285566592752,0.534392523364486,0.5132710280373832
2024,A,short,3,lp,5350,2.2803738317757007,1.1931337429374298,1.1692683198964366,2.215597238786195,1.188644816191192,1.1637169755576924,0.5222429906542057,0.4994392523364486
2024,A,short,3,vw,5350,2.5233644859813085,1.1364304839606632,1.0738551625935695,2.6263117038718513,1.1365606476430286,1.0746661063207372,0.5274766355140187,0.5022429906542056
2024,A,short,5,lp,5350,2.9345794392523366,1.224069460713379,1.2663746879146756,3.2252276040779977,1.220253435304807,1.2688617905308341,0.5381308411214953,0.508785046728972
2024,A,short,5,vw,5350,1.6635514018691588,1.188200058131679,1.1996191231789997,1.9221416122645083,1.1787671235448813,1.1965729608299103,0.5276635514018692,0.5110280373831776
2024,A,short,10,lp,5349,2.037764068050103,1.4902924184764839,1.50516612558635,2.4188284895105543,1.4721247869713328,1.5039218406903712,0.5363619368106188,0.5159842961301178
2024,A,short,10,vw,5349,2.0003739016638624,1.5232310140818677,1.5106389386288237,2.310073201351164,1.512958455011166,1.5103144648434927,0.5367358384744813,0.5167320994578426
2024,A,short,15,lp,5349,2.953823144512993,1.6801336239920612,1.5992261533109315,3.124445998980785,1.6739175712666703,1.598489055560043,0.5429052159282108,0.5133669844830809
2024,A,short,15,vw,5349,2.860347728547392,1.6879729626280637,1.6320907324437848,3.068627265304009,1.6819714431544823,1.6309259457806136,0.5479528883903534,0.5193494111048794
2024,A,short,30,lp,5349,1.5516919050289775,1.7140839214425851,1.7402063672907029,1.8266233237422471,1.7082684061508355,1.7409858987755058,0.526453542718265,0.5109366236679753
2024,A,short,30,vw,5349,1.4395214058702561,1.761826442885746,1.757584636567644,1.828343019526922,1.7549387687399094,1.7581600154913473,0.5258926902224715,0.511497476163769
2024,B2,high,1,lp,2524,-2.0998415213946116,1.3895573270201431,1.4375228775260191,-1.9780700620387128,1.3833918462664172,1.4397053715186494,0.5003961965134707,0.5213946117274167
2024,B2,high,1,vw,2524,-0.4754358161648177,1.5022665272370754,1.501551780464443,-0.3063433664397313,1.5065677185724895,1.5053519958518093,0.5293185419968305,0.5340729001584786
2024,B2,high,3,lp,2524,-1.624405705229794,1.4900373233982676,1.5481376032615508,-1.9993102118244457,1.476551838839059,1.5459343426435117,0.5146592709984152,0.5309033280507132
2024,B2,high,3,vw,2524,-0.6339144215530903,1.6564956545212897,1.5872022599156015,-0.9212664778664595,1.6514740299762025,1.5881876040178178,0.5217908082408875,0.5281299524564184
2024,B2,high,5,lp,2524,-0.15847860538827258,1.6988994691179105,1.6346663757082291,0.00042567538483560043,1.7078011124602122,1.645282583870588,0.5412044374009509,0.5427892234548336
2024,B2,high,5,vw,2524,0.6339144215530903,1.6393104315631708,1.6121785872065961,0.609665418611057,1.6431566808198248,1.6176779842690365,0.536053882725832,0.5297147385103012
2024,B2,high,10,lp,2524,-1.941362916006339,1.6587097230461987,1.713197432021502,-1.6442817415368658,1.6755398600062872,1.7292864889473858,0.5316957210776545,0.5511093502377179
2024,B2,high,10,vw,2524,-2.0206022187004753,1.6173166694439098,1.7581842996234307,-1.9164737924632036,1.6295981474474874,1.7693999834886067,0.5380348652931854,0.5582408874801902
2024,B2,high,15,lp,2524,-1.7828843106180665,1.5865004361529402,1.712921451105857,-1.743330788014691,1.5926785178898957,1.7176401938510222,0.5305071315372425,0.5483359746434231
2024,B2,high,15,vw,2524,-2.0206022187004753,1.6547938444920378,1.7847758654231995,-2.094409327273754,1.6514904392739647,1.7818453083521058,0.5328843106180665,0.5530903328050714
2024,B2,high,30,lp,2524,1.9809825673534074,1.8474559113757252,1.8718464090720819,1.4639441824894883,1.8288226612258929,1.8603113514929581,0.5384310618066561,0.518621236133122
2024,B2,high,30,vw,2524,0.9508716323296355,1.8685534576674339,1.883299562471281,0.542884060894516,1.8528684280339753,1.8712785816822473,0.5368462757527733,0.527337559429477
2024,B2,low,1,lp,2465,-0.16227180527383367,1.3931570376156928,1.3677648373921554,-0.770334161455893,1.3941356727752336,1.3664933484706099,0.5419878296146045,0.5436105476673428
2024,B2,low,1,vw,2465,0.16227180527383367,1.3911975024908159,1.3668751704896223,-0.05873641982740769,1.391136731329811,1.3674042127840147,0.5411764705882353,0.539553752535497
2024,B2,low,3,lp,2465,0.5273833671399595,1.3905877531889919,1.420041291485347,0.01086297465676331,1.4027260692811332,1.423485456330431,0.5647058823529412,0.5594320486815416
2024,B2,low,3,vw,2465,2.150101419878296,1.4580297801287034,1.4424915621307106,1.5829562764513085,1.4686609280247613,1.446107230782901,0.5598377281947262,0.5383367139959432
2024,B2,low,5,lp,2465,0.08113590263691683,1.5305077438525347,1.5045544955424726,-0.22587115441238367,1.5476046387105629,1.5138913439638015,0.5720081135902637,0.5711967545638945
2024,B2,low,5,vw,2465,0.6896551724137931,1.6803320713386372,1.5605553067358606,0.2992937251973658,1.6889716251589568,1.5664574543120486,0.5748478701825558,0.5679513184584178
2024,B2,low,10,lp,2465,0.08113590263691683,1.447882808633439,1.5607380822190935,-0.5508115876610397,1.47920288398922,1.5821278223347925,0.5784989858012171,0.5776876267748479
2024,B2,low,10,vw,2465,-0.6085192697768763,1.5526948697403533,1.5802957901035493,-0.9675907653089505,1.568365507538295,1.595887916174057,0.575659229208925,0.5817444219066937
2024,B2,low,15,lp,2465,-2.109533468559838,1.546709194432362,1.5596260365980097,-2.8524943803488503,1.563652829093543,1.5819157732533566,0.5663286004056796,0.5874239350912779
2024,B2,low,15,vw,2465,-0.77079107505071,1.6437104344218387,1.617814688364703,-1.334378515726841,1.6608269590655285,1.6413140067495475,0.5724137931034483,0.5801217038539553
2024,B2,low,30,lp,2465,-1.460446247464503,1.7114351989359362,1.803650807831869,-2.2340601118517656,1.7470264925443388,1.8303922981229637,0.5703853955375253,0.5849898580121704
2024,B2,low,30,vw,2465,0.7302231237322515,1.7402281693092747,1.8258072678626471,-0.20635694524018883,1.7648170319785668,1.850123069551552,0.5809330628803245,0.573630831643002
2025,A,long,1,lp,4831,-1.0763817015110744,0.9488779019866868,1.040753958612555,-0.9737492040323413,0.9483515171500226,1.0385916293181043,0.5098323328503416,0.5205961498654523
2025,A,long,1,vw,4831,-1.4282757193127718,0.9945003744275207,1.0233021062557597,-1.059564092134473,0.9736987713359547,1.0059108505100671,0.5052784102670255,0.5195611674601531
2025,A,long,3,lp,4831,-2.2769612916580417,1.3571141556485282,1.3520196349836682,-2.1944382343145743,1.3464179972174948,1.3451520392279448,0.516249223763196,0.5390188366797765
2025,A,long,3,vw,4831,-2.6288553094597393,1.1932089027582589,1.2584931530290715,-2.652837064808809,1.1915731950001731,1.2562322698065629,0.5119022976609398,0.5381908507555372
2025,A,long,5,lp,4831,-1.88366797764438,1.4159709329878458,1.4574221899732314,-1.7847932225847694,1.4094963828497071,1.454935320897328,0.5222521217139309,0.5410888014903746
2025,A,long,5,vw,4831,-1.2212792382529496,1.4235699136479185,1.470426577020447,-1.1933312497462163,1.4236590997345053,1.4717087953806902,0.5253570689298281,0.5375698613123577
2025,A,long,10,lp,4831,-0.0827985924239288,1.5018559540044656,1.592142030311632,-0.24578548972277953,1.4990451922713683,1.595514835599122,0.5251500724487683,0.5259780583730077
2025,A,long,10,vw,4831,-0.18629683295383978,1.4501615046316352,1.5931346302394758,-0.3407926296034449,1.4559609921137706,1.598679056537289,0.5357068929828193,0.5375698613123577
2025,A,long,15,lp,4831,-0.24839577727178638,1.5766417281093361,1.7421455153592358,-0.3242464892984878,1.5752438883404294,1.744592346258901,0.5272200372593666,0.5297039950320844
2025,A,long,15,vw,4831,0.18629683295383978,1.5993964172856951,1.7315277553941935,0.031239116869274643,1.5964402714703052,1.7348727050425008,0.5257710618919479,0.5239080935624094
2025,A,long,30,lp,4831,2.504657420823846,1.7389366292026915,1.8647171568893064,2.448019108906953,1.74132500176917,1.8663325204670667,0.5400538190850755,0.5150072448768371
2025,A,long,30,vw,4831,2.380459532187953,1.7867854850246405,1.9014265235612757,2.469699146649414,1.784235299573976,1.8988916494997843,0.5410888014903746,0.5172842061684951
2025,A,short,1,lp,2755,1.5970961887477313,1.3750548975402692,1.3042419578252324,1.880544314027746,1.3825503353806379,1.307141463548086,0.5281306715063521,0.5121597096188748
2025,A,short,1,vw,2755,0.8711433756805808,1.2868411297236841,1.3268171195363119,1.155401872770213,1.291712518211658,1.3257551405651737,0.5277676950998185,0.5190562613430127
2025,A,short,3,lp,2755,0.1088929219600726,1.6868752119823998,1.5981320304404163,0.14069578212022724,1.6870259454749086,1.5977896174623056,0.5306715063520872,0.5295825771324864
2025,A,short,3,vw,2755,0.036297640653357534,1.4392368047744863,1.4491567817560413,-0.04267344741191715,1.441247205575513,1.4517530075789922,0.53502722323049,0.5346642468239564
2025,A,short,5,lp,2755,2.3593466424682394,1.770957007141298,1.7905544391689225,2.825715243696426,1.7639952099862986,1.7695286344405132,0.5499092558983666,0.5263157894736842
2025,A,short,5,vw,2755,3.1941923774954626,1.74287139196844,1.7707736972458783,3.52269591278862,1.7464979684906425,1.7618382657294638,0.5564428312159709,0.5245009074410163
2025,A,short,10,lp,2755,1.4156079854809438,2.040481329960194,2.0337890326103607,2.1683053871780986,2.001695759802043,1.9827177431889762,0.5379310344827586,0.5237749546279492
2025,A,short,10,vw,2755,1.9963702359346642,2.0292691644272836,2.0248247792200944,2.7046884307672947,1.9929667817970156,1.9735545481462065,0.5509981851179674,0.5310344827586206
2025,A,short,15,lp,2755,2.6497277676951,2.2733793090542878,2.253384357439322,3.1878177475591953,2.2579978812378116,2.2294462994071784,0.549546279491833,0.523049001814882
2025,A,short,15,vw,2755,2.1778584392014517,2.2410126477016434,2.2359679550483924,2.766084959953372,2.2238854395888947,2.2001110320874986,0.5535390199637024,0.5317604355716878
2025,A,short,30,lp,2755,0.0,2.390689480954644,2.4022347887875566,0.4564429860745733,2.3604366825049166,2.373095624829911,0.5353901996370236,0.5353901996370236
2025,A,short,30,vw,2755,0.617059891107078,2.394824438020419,2.4631079477658133,1.299264072792988,2.3546763132379653,2.4213204809818962,0.5335753176043557,0.527404718693285
2025,B,high,1,lp,639,-8.92018779342723,2.417730336745692,2.3842988845030684,-10.802876477022734,2.487756613925379,2.4675459792089023,0.47417840375586856,0.5633802816901409
2025,B,high,1,vw,639,-7.198748043818466,2.244491306299382,2.29538164174073,-6.934748918898443,2.2668577109189316,2.3048128886997845,0.48826291079812206,0.5602503912363067
2025,B,high,3,lp,639,-8.60719874804382,2.5671292530678733,2.968931544144955,-8.319159983626282,2.5701394670084006,2.9500761827631514,0.47417840375586856,0.5602503912363067
2025,B,high,3,vw,639,-4.225352112676056,2.416673366740571,2.8687376308830213,-3.253534656770632,2.4068171861980034,2.8548814649706813,0.49295774647887325,0.5352112676056338
2025,B,high,5,lp,639,-3.4428794992175273,3.110112952364828,3.171169203389053,-3.3491391972210636,3.1204937545585762,3.1720332669639415,0.49139280125195617,0.5258215962441315
2025,B,high,5,vw,639,-2.6604068857589986,2.866192623366425,3.0625969341224857,-4.177348958583689,2.879075113368059,3.0603208364634784,0.5023474178403756,0.5289514866979655
2025,B,high,10,lp,639,-4.225352112676056,3.395744806874557,3.369583956834643,-6.9591208233835635,3.529104923976302,3.3622669360850996,0.5258215962441315,0.568075117370892
2025,B,high,10,vw,639,-5.94679186228482,3.125242002007488,3.2473532671778713,-6.300880440683229,3.185115309423509,3.24220538597041,0.5273865414710485,0.5868544600938967
2025,B,high,15,lp,639,-7.198748043818466,2.8426841476615565,3.206582239557293,-11.798768472866103,2.9884699446645424,3.198370747949705,0.5054773082942097,0.5774647887323944
2025,B,high,15,vw,639,-4.068857589984351,2.9889470374913265,3.0770005457027754,-7.713099965730449,3.095977462364018,3.1014508556115503,0.5289514866979655,0.5696400625978091
2025,B,high,30,lp,639,-0.9389671361502347,3.3059522503856744,3.3684106071786686,-2.192097944978023,3.400692635100256,3.4145332734427227,0.5164319248826291,0.5258215962441315
2025,B,high,30,vw,639,-1.0954616588419406,3.4914574272914662,3.483346454148902,0.38526579060376726,3.491469147841115,3.4796042828054765,0.5320813771517997,0.543035993740219
2025,B,low,1,lp,779,-6.675224646983312,2.972779262359573,2.591079691005565,-5.993564199577229,2.9734099377481376,2.5813512678989423,0.527599486521181,0.5943517329910141
2025,B,low,1,vw,779,-4.7496790757381255,2.8847174140934713,2.49038129649703,-0.4873096113409048,2.717889780030686,2.3717990003163396,0.5070603337612324,0.5545571245186136
2025,B,low,3,lp,779,-1.2836970474967908,2.9659556078842684,2.824872010787157,-0.4061908549196363,2.9403871035774185,2.794317242658711,0.5609756097560976,0.5738125802310655
2025,B,low,3,vw,779,-1.925545571245186,2.4657328732886428,2.737756720914707,-3.4124523970323213,2.5071323220911994,2.7583565437338504,0.5365853658536586,0.5558408215661104
2025,B,low,5,lp,779,0.12836970474967907,2.6426258743384654,2.8229058386559847,-2.765171256110831,2.7422034088021867,2.8741845974355433,0.5725288831835686,0.5712451861360719
2025,B,low,5,vw,779,0.6418485237483954,2.5059771507210256,2.6117864634071823,-3.958573422441096,2.4736975888157366,2.603541958605474,0.5455712451861361,0.5391527599486521
2025,B,low,10,lp,779,-3.594351732991014,2.2798688144429557,3.16391019568465,-2.881719911870983,2.240490512915947,3.1348336023036367,0.5622593068035944,0.5982028241335045
2025,B,low,10,vw,779,-1.2836970474967908,2.404898995736959,3.19120439400907,-1.9786719488003508,2.4237750199269956,3.211013698374961,0.5545571245186136,0.5673940949935815
2025,B,low,15,lp,779,-1.797175866495507,2.472490901153626,2.9620324137904372,-2.0095984641422384,2.473955647920164,2.967887573175705,0.5686777920410783,0.5866495507060334
2025,B,low,15,vw,779,2.8241335044929397,2.790189161897363,2.788690390347491,0.5082908911697481,2.7767218943797483,2.8183121351768174,0.558408215661104,0.5301668806161746
2025,B,low,30,lp,779,-1.2836970474967908,2.3559429158864487,2.6842204737652136,-6.933791242899195,2.4201702215007264,2.7635693854312477,0.5596919127086007,0.5725288831835686
2025,B,low,30,vw,779,-1.925545571245186,2.4078304360528024,2.7096261746485557,-8.168447384541063,2.437493346065236,2.7816217302760453,0.5481386392811296,0.5673940949935815
2025,B2,high,1,lp,1266,-6.003159557661927,2.117009724465366,2.1276294613114803,-5.547423742928385,2.1149090806525037,2.12847078942634,0.4873617693522907,0.54739336492891
2025,B2,high,1,vw,1266,-4.739336492890995,2.044790736043358,2.0414182449633334,-4.766915876802994,2.0567357258595163,2.053252405563235,0.5,0.54739336492891
2025,B2,high,3,lp,1266,-5.134281200631912,2.1338904326505124,2.068900607072756,-5.312943813776448,2.1362071208981743,2.070904233792487,0.48183254344391785,0.533175355450237
2025,B2,high,3,vw,1266,-4.818325434439179,2.083943879453168,2.0294927988280334,-4.062259132861556,2.0876555023785732,2.033125820082837,0.48657187993680884,0.5347551342812006
2025,B2,high,5,lp,1266,-3.1595576619273302,2.1691602839905264,2.0605861509864347,-3.353796737791437,2.16756442059155,2.064555800708432,0.4968404423380727,0.5284360189573459
2025,B2,high,5,vw,1266,-4.897314375987362,2.2759291177572387,2.091775402965831,-4.549498782545865,2.276160196286057,2.0934214934043838,0.5071090047393365,0.5560821484992101
2025,B2,high,10,lp,1266,-3.080568720379147,2.355915971275685,2.2167804538734623,-4.071087688265214,2.34585895307358,2.1967242611571614,0.5213270142180095,0.5521327014218009
2025,B2,high,10,vw,1266,-1.8167456556082149,2.4029800119086056,2.230728423594746,-2.62312643422141,2.3844583174947536,2.2041102233857477,0.5347551342812006,0.5529225908372828
2025,B2,high,15,lp,1266,-7.187993680884676,2.279915215547049,2.249346772399612,-7.794197900451795,2.2750841658357324,2.237913592560094,0.514218009478673,0.5860979462875198
2025,B2,high,15,vw,1266,-5.371248025276461,2.3041603452419497,2.2841614788138838,-5.962724097842397,2.3023104004785138,2.27567313566503,0.5244865718799369,0.5781990521327014
2025,B2,high,30,lp,1266,-3.39652448657188,2.548745254453997,2.56126278436309,-3.480262167806886,2.5578161290148755,2.574215653268419,0.5055292259083728,0.5394944707740916
2025,B2,high,30,vw,1266,-1.8167456556082149,2.574556559589609,2.6444178763588475,-2.025500776226752,2.5712582547416587,2.6391261307641516,0.5260663507109005,0.5442338072669827
2025,B2,low,1,lp,1555,0.19292604501607716,1.639491480133223,1.6550369170674748,-0.4283675502699406,1.6814461827439808,1.6672272124883234,0.5421221864951768,0.5401929260450161
2025,B2,low,1,vw,1555,2.8938906752411575,1.863842691261018,1.7240815167762849,1.9682633249185728,1.8997688309965386,1.7398883409649868,0.5376205787781351,0.5086816720257235
2025,B2,low,3,lp,1555,1.0932475884244373,1.9675436310219463,1.917427172551183,0.6531357829663527,1.9998286795998217,1.94106991992389,0.557556270096463,0.5466237942122186
2025,B2,low,3,vw,1555,-1.2218649517684887,1.8944635253776814,1.8804315554615068,-1.715612454474311,1.9189603340062262,1.8974295295765626,0.532475884244373,0.5446945337620579
2025,B2,low,5,lp,1555,1.2218649517684887,2.061070979796964,2.129190302724179,0.9168111483426928,2.0694958724513723,2.145782730711492,0.554983922829582,0.5427652733118971
2025,B2,low,5,vw,1555,-1.0932475884244373,1.9479325695765604,2.0179546439868803,-1.2583007548578882,1.9262497348714285,2.0312954886284738,0.5504823151125402,0.5614147909967846
2025,B2,low,10,lp,1555,0.06430868167202572,2.179067005026815,2.272352138106405,-0.8759875939049412,2.1769738007248125,2.2714204816991614,0.5569131832797428,0.5562700964630225
2025,B2,low,10,vw,1555,-1.5434083601286173,2.172350608086912,2.216161718046442,-2.1685850291235713,2.155545499263641,2.225984780310856,0.5427652733118971,0.5581993569131832
2025,B2,low,15,lp,1555,-1.157556270096463,2.2847087275950706,2.262315240233777,-1.4974290790186249,2.303595595118156,2.2753745945180266,0.5556270096463023,0.5672025723472669
2025,B2,low,15,vw,1555,-2.8938906752411575,2.127784133024455,2.2696644055111324,-3.2056717995569692,2.1242883580872483,2.2777066594427122,0.5511254019292604,0.580064308681672
2025,B2,low,30,lp,1555,-5.144694533762058,2.0545732824029637,2.0991540738532133,-5.533087275971831,2.076459329754996,2.1071320058559877,0.5228295819935691,0.5742765273311897
2025,B2,low,30,vw,1555,-6.62379421221865,2.1257514775459296,2.2113408836198087,-7.172620204585011,2.1418291868662775,2.2112450700187107,0.5215434083601286,0.5877813504823152
2026,A,long,1,lp,3993,0.05008765339343852,1.1355002762265227,1.1597095733961116,0.05825069387463014,1.1324031203359528,1.1579779709214124,0.5224142248935637,0.5219133483596293
2026,A,long,1,vw,3993,1.1269722013523666,1.1597911963276966,1.0946732057656474,1.2252084074864824,1.141414346444891,1.0852297380842042,0.5204107187578262,0.5091409967443026
2026,A,long,3,lp,3993,-0.8264462809917356,1.351793683743363,1.353956971852714,-0.9154591690840517,1.3439508507654043,1.3481863457725471,0.5294264963686451,0.5376909591785625
2026,A,long,3,vw,3993,-1.5026296018031555,1.2690273946384358,1.279112095949892,-1.4598558834862017,1.2487749012135012,1.2723405097538931,0.5299273729025795,0.544953668920611
2026,A,long,5,lp,3993,-1.9033308289506636,1.6333967979576338,1.5772124811585349,-1.8039677593445238,1.628844433067833,1.5709898875858719,0.5239168544953668,0.5429501627848735
2026,A,long,5,vw,3993,-0.876533934385174,1.4620127921237953,1.4766675036246784,-0.8012873103836061,1.447148960438831,1.4640608964106745,0.5394440270473329,0.5482093663911846
2026,A,long,10,lp,3993,-0.10017530678687704,1.90166025310202,1.7970067849134579,-0.3908850118193197,1.882991442901213,1.7852355403150948,0.5381918357124968,0.5391935887803656
2026,A,long,10,vw,3993,-0.40070122714750817,1.8227511458592698,1.7428479379857653,-0.6723888181365061,1.8133312543152655,1.734449871700737,0.5426997245179064,0.5467067367893814
2026,A,long,15,lp,3993,0.02504382669671926,1.9972264084917486,1.8773505344096402,-0.3301830576477287,1.9704975264048739,1.8600597728202726,0.5567242674680691,0.5564738292011019
2026,A,long,15,vw,3993,1.1269722013523666,2.0304996013599093,1.8799158510307892,0.8321216219064483,2.0082802785724096,1.8660206828493142,0.5639869772101177,0.5527172551965941
2026,A,long,30,lp,3993,2.70473328324568,2.206404970433626,2.147321303333645,2.4842969988610317,2.2034051491170117,2.14193526249239,0.5697470573503631,0.5426997245179064
2026,A,long,30,vw,3993,1.4775857751064363,2.221575995634493,2.1595005761918387,1.1369779097959936,2.2123249000318994,2.148409568867942,0.5639869772101177,0.5492111194590533
2026,A,short,1,lp,3150,2.6666666666666665,1.1718704853687194,1.1830902119193982,2.571863445229589,1.180421619300069,1.194874875696107,0.5403174603174603,0.5136507936507937
2026,A,short,1,vw,3150,3.365079365079365,1.136433057570524,1.2491694769460304,3.3200240434858914,1.1379563901621679,1.262566661809698,0.5549206349206349,0.5212698412698412
2026,A,short,3,lp,3150,2.1587301587301586,1.2562239067413794,1.413015743837726,2.1675369131962188,1.2549146087724217,1.4195636114994392,0.5504761904761905,0.5288888888888889
2026,A,short,3,vw,3150,1.3015873015873016,1.3166985817722197,1.3074072852741505,1.2660994896601947,1.321560832813934,1.3164103200589274,0.5457142857142857,0.5326984126984127
2026,A,short,5,lp,3150,2.0634920634920637,1.4908235468835858,1.5837271843805045,1.9843226245201846,1.4891462312942483,1.5922024416589275,0.5603174603174603,0.5396825396825397
2026,A,short,5,vw,3150,2.4126984126984126,1.4887465859062494,1.5622229965450614,2.4945081268453744,1.4878699988804258,1.5653045716704272,0.5558730158730159,0.5317460317460317
2026,A,short,10,lp,3150,1.1746031746031746,1.7389979788068237,1.8487511116345614,0.9622756500935401,1.7455832438257395,1.8551828875078147,0.5473015873015873,0.5355555555555556
2026,A,short,10,vw,3150,0.8253968253968254,1.7721527054350863,1.8186110393559598,0.7343888940655864,1.7748341995842785,1.8210480880034423,0.5476190476190477,0.5393650793650794
2026,A,short,15,lp,3150,1.5873015873015872,2.0869248598645003,2.0231160726066113,1.518874827354898,2.09020064770316,2.023513234648474,0.545079365079365,0.5292063492063492
2026,A,short,15,vw,3150,1.0793650793650793,2.105988077285784,1.998852569985418,1.187469019900495,2.100943273475611,1.9981090415093468,0.5447619047619048,0.533968253968254
2026,A,short,30,lp,3150,2.6666666666666665,2.2721875270325502,2.208258795771249,2.760956490510595,2.2681512617426227,2.210520216330832,0.5361904761904762,0.5095238095238095
2026,A,short,30,vw,3150,2.1904761904761907,2.3266905865494087,2.228425360577753,2.252755950727352,2.3250424794121813,2.229523991818145,0.5380952380952381,0.5161904761904762
2026,B,high,1,lp,659,-5.311077389984826,3.1709138008571567,2.7039322680375326,-9.755520779792553,2.94869059553679,2.6767362214635355,0.5341426403641881,0.5872534142640364
2026,B,high,1,vw,659,-3.0349013657056148,2.607874514615033,2.560742789638798,-4.5034458449884385,2.6090758518746027,2.5636487327371325,0.5781487101669196,0.6084977238239757
2026,B,high,3,lp,659,5.462822458270106,2.936545420304282,3.0469708555833903,1.5403733388184384,2.8411737498029703,2.9892237610363397,0.5523520485584219,0.4977238239757208
2026,B,high,3,vw,659,6.525037936267071,2.693434532147368,2.7314115203156866,1.789751147601412,2.6010184284130085,2.6532276870839935,0.5735963581183612,0.5083459787556904
2026,B,high,5,lp,659,-0.7587253414264037,2.5851920751546937,2.8205793345088694,-5.477391790443073,2.491350898420581,2.8291086207146856,0.5614567526555387,0.5690440060698028
2026,B,high,5,vw,659,1.3657056145675266,2.699068586634873,2.9609990094983867,-2.085058236509722,2.6242937577903342,2.9640614259699283,0.5690440060698028,0.5553869499241275
2026,B,high,10,lp,659,2.276176024279211,2.4845553471418946,3.038754419506536,-1.692587387320174,2.4192528343662656,3.0899217001747803,0.56752655538695,0.5447647951441578
2026,B,high,10,vw,659,1.3657056145675266,2.589646146804148,3.0854867946550653,-0.16674823688823887,2.5944587196368687,3.103786456778451,0.5933232169954477,0.5796661608497724
2026,B,high,15,lp,659,-0.6069802731411229,2.603770420964054,3.176103904195759,-2.765194589175434,2.61228742573933,3.213431294878715,0.5599393019726859,0.5660091047040972
2026,B,high,15,vw,659,0.7587253414264037,2.809218919551135,3.340568865827378,-0.6641973611564449,2.7943973541373537,3.3593471627757423,0.5705614567526556,0.5629742033383915
2026,B,high,30,lp,659,-0.30349013657056145,3.219729933388851,3.899249702310653,-2.3261785908705686,3.214782023166735,3.9113575267337697,0.5371775417298937,0.5402124430955993
2026,B,high,30,vw,659,-1.669195751138088,3.103135370571715,3.8680040772036626,-3.896224998222813,3.1192140488933755,3.883177899055335,0.5280728376327769,0.5447647951441578
2026,B,low,1,lp,717,-1.9525801952580195,2.453836554492954,2.4332712175025777,-2.3644275766368508,2.4351425957030317,2.433694711664906,0.49372384937238495,0.5132496513249651
2026,B,low,1,vw,717,-3.905160390516039,2.3613010140772777,2.253383693660534,-1.7703701022359604,2.350266006842115,2.2491854058978373,0.46722454672245467,0.5062761506276151
2026,B,low,3,lp,717,-1.394700139470014,2.6477145181676986,2.787011652665347,0.643225052922751,2.5217353365621253,2.7540108010701165,0.5523012552301255,0.5662482566248257
2026,B,low,3,vw,717,-0.1394700139470014,2.8356430581565544,2.6391894350800817,1.1468484879725975,2.750322382815849,2.6134934306202915,0.5648535564853556,0.5662482566248257
2026,B,low,5,lp,717,-1.5341701534170153,3.2074253825003773,2.9134107183170537,-1.4963643587377091,3.1983769470577172,2.9143159330912676,0.5564853556485355,0.5718270571827058
2026,B,low,5,vw,717,-5.02092050209205,2.9350296453013645,2.6253186133628716,-5.7422945062783635,2.9618260813653756,2.6388926571051474,0.5550906555090656,0.6052998605299861
2026,B,low,10,lp,717,-0.5578800557880056,2.9106806340556424,3.037396556163515,-1.251169813128259,2.917000302096011,3.049950963628671,0.5509065550906556,0.5564853556485355
2026,B,low,10,vw,717,0.9762900976290098,2.726857597170654,2.9901942320692325,2.381982143678347,2.7032071680508474,2.946550656657172,0.5746164574616457,0.5648535564853556
2026,B,low,15,lp,717,-2.2315202231520224,3.1557331835247022,3.039493283126466,1.5688322334270233,2.969561223301661,2.922215090937082,0.5732217573221757,0.595536959553696
2026,B,low,15,vw,717,0.1394700139470014,2.9246665177235287,3.0835325944654697,2.8987656595574935,2.7860678943590287,3.0007862581747986,0.5815899581589958,0.5801952580195258
2026,B,low,30,lp,717,-0.8368200836820083,3.3035414779593806,3.3024583126975724,1.2981373995227201,3.2568425746754817,3.2521483041460915,0.5564853556485355,0.5648535564853556
2026,B,low,30,vw,717,0.2789400278940028,3.3966160484328713,3.4542188291414764,2.4090211449503487,3.3274283521080674,3.389992360251042,0.5690376569037657,0.5662482566248257
2026,B2,high,1,lp,1256,-3.582802547770701,1.9536851849105772,1.9558193346443267,-3.8509872635965214,1.9395069856039144,1.948613951451794,0.5398089171974523,0.5756369426751592
2026,B2,high,1,vw,1256,0.3980891719745223,1.9506558223871566,1.918073182601082,-0.34453093282027736,1.9565710912981438,1.918312681026583,0.5772292993630573,0.5732484076433121
2026,B2,high,3,lp,1256,-4.538216560509555,2.2544275196859185,2.1567090510909623,-4.6588533980730755,2.2559685795128757,2.1568619927054504,0.5581210191082803,0.6035031847133758
2026,B2,high,3,vw,1256,-3.2643312101910826,2.2912579555192853,2.13801133236716,-2.6746838371000794,2.2768380357170144,2.132652747901599,0.5692675159235668,0.6019108280254777
2026,B2,high,5,lp,1256,-3.2643312101910826,2.1088103788110697,2.101593543864742,-2.979439355902557,2.1042329521444074,2.1013136206141025,0.554140127388535,0.5867834394904459
2026,B2,high,5,vw,1256,1.5127388535031847,2.098118145178643,2.117255501694776,1.8267079402474014,2.08936123392828,2.113602172657221,0.5875796178343949,0.572452229299363
2026,B2,high,10,lp,1256,0.1592356687898089,2.248502534866849,2.1829334430431655,-0.0015719733724288826,2.2228915689707054,2.1702526089667447,0.5732484076433121,0.571656050955414
2026,B2,high,10,vw,1256,1.910828025477707,2.2826832275354216,2.2930866859162813,2.1456101561241967,2.2603709996627224,2.2851944330657075,0.5955414012738853,0.5764331210191083
2026,B2,high,15,lp,1256,1.4331210191082802,2.4773256706996096,2.3456135627310775,1.7648919225426192,2.4614612688497863,2.3366932197667527,0.5692675159235668,0.5549363057324841
2026,B2,high,15,vw,1256,2.7070063694267517,2.3859130759089404,2.3139651345308785,3.1467933945995292,2.347597950588338,2.2923669623006244,0.5923566878980892,0.5652866242038217
2026,B2,high,30,lp,1256,-0.3184713375796178,2.820037011756082,2.670173681215679,-0.47145126941473386,2.793087907178975,2.6551252097944875,0.5421974522292994,0.5453821656050956
2026,B2,high,30,vw,1256,-0.47770700636942676,2.6525299425856113,2.6412940068246304,-0.5724703408102859,2.620024197492398,2.6258936194240032,0.5517515923566879,0.5565286624203821
2026,B2,low,1,lp,1365,5.128205128205129,1.7458152394470035,1.8166790535482171,4.358523338030829,1.726553938525291,1.8034635991949872,0.5421245421245421,0.4908424908424908
2026,B2,low,1,vw,1365,6.73992673992674,1.977044449838507,1.9127078488377898,6.5094018900892285,1.9741174686010003,1.9051513757143799,0.5465201465201465,0.47912087912087914
2026,B2,low,3,lp,1365,3.36996336996337,2.0591473446096784,2.006969258645574,3.5022464864741543,2.0612866131485954,2.0043321716391826,0.5721611721611721,0.5384615384615384
2026,B2,low,3,vw,1365,2.271062271062271,2.111915020433439,2.1083862926357515,2.3456317851689326,2.1092639944528697,2.09536826297026,0.5787545787545788,0.5560439560439561
2026,B2,low,5,lp,1365,-0.6593406593406593,2.475572093754817,2.244254918123459,-0.16278077570535765,2.4850295048125135,2.2354201235736637,0.5641025641025641,0.5706959706959707
2026,B2,low,5,vw,1365,0.29304029304029305,2.377850137040762,2.14663696880102,0.1189343535809549,2.380341308041389,2.1425474142740963,0.5882783882783883,0.5853479853479854
2026,B2,low,10,lp,1365,2.7838827838827838,2.3326569080517543,2.358262142926978,2.8119104820420486,2.3278016164126396,2.3437083907807543,0.5699633699633699,0.5421245421245421
2026,B2,low,10,vw,1365,2.1245421245421245,2.253961392362273,2.3154766827011977,2.4757867801698663,2.2504058612632103,2.308217450147515,0.5802197802197803,0.558974358974359
2026,B2,low,15,lp,1365,4.102564102564102,2.1696851288587444,2.170922088399246,3.553599428769656,2.1586580541868545,2.1538373699992666,0.5758241758241758,0.5347985347985348
2026,B2,low,15,vw,1365,2.1245421245421245,2.178113991375265,2.2543588783433752,1.8744752174415278,2.169671475074214,2.2416185600763967,0.5765567765567765,0.5553113553113553
2026,B2,low,30,lp,1365,6.08058608058608,2.636668056163137,2.6341804666953226,6.769266725907526,2.6397899062758645,2.637572077243624,0.5736263736263736,0.5128205128205128
2026,B2,low,30,vw,1365,4.395604395604396,2.656532962131072,2.598864857376975,5.0648897471588255,2.643972426799745,2.589673634628951,0.5743589743589743,0.5304029304029304
