lag,price_excess_bp,lo,hi,share_of_30min,flow_event,flow_control,flow_excess
1 s,-0.019670002076705217,-0.0460744230340569,0.006734418880646461,-0.015939078014832835,-0.011534644641688683,0.00012049841865419838,-0.010513101008041825
5 s,-0.10884913030390196,-0.17469312011853283,-0.04300514048927111,-0.08820308066033555,0.03880253382985434,-0.0019546713194774842,0.04045314367910875
10 s,-0.20089495897713242,-0.31721376160963644,-0.0845761563446284,-0.16279003995201982,0.04310095102566555,-0.0014495872271500616,0.04291846528219688
30 s,-0.47542528075525403,-0.664410144676058,-0.28644041683445004,-0.38524859380447546,0.05207556658199302,7.716924681018238e-05,0.04962811867940698
60 s,-0.7949287539195045,-1.0334361307319644,-0.5564213771070445,-0.6441499790161267,0.04494065274047346,0.0015439728969424906,0.041503740022612874
2 min,-0.2985268017847532,-0.6339963478955205,0.036942744326014076,-0.24190348148467195,0.02792414066482477,0.005431833172192013,0.020457676927224736
5 min,0.06206956328815219,-0.3634189940302992,0.48755812060660353,0.050296467063829495,0.02110015834380369,-0.0001589546090009753,0.019997692221080988
15 min,0.5529883228141617,0.09329682346914953,1.0126798221591737,0.44809980112126546,0.012877021263815187,0.0005256969457743848,0.011674144460208204
30 min,1.2340740197394355,0.16927203365795873,2.2988760058209126,1.0,0.005274606478664113,-8.854125157743512e-05,0.005021034654023156
60 min,1.4700072138804978,0.10156268851668049,2.838451739244315,1.191182368615845,0.002038337642462199,-0.0015801993059795976,0.0034411394084894313
