table,slice,h,label,mu,se,lo,hi,tau,years,held,events
embargo,union,5.0,lp,0.06165555424444107,0.007258977386746277,0.04742795856641837,0.07588314992246378,0.019436776414510366,9,9,48085
embargo,union,5.0,vw0,0.07219720401124861,0.007353860307600634,0.05778363780835137,0.08661077021414586,0.019679128772011212,9,9,48079
embargo,union,5.0,vw1,0.057442952340969834,0.00618697443273938,0.04531648245280065,0.06956942222913902,0.01573721255346132,9,9,48079
embargo,union,5.0,vw2,0.05264074219091549,0.007514956054876299,0.03791142832335794,0.06737005605847303,0.02029232739360775,9,9,48079
embargo,union,15.0,lp,0.06476893862901699,0.005203966231764751,0.05456916481475808,0.0749687124432759,0.012330168609372175,9,9,48085
embargo,union,15.0,vw0,0.0743233804577775,0.005645026106717701,0.06325912928861081,0.0853876316269442,0.013857871099328649,9,9,48079
embargo,union,15.0,vw1,0.059627124210264656,0.004559384898183738,0.05069072980982453,0.06856351861070478,0.009791721566113224,9,9,48079
embargo,union,15.0,vw2,0.05588466714049161,0.004438816917611544,0.04718458598197298,0.06458474829901023,0.009245147887078045,9,9,48079
embargo,union,30.0,lp,0.0717593593406825,0.00687106041282338,0.05829208093154868,0.08522663774981633,0.01830402840571111,9,9,48085
embargo,union,30.0,vw0,0.07886566529310123,0.006529684185692793,0.06606748428914336,0.09166384629705909,0.01714601480921106,9,9,48078
embargo,union,30.0,vw1,0.06854367810623407,0.005866989584411096,0.05704437852078832,0.08004297769167983,0.014856953460185162,9,9,48078
embargo,union,30.0,vw2,0.06477580038563846,0.005967455444302086,0.05307958771480637,0.07647201305647056,0.015176835907322973,9,9,48078
embargo,drop5,5.0,lp,0.07766744556662533,0.009640964599898025,0.0587711549508252,0.09656373618242546,0.01968644267329549,9,9,10248
embargo,drop5,5.0,vw0,0.0833311652563313,0.009912649474706514,0.06390237228590653,0.10275995822675607,0.0213374316922681,9,9,10248
embargo,drop5,5.0,vw1,0.05645110535043984,0.007940518315838665,0.04088768945139606,0.07201452124948363,0.011740493869830946,9,9,10248
embargo,drop5,5.0,vw2,0.05189701533128659,0.011236796809293457,0.029872893585071416,0.07392113707750177,0.026227733310601343,9,8,10248
embargo,drop5,15.0,lp,0.05408334862655051,0.009723720265636423,0.03502485690590312,0.0731418403471979,0.020636878393792787,9,8,10248
embargo,drop5,15.0,vw0,0.05582043480832635,0.00858343851339996,0.03899689532206243,0.07264397429459027,0.015557301870677765,9,9,10248
embargo,drop5,15.0,vw1,0.03791570056904995,0.012937718561382528,0.012557772188740195,0.0632736289493597,0.03279211702513848,9,7,10248
embargo,drop5,15.0,vw2,0.032791168986484744,0.011081290764520964,0.011071839088023654,0.05451049888494583,0.025880947021080722,9,7,10248
embargo,drop5,30.0,lp,0.05427221651565853,0.013506262077456144,0.027799942843844485,0.08074449018747257,0.03461053330466636,9,8,10248
embargo,drop5,30.0,vw0,0.05708071558141672,0.011851577614930267,0.03385162345615339,0.08030980770668004,0.028707651463270378,9,9,10247
embargo,drop5,30.0,vw1,0.04311927106333738,0.01209873288062987,0.01940575461730283,0.06683278750937192,0.029785947446103803,9,8,10247
embargo,drop5,30.0,vw2,0.03703802414998534,0.011705258312038582,0.014095717858389718,0.059980330441580965,0.02830194516759442,9,7,10247
embargo,rise5,5.0,lp,0.05342456834225212,0.00974914658026328,0.034316241044936094,0.07253289563956815,0.019923795374192393,9,9,10099
embargo,rise5,5.0,vw0,0.06133047279823,0.009322292699182421,0.04305877910783246,0.07960216648862754,0.01809328074836171,9,9,10099
embargo,rise5,5.0,vw1,0.0406844581898069,0.007156038526502217,0.026658622677862554,0.05471029370175125,0.0,9,9,10099
embargo,rise5,5.0,vw2,0.04088087213591547,0.009973074817731785,0.021333645493161173,0.06042809877866977,0.020913713447260215,9,9,10099
embargo,rise5,15.0,lp,0.041381583916313795,0.007722370174064513,0.02624573837514735,0.05651742945748024,0.008312666420361619,9,8,10099
embargo,rise5,15.0,vw0,0.04738074976548563,0.007925427371397828,0.031846912117545895,0.06291458741342537,0.00978744286669614,9,9,10099
embargo,rise5,15.0,vw1,0.0451065236779497,0.00724023110631474,0.03091567070957281,0.05929737664632659,0.0,9,9,10099
embargo,rise5,15.0,vw2,0.04728893253142885,0.0083857353204205,0.030852891303404673,0.06372497375945303,0.012507337002191485,9,9,10099
embargo,rise5,30.0,lp,0.05241576976798181,0.012477509433494887,0.027959851278331834,0.07687168825763178,0.031127185690402202,9,8,10099
embargo,rise5,30.0,vw0,0.06021753203724739,0.009517023638942839,0.04156416570491943,0.07887089836957535,0.019223661405358385,9,9,10099
embargo,rise5,30.0,vw1,0.049900937232712744,0.010573101812273819,0.02917765768065606,0.07062421678476943,0.023547766374192515,9,8,10099
embargo,rise5,30.0,vw2,0.04556550814619609,0.009215381840213952,0.027503359739376742,0.06362765655301543,0.017616594994060517,9,9,10099
embargo,low4h,5.0,lp,0.07154971168930839,0.011743223323500225,0.04853299397524795,0.09456642940336883,0.029814937309973952,9,9,13127
embargo,low4h,5.0,vw0,0.08245737948736753,0.013909293076877983,0.05519516505668669,0.10971959391804838,0.03735698044019577,9,9,13124
embargo,low4h,5.0,vw1,0.053532368129864366,0.008353254113293695,0.03715999006780872,0.06990474619192001,0.016825307639316903,9,9,13124
embargo,low4h,5.0,vw2,0.05212034237207894,0.01208766834603206,0.0284285124138561,0.07581217233030177,0.030741875443647485,9,9,13124
embargo,low4h,15.0,lp,0.0744666166686007,0.010601609419500358,0.05368746220638,0.0952457711308214,0.02574365772405414,9,9,13127
embargo,low4h,15.0,vw0,0.0880325582831895,0.011204535301417165,0.06607166909241186,0.10999344747396714,0.02794280126396166,9,9,13123
embargo,low4h,15.0,vw1,0.07533734300707524,0.012055073419545946,0.051709399104765186,0.0989652869093853,0.030993433039509976,9,9,13123
embargo,low4h,15.0,vw2,0.06850895047739693,0.011780433407065272,0.045419300999548995,0.09159859995524486,0.02997965559380388,9,9,13123
embargo,low4h,30.0,lp,0.08491282477746859,0.010257975116587699,0.0648071935489567,0.10501845600598048,0.024421409504941406,9,9,13127
embargo,low4h,30.0,vw0,0.09140927455909349,0.01060821882991474,0.0706171656524606,0.11220138346572639,0.02580288713081939,9,9,13122
embargo,low4h,30.0,vw1,0.07985890905958014,0.007331784388927227,0.06548861165728277,0.0942292064618775,0.011951004552556575,9,9,13122
embargo,low4h,30.0,vw2,0.07441679297149849,0.009751791644652674,0.055303281347979245,0.09353030459501774,0.022519031581449574,9,9,13122
embargo,high4h,5.0,lp,0.04920283495900874,0.0062360326331364225,0.036980210998061355,0.06142545891995613,0.007641541847980196,9,9,15876
embargo,high4h,5.0,vw0,0.06262158240147767,0.008039883273928189,0.046863411184578416,0.07837975361837692,0.01692457299036247,9,9,15876
embargo,high4h,5.0,vw1,0.06065231588635974,0.005628118226932015,0.04962120416157299,0.07168342761114649,0.0,9,9,15876
embargo,high4h,5.0,vw2,0.05406990783671565,0.008384983445357416,0.037635340283815114,0.07050447538961618,0.018501647026114655,9,9,15876
embargo,high4h,15.0,lp,0.0639458434080818,0.006510643933073004,0.05118498129925872,0.0767067055169049,0.009751757491204154,9,9,15876
embargo,high4h,15.0,vw0,0.07462305086527125,0.0072408213399758024,0.06043104103891868,0.08881506069162383,0.013663007991887027,9,9,15876
embargo,high4h,15.0,vw1,0.07229865662365366,0.0059557056039216925,0.06062547363996714,0.08397183960734017,0.004999763439458925,9,9,15876
embargo,high4h,15.0,vw2,0.06573158369492255,0.006252722003173652,0.05347624856870219,0.0779869188211429,0.008723817091620205,9,9,15876
embargo,high4h,30.0,lp,0.07340261072726734,0.00726477720138845,0.059163647412545976,0.0876415740419887,0.013748725278611292,9,9,15876
embargo,high4h,30.0,vw0,0.08378491967835448,0.009314674465692561,0.06552815772559706,0.10204168163111191,0.022200000822914127,9,9,15876
embargo,high4h,30.0,vw1,0.07874756523720655,0.012236923346959347,0.05476319547716623,0.10273193499724687,0.032519184817100984,9,9,15876
embargo,high4h,30.0,vw2,0.07761797034032915,0.01089472556772373,0.05626430822759064,0.09897163245306766,0.027968853663796887,9,9,15876
embargo,rsi_lo,5.0,lp,0.07919440337542147,0.012712096089444447,0.05427869504011035,0.10411011171073259,0.03434417247933268,9,9,16604
embargo,rsi_lo,5.0,vw0,0.08725464089030457,0.013213868130001524,0.06135545935550159,0.11315382242510756,0.03597005688505441,9,9,16603
embargo,rsi_lo,5.0,vw1,0.060209737912175015,0.007921762672240071,0.044683083074584476,0.07573639274976555,0.017250044943483145,9,9,16603
embargo,rsi_lo,5.0,vw2,0.052327161025539345,0.007645606905113466,0.03734177149151695,0.06731255055956174,0.016117943534358095,9,9,16603
embargo,rsi_lo,15.0,lp,0.07424178701763245,0.007059407353829106,0.060405348604127405,0.0880782254311375,0.013705667067685785,9,9,16604
embargo,rsi_lo,15.0,vw0,0.07580104168365817,0.006166556630864518,0.06371459068716372,0.08788749268015263,0.008967232634836978,9,9,16603
embargo,rsi_lo,15.0,vw1,0.05823092963534401,0.005315984806198797,0.04781159941519436,0.06865025985549365,0.0,9,9,16603
embargo,rsi_lo,15.0,vw2,0.0468900315796402,0.0053603380250173424,0.03638376905060621,0.057396294108674195,0.0,9,9,16603
embargo,rsi_lo,30.0,lp,0.07479518834040799,0.007384897668998809,0.06032078890917032,0.08926958777164566,0.015328985317669401,9,9,16604
embargo,rsi_lo,30.0,vw0,0.07893842091107907,0.006815801977645632,0.06557944903489363,0.09229739278726451,0.012469884208089465,9,9,16602
embargo,rsi_lo,30.0,vw1,0.06183996535655069,0.005408479976526706,0.05123934460255834,0.07244058611054303,0.0019720551128503284,9,9,16602
embargo,rsi_lo,30.0,vw2,0.05371180119052586,0.007398480654686705,0.03921077910733992,0.06821282327371181,0.015132359731760575,9,9,16602
embargo,rsi_hi,5.0,lp,0.06835179521656498,0.009317887370449375,0.0500887359704842,0.08661485446264576,0.022661855476779895,9,9,16815
embargo,rsi_hi,5.0,vw0,0.07738049110675069,0.00868706958161465,0.060353834726785974,0.0944071474867154,0.02001804128199025,9,9,16814
embargo,rsi_hi,5.0,vw1,0.06473480663812012,0.00800681514766114,0.04904144894870428,0.08042816432753595,0.017812303775708766,9,9,16814
embargo,rsi_hi,5.0,vw2,0.062148927897330564,0.007189475769824454,0.048057555388474636,0.0762403004061865,0.01432440788374448,9,9,16814
embargo,rsi_hi,15.0,lp,0.05847818972154155,0.006234288428666561,0.04625898440135509,0.070697395041728,0.008756171063701385,9,9,16815
embargo,rsi_hi,15.0,vw0,0.06679345766858161,0.007650998734417584,0.05179750014912314,0.08178941518804007,0.015779134506699034,9,9,16814
embargo,rsi_hi,15.0,vw1,0.050582605268337445,0.0058441298573902924,0.03912811074785247,0.06203709978882242,0.00521813759780237,9,9,16814
embargo,rsi_hi,15.0,vw2,0.049215448851309525,0.005422721051507834,0.03858691559035417,0.05984398211226488,0.0,9,9,16814
embargo,rsi_hi,30.0,lp,0.06501895366495998,0.005391927486959243,0.054450775790519865,0.0755871315394001,0.0,9,9,16815
embargo,rsi_hi,30.0,vw0,0.06951641024405,0.005487195314316108,0.05876150742799043,0.08027131306010958,0.0,9,9,16814
embargo,rsi_hi,30.0,vw1,0.06221026386598757,0.00549919404519319,0.051431843537408914,0.07298868419456622,0.0,9,9,16814
embargo,rsi_hi,30.0,vw2,0.0589775951248776,0.0055286132094309525,0.04814151323439293,0.06981367701536227,0.0,9,9,16814
path,union,,price_1 s,-0.019670002076705217,0.013471643345587592,-0.0460744230340569,0.006734418880646461,0.0298778766934774,9,7,46306
path,union,,flow_1 s,-0.010513101008041825,0.007433237363388498,-0.025082246240283282,0.004056044224199631,0.01645682363335397,9,6,46306
path,union,,price_5 s,-0.10884913030390196,0.033593872354403496,-0.17469312011853283,-0.04300514048927111,0.08434199759639524,9,8,48068
path,union,,flow_5 s,0.04045314367910875,0.009130365928155257,0.02255762645992445,0.058348660898293055,0.024378617624896275,9,8,48045
path,union,,price_10 s,-0.20089495897713242,0.05934632787372654,-0.31721376160963644,-0.0845761563446284,0.1592484970083725,9,8,48082
path,union,,flow_10 s,0.04291846528219688,0.007047537055830768,0.029105292652768573,0.056731637911625186,0.01748404544515133,9,9,48058
path,union,,price_30 s,-0.47542528075525403,0.0964208489391857,-0.664410144676058,-0.28644041683445004,0.2614280796756657,9,8,48082
path,union,,flow_30 s,0.04962811867940698,0.006732497951988718,0.03643242269350909,0.06282381466530487,0.017930648023218452,9,9,48081
path,union,,price_60 s,-0.7949287539195045,0.12168743714921423,-1.0334361307319644,-0.5564213771070445,0.32673350934725176,9,9,48082
path,union,,flow_60 s,0.041503740022612874,0.007918425080007412,0.025983626865798345,0.0570238531794274,0.0220782678291391,9,9,48082
path,union,,price_2 min,-0.2985268017847532,0.171157931689167,-0.6339963478955205,0.036942744326014076,0.4344850460579089,9,7,48080
path,union,,flow_2 min,0.020457676927224736,0.004642310944171851,0.011358747476647908,0.029556606377801563,0.011761494977320732,9,9,48080
path,union,,price_5 min,0.06206956328815219,0.21708599863186295,-0.3634189940302992,0.48755812060660353,0.4855001993451201,9,5,48079
path,union,,flow_5 min,0.019997692221080988,0.005597016613445814,0.009027539658727192,0.030967844783434784,0.015858901651070432,9,8,48080
path,union,,price_15 min,0.5529883228141617,0.23453647925765925,0.09329682346914953,1.0126798221591737,0.270252330577523,9,7,48079
path,union,,flow_15 min,0.011674144460208204,0.002935263621034323,0.005921027762980931,0.017427261157435477,0.00791227209385622,9,8,48079
path,union,,price_30 min,1.2340740197394355,0.5432663194293249,0.16927203365795873,2.2988760058209126,1.3289005844859845,9,6,48078
path,union,,flow_30 min,0.005021034654023156,0.002023793712298143,0.0010543989779187952,0.008987670330127515,0.005007035836096507,9,8,48079
path,union,,price_60 min,1.4700072138804978,0.6981859823284783,0.10156268851668049,2.838451739244315,1.5938537270136461,9,6,48071
path,union,,flow_60 min,0.0034411394084894313,0.001584264814198096,0.00033598037266116326,0.0065462984443177,0.0038542004975679173,9,7,48078
flow,union,,ev_imb,0.32992009603989547,0.03488906612988615,0.26153752642531863,0.3983026656544723,0.10438329988437413,9,9,48082
flow,union,,ev_absimb,0.060887791510074986,0.007060607442659024,0.0470490009224633,0.07472658209768668,0.02061005784495744,9,9,48082
flow,union,,ev_nratio,1.4065852446374671,0.042535457012429306,1.3232157488931058,1.4899547403818285,0.1195960475938228,9,9,48085
flow,union,,ev_big,0.004586218322009458,0.00034165215428762495,0.003916580099605713,0.005255856544413203,0.0010005016213394228,9,9,48082
flow,drop5,,ev_imb,0.3243905892033641,0.033812453144121915,0.25811818104088513,0.3906629973658431,0.10035605352417018,9,9,10248
flow,drop5,,ev_absimb,0.041029805618336655,0.006333443777390123,0.028616255814652013,0.0534433554220213,0.016616385677326973,9,9,10248
flow,drop5,,ev_nratio,3.1136465704194083,0.11279841234276668,2.8925616822275857,3.334731458611231,0.30686706337335595,9,9,10248
flow,drop5,,ev_big,0.005869149275878772,0.0006255290784603155,0.004643112282096553,0.0070951862696609904,0.0018266393614736552,9,9,10248
flow,rise5,,ev_imb,0.3256381227744572,0.031134199398910097,0.2646150919525934,0.386661153596321,0.09224161726230615,9,9,10099
flow,rise5,,ev_absimb,0.041923048151349444,0.008763515884692407,0.024746557017352327,0.05909953928534656,0.02455368769685179,9,9,10099
flow,rise5,,ev_nratio,2.8746208272771328,0.06853294933807144,2.7402962465745127,3.008945407979753,0.15687437221978962,9,9,10099
flow,rise5,,ev_big,0.005503063985693787,0.0004881159017699696,0.0045463568182246466,0.006459771153162927,0.0013939432322948916,9,9,10099
flow,low4h,,ev_imb,0.34579865502200957,0.03713312746664646,0.27301772518738254,0.4185795848566366,0.11055112170308,9,9,13124
flow,low4h,,ev_absimb,0.08054147229688098,0.009690525368218036,0.06154804257517363,0.09953490201858833,0.027601702863020414,9,9,13124
flow,low4h,,ev_nratio,1.3309841481133826,0.05105133822807738,1.230923525186351,1.4310447710404142,0.13660798981179628,9,9,13127
flow,low4h,,ev_big,0.004106176330920239,0.00033418780945533604,0.00345116822438778,0.004761184437452697,0.0009235194501194414,9,9,13124
flow,high4h,,ev_imb,0.3376529647436053,0.036790714373932144,0.26554316457069826,0.4097627649165123,0.10971355234546154,9,9,15876
flow,high4h,,ev_absimb,0.07298638511603107,0.008024725188452044,0.057257923746665065,0.08871484648539708,0.02274003737108629,9,9,15876
flow,high4h,,ev_nratio,1.0665804333841136,0.037445316487369346,0.9931876130688697,1.1399732536993574,0.09386153156763867,9,9,15876
flow,high4h,,ev_big,0.004688545928183027,0.00028354165429045623,0.004132804285773732,0.005244287570592321,0.0007679772958059074,9,9,15876
flow,rsi_lo,,ev_imb,0.3389058103309715,0.034329962633242846,0.2716190835698155,0.4061925370921275,0.1022479185003929,9,9,16604
flow,rsi_lo,,ev_absimb,0.05671125977161736,0.006090483918263825,0.04477391129182026,0.06864860825141446,0.01642738565113563,9,9,16604
flow,rsi_lo,,ev_nratio,2.325450569377811,0.07776698938460468,2.173027270183986,2.477873868571636,0.2131997353867606,9,9,16604
flow,rsi_lo,,ev_big,0.005590188345939358,0.0005184318484454716,0.004574061922986233,0.006606314768892483,0.0015122356398568715,9,9,16604
flow,rsi_hi,,ev_imb,0.3488298546144104,0.0394879850666374,0.2714334038838011,0.4262263053450197,0.11784686564925606,9,9,16815
flow,rsi_hi,,ev_absimb,0.05790869980492587,0.007487215447796095,0.04323375752724552,0.07258364208260622,0.02101652136020376,9,9,16815
flow,rsi_hi,,ev_nratio,2.1162230683562537,0.0651273953081519,1.988573373552276,2.2438727631602315,0.17320882235827478,9,9,16815
flow,rsi_hi,,ev_big,0.005609100435622776,0.0005257010842906381,0.004578726310413126,0.006639474560832427,0.001531856571874805,9,9,16815
