rule,fires,share,up_rate_ci,deviation_points,p,survives_fdr,months_agreeing,by_month,verdict
flow15 <= -0.149 and nratio5 > 0.946 and rsi60 <= 47.6 and size5 > 1.06,426,2.4%,"61.5% [56.7, 65.7]",+11.9,0.000,yes,6/6,+13.6 +16.3 +12.8 +12.0 +6.2 +11.8,stable
flow5 <= -0.164 and rsi60 <= 43.9 and vwap_dev60 <= -8.25,1009,5.7%,"56.8% [53.8, 59.7]",+7.2,0.000,yes,6/6,+8.5 +7.4 +7.8 +6.8 +8.8 +3.7,stable
flow15 > -0.0816 and ret15 <= 27 and rsi60 > 56.3,1334,7.6%,"42.7% [40.0, 45.1]",-7.0,0.000,yes,6/6,-15.3 -11.2 -5.8 -3.2 -8.3 -3.2,stable
bb_pctb <= 0.607 and ema_cross <= -5.75 and flow15 <= -0.0816 and rsi14 <= 37,959,5.4%,"56.5% [53.6, 59.6]",+6.9,0.000,yes,6/6,+6.2 +3.9 +6.1 +9.6 +9.1 +6.1,stable
ema_cross > -2.17 and flow60 > 0.182 and rsi60 > 55.9,812,4.6%,"40.1% [36.7, 43.2]",-9.5,0.000,yes,6/6,-14.2 -10.5 -10.0 -9.4 -8.3 -6.4,stable
ema_cross > -2.17 and flow60 <= 0.182 and rsi60 > 55.9 and vol60 <= 6.48,1167,6.6%,"44.0% [41.1, 47.2]",-5.6,0.000,yes,6/6,-15.3 -10.3 -4.1 -0.8 -6.0 -3.0,stable
ema_cross <= -2.17 and flow15 <= -0.159 and flow3 <= -0.352 and vol240 <= 8.7,853,4.8%,"55.8% [52.8, 58.9]",+6.2,0.000,yes,6/6,+7.4 +7.1 +3.7 +6.2 +3.4 +10.4,stable
flow15 > 0.14 and ret15 > 19.9 and rsi60 > 51.9,1010,5.7%,"43.0% [40.1, 45.9]",-6.7,0.000,yes,6/6,-6.8 -5.7 -4.7 -9.0 -0.1 -12.2,stable
flow15 > 0.14 and ret15 <= 19.9 and rsi60 > 51.9 and vol15 <= 3.88,1296,7.3%,"44.4% [41.7, 47.1]",-5.3,0.000,yes,6/6,-6.6 -8.0 -6.4 -1.4 -6.3 -3.0,stable
flow15 <= -0.144 and flow60 > -0.18 and rsi14 <= 34.1 and rsi60 <= 51.9,633,3.6%,"57.2% [53.7, 60.7]",+7.6,0.000,yes,5/6,+11.0 +6.8 +4.6 +14.0 -0.3 +8.1,stable
bb_pctb > 0.623 and flow60 > 0.182,1176,6.7%,"42.9% [40.3, 45.5]",-6.7,0.000,yes,6/6,-10.3 -3.2 -8.0 -10.5 -8.1 -1.6,stable
bb_pctb <= 0.623 and ema_cross <= -5.09 and nratio5 > 0.92 and vol60 > 4.2,1209,6.8%,"55.5% [52.7, 58.5]",+5.9,0.000,yes,6/6,+5.6 +5.5 +8.7 +4.0 +3.9 +11.5,stable
atr14 <= 5.27 and rsi60 > 55.9,1268,7.2%,"43.3% [40.5, 45.8]",-6.3,0.000,yes,6/6,-9.9 -11.0 -7.2 -2.0 -8.8 -3.0,stable
ema_cross <= -2.92 and obv_slope60 <= -0.149 and ret60 <= -34.3 and rsi60 <= 55.9,1194,6.8%,"57.6% [54.8, 60.4]",+8.0,0.000,yes,6/6,+6.7 +10.8 +4.3 +7.7 +8.3 +14.4,stable
adx14 <= 35.2 and ema_cross > 0.0295 and hour > 6.5 and rsi60 > 55.9,830,4.7%,"43.1% [39.7, 46.4]",-6.5,0.000,yes,5/6,-11.5 -13.9 -5.9 +0.3 -5.8 -3.7,stable
ema_cross > 0.0295 and hour <= 6.5 and rsi60 > 55.9,655,3.7%,"39.7% [35.7, 43.5]",-9.9,0.000,yes,6/6,-11.9 -19.2 -8.1 -13.6 -6.9 -3.2,stable
ema_cross <= 0.0295 and flow3 <= -0.234 and ret240 > -65 and rsi60 <= 44.4,699,4.0%,"57.2% [53.6, 61.0]",+7.6,0.000,yes,6/6,+9.3 +14.5 +2.9 +9.2 +2.9 +8.7,stable
flow15 > -0.0685 and flow60 > 0.2 and stoch14 > 0.656,800,4.5%,"43.2% [40.0, 46.4]",-6.4,0.000,yes,6/6,-9.9 -1.0 -9.4 -9.5 -9.6 -0.7,stable
adx14 > 24.5 and flow15 <= -0.0685 and flow60 > -0.254 and obv_slope60 <= -0.116,1314,7.4%,"54.3% [51.9, 56.7]",+4.6,0.000,yes,6/6,+3.8 +6.6 +2.3 +6.2 +2.2 +6.8,stable
flow15 > 0.171 and rangepos > 0.37 and rsi60 > 55.9,1267,7.2%,"42.1% [39.4, 44.5]",-7.6,0.000,yes,6/6,-10.0 -7.9 -7.1 -7.9 -7.3 -6.2,stable
flow15 <= 0.171 and rangepos > 0.37 and ret5 > 3.57 and rsi60 > 55.9,567,3.2%,"41.3% [37.1, 45.4]",-8.4,0.000,yes,6/6,-7.2 -11.0 -6.1 -7.0 -14.2 -4.9,stable
ema_cross <= -0.925 and flow60 <= -0.0334 and rangepos <= 0.37 and vol240 > 3.62,1950,11.0%,"53.6% [51.6, 55.7]",+4.0,0.000,yes,6/6,+4.6 +5.7 +4.5 +3.4 +0.9 +8.8,stable
flow3 > -0.0826 and obv_slope60 > 0.115 and ret5 > 5.91 and rsi60 > 55.6,678,3.8%,"41.4% [37.7, 45.4]",-8.2,0.000,yes,6/6,-11.8 -6.7 -4.1 -2.8 -13.8 -9.3,stable
flow3 > -0.0826 and obv_slope60 > 0.115 and ret5 <= 5.91 and rsi60 > 55.6,732,4.1%,"42.2% [38.8, 45.7]",-7.4,0.000,yes,6/6,-5.5 -8.6 -8.0 -9.0 -7.1 -6.8,stable
flow15 <= -0.0847 and rsi14 <= 32.9 and rsi60 <= 55.6,1030,5.8%,"57.7% [54.6, 60.7]",+8.0,0.000,yes,6/6,+7.1 +8.9 +8.2 +10.9 +4.7 +8.3,stable
flow15 > 0.0274 and macd_hist > -1.79 and rangepos > 0.371 and win1 > 40.9,461,2.6%,"42.1% [37.9, 46.2]",-7.6,0.000,yes,6/6,-11.0 -3.2 -18.5 -3.9 -6.3 -4.3,stable
flow15 > 0.0274 and macd_hist > -1.79 and rangepos > 0.371 and win1 <= 40.9,5069,28.7%,"46.2% [44.9, 47.6]",-3.4,0.000,yes,6/6,-2.2 -6.2 -3.2 -2.6 -3.3 -2.9,stable
obv_slope60 <= -0.116 and rangepos <= 0.371 and -3.29 < win3 <= 7.19,888,5.0%,"55.4% [52.2, 58.4]",+5.8,0.000,yes,6/6,+9.2 +3.2 +4.3 +7.6 +2.7 +7.7,stable
flow5 > -0.0205 and rsi14 > 59.6 and rsi60 > 56.1,1331,7.5%,"42.5% [40.0, 44.9]",-7.1,0.000,yes,6/6,-9.2 -5.8 -8.2 -4.4 -9.1 -6.1,stable
ret5 > -17.3 and rsi14 <= 36.8 and vol60 > 3.58,885,5.0%,"57.6% [54.4, 60.9]",+8.0,0.000,yes,5/6,+12.2 -2.1 +7.0 +9.1 +9.2 +11.1,stable
rsi60 > 56.2 and size5 > 1.03 and win1 > 9.29,663,3.8%,"35.9% [32.6, 39.1]",-13.7,0.000,yes,6/6,-16.3 -10.5 -19.3 -13.0 -9.2 -14.8,stable
obv_slope60 > -0.0576 and rsi60 > 55.6 and win1 <= 9.29,981,5.6%,"44.0% [41.2, 46.8]",-5.6,0.000,yes,6/6,-6.7 -9.2 -2.1 -6.6 -9.5 -3.0,stable
obv_slope60 <= -0.0576 and size5 > 1.41 and win1 <= 9.29,1101,6.2%,"55.6% [52.4, 58.5]",+5.9,0.000,yes,6/6,+10.3 +1.0 +1.3 +11.3 +3.1 +7.6,stable
macd_hist <= 0.863 and obv_slope60 <= -0.0576 and size5 <= 1.41 and win1 <= 9.29,4014,22.7%,"53.5% [52.0, 55.0]",+3.9,0.000,yes,6/6,+2.9 +5.7 +1.2 +4.6 +5.9 +3.0,stable
rsi14 > 66.1 and vratio5 > 0.985 and vwap_dev60 > -5.5,709,4.0%,"42.7% [39.7, 45.9]",-6.9,0.000,yes,6/6,-9.9 -3.8 -6.2 -5.2 -3.8 -10.8,stable
flow15 > 0.154 and ret240 > 21.5 and rsi14 > 59.1,1062,6.0%,"42.2% [39.1, 45.2]",-7.5,0.000,yes,6/6,-9.2 -7.3 -3.9 -9.3 -6.8 -8.4,stable
flow15 <= -0.168 and ret5 > 0.915 and rsi60 <= 48.2,724,4.1%,"56.4% [52.7, 59.7]",+6.7,0.000,yes,6/6,+7.5 +13.5 +5.2 +0.3 +3.1 +14.8,stable
flow15 <= -0.168 and ret5 <= 0.915 and rsi60 <= 48.2,1984,11.2%,"53.9% [52.0, 56.0]",+4.3,0.000,yes,6/6,+3.5 +6.1 +4.0 +6.9 +1.4 +4.1,stable
ema_cross > 2.11 and rsi60 > 55.9 and size5 > 1.01,927,5.2%,"38.1% [35.0, 41.0]",-11.6,0.000,yes,6/6,-16.6 -11.7 -12.4 -9.3 -7.7 -11.3,stable
ema_cross <= 2.11 and macd_hist <= -1.18 and size5 > 0.664 and vol240 <= 10.3,1864,10.6%,"53.6% [51.5, 55.6]",+4.0,0.000,yes,6/6,+2.0 +3.5 +4.0 +3.3 +5.9 +6.6,stable
adx14 > 36.6 and rsi60 > 55.9,1175,6.7%,"43.3% [40.6, 46.2]",-6.3,0.000,yes,6/6,-10.9 -6.6 -7.9 -4.5 -5.4 -4.1,stable
flow15 <= -0.228 and flow60 <= -0.163 and rsi60 <= 46.7,893,5.1%,"57.6% [54.3, 60.6]",+7.9,0.000,yes,6/6,+7.1 +10.5 +5.4 +8.4 +7.9 +9.0,stable
flow15 > 0.0958 and flow60 > -0.0494 and ret5 <= 5.66 and win1 > 8.85,1279,7.2%,"43.5% [40.9, 46.0]",-6.1,0.000,yes,6/6,-5.8 -7.2 -9.1 -6.6 -2.8 -4.6,stable
flow5 <= -0.124 and ret60 <= -32.8 and win1 <= 8.85,1172,6.6%,"55.9% [52.9, 58.7]",+6.2,0.000,yes,6/6,+3.7 +7.9 +4.4 +8.0 +7.7 +8.3,stable
ema_cross > 0.0589 and hour > 9.5 and ret5 <= 6.34 and rsi14 > 59,1156,6.5%,"44.6% [42.1, 47.1]",-5.0,0.000,yes,6/6,-10.7 -6.6 -6.5 -6.4 -0.8 -2.2,stable
ema_cross <= 0.0589 and obv_slope60 <= -0.184 and ret60 > -20.3,844,4.8%,"56.3% [52.9, 59.5]",+6.6,0.000,yes,5/6,-4.0 +9.6 +2.7 +13.1 +6.1 +9.7,stable
flow5 > 0.0168 and rsi14 > 53.5 and rsi60 > 56 and size5 > 1.01,746,4.2%,"36.1% [32.7, 39.3]",-13.6,0.000,yes,6/6,-17.6 -14.1 -13.1 -11.0 -13.1 -13.3,stable
rsi14 <= 35.2 and rsi60 > 40.7,1194,6.8%,"54.1% [51.7, 56.6]",+4.5,0.000,yes,6/6,+5.1 +1.6 +4.6 +9.1 +3.8 +3.2,stable
rsi14 <= 35.2 and rsi60 <= 40.7,606,3.4%,"57.8% [53.8, 61.7]",+8.1,0.000,yes,5/6,+10.1 +17.2 -0.4 +9.7 +6.8 +7.9,stable
bb_pctb > 0.836 and rsi60 > 54.9,1193,6.8%,"42.7% [40.0, 45.2]",-7.0,0.000,yes,5/6,-9.7 -6.8 -9.1 +0.1 -9.0 -7.0,stable
bb_pctb <= 0.624 and flow3 <= 0.332 and rsi14 <= 36.9 and rsi60 <= 54.9,2158,12.2%,"54.6% [52.7, 56.6]",+5.0,0.000,yes,6/6,+6.9 +4.1 +3.1 +7.4 +4.2 +4.4,stable
flow3 > 0.341 and rangepos > 0.892,539,3.1%,"39.5% [35.8, 43.0]",-10.1,0.000,yes,6/6,-9.1 -7.8 -5.1 -11.3 -14.6 -13.3,stable
flow3 <= 0.341 and rangepos > 0.892,1055,6.0%,"44.3% [41.5, 47.0]",-5.4,0.000,yes,6/6,-9.9 -4.6 -9.1 -5.2 -3.7 -2.4,stable
adx14 > 34.1 and rangepos <= 0.892 and stoch14 <= 0.436 and vratio5 > 1.17,608,3.4%,"59.0% [55.3, 63.0]",+9.4,0.000,yes,6/6,+9.3 +5.1 +1.6 +13.2 +15.4 +12.4,stable
flow15 > 0.161 and obv_slope60 > 0.23 and rsi14 > 60.1,670,3.8%,"42.1% [38.6, 45.3]",-7.5,0.000,yes,6/6,-11.6 -0.6 -11.2 -10.5 -5.1 -7.3,stable
rangepos > 0.845 and 32.7 < rsi14 <= 60.1,1043,5.9%,"44.2% [41.4, 47.0]",-5.4,0.000,yes,6/6,-6.6 -10.1 -2.1 -6.6 -3.8 -4.4,stable
ret60 <= -37.2 and rsi14 <= 32.7,537,3.0%,"59.6% [55.3, 63.4]",+10.0,0.000,yes,6/6,+7.4 +8.8 +2.8 +14.9 +13.7 +11.5,stable
obv_slope60 > 0.219 and rsi60 > 56,1190,6.7%,"43.0% [40.1, 45.9]",-6.6,0.000,yes,6/6,-8.4 -2.7 -4.4 -9.2 -11.5 -4.0,stable
macd_hist > -2.14 and obv_slope60 <= 0.126 and ret15 <= -8.8 and rsi60 <= 56,2938,16.6%,"53.1% [51.1, 55.0]",+3.4,0.000,yes,6/6,+4.1 +4.4 +2.3 +1.1 +2.7 +7.1,stable
macd_hist <= -2.14 and obv_slope60 <= 0.126 and ret15 <= -8.8 and rsi60 <= 56,845,4.8%,"56.7% [53.8, 59.6]",+7.0,0.000,yes,6/6,+2.4 +11.8 +3.7 +13.0 +8.5 +3.3,stable
flow15 > 0.142 and flow60 > 0.107 and rsi14 > 59.6,1180,6.7%,"43.0% [40.3, 45.6]",-6.7,0.000,yes,6/6,-10.8 -6.2 -4.4 -8.8 -6.8 -5.4,stable
bb_pctb <= 0.229 and obv_slope60 <= 0.104 and rsi14 <= 59.6 and win1 <= -5.68,2576,14.6%,"53.6% [51.9, 55.5]",+4.0,0.000,yes,6/6,+2.6 +5.3 +1.9 +6.2 +4.0 +4.3,stable
ema_cross > 3.96 and flow15 > 0.157 and vratio15 > 1.26,674,3.8%,"42.9% [39.3, 46.3]",-6.8,0.000,yes,5/6,-5.5 -10.8 -5.5 -6.2 +2.3 -14.8,stable
flow15 <= 0.157 and ret60 <= -36.6 and rsi14 <= 32.6,525,3.0%,"59.6% [55.4, 63.8]",+10.0,0.000,yes,6/6,+8.1 +8.8 +2.2 +14.6 +12.8 +12.7,stable
flow15 > 0.157 and flow60 > -0.0583 and rangepos > 0.807 and rsi14 > 58.7,995,5.6%,"41.3% [38.3, 44.3]",-8.3,0.000,yes,6/6,-13.6 -7.6 -8.5 -5.1 -4.8 -10.7,stable
rsi14 <= 58.7 and rsi60 <= 47.5 and size5 > 0.589 and vol60 <= 8.95,4073,23.1%,"53.4% [51.9, 54.9]",+3.7,0.000,yes,6/6,+6.4 +1.9 +2.6 +3.2 +4.4 +3.7,stable
ema_cross > -0.768 and flow15 > 0.16 and macd_hist > 0.185 and rsi60 > 55.9,869,4.9%,"41.0% [37.7, 44.1]",-8.7,0.000,yes,6/6,-8.6 -9.0 -7.8 -6.9 -11.0 -8.9,stable
ema_cross <= -0.768 and rsi14 <= 35.1 and vol15 > 3.77,884,5.0%,"58.1% [55.1, 61.2]",+8.5,0.000,yes,6/6,+8.5 +6.6 +7.3 +10.0 +9.5 +8.8,stable
adx14 > 34.9 and bb_pctb > 0.613 and ema_cross > -2.17 and flow60 > -0.000786,1113,6.3%,"44.4% [41.5, 47.0]",-5.3,0.000,yes,6/6,-14.4 -7.0 -2.8 -2.5 -3.9 -3.4,stable
adx14 <= 34.9 and bb_pctb > 0.613 and ema_cross > -2.17 and flow60 > -0.000786,2805,15.9%,"46.2% [44.3, 48.1]",-3.5,0.000,yes,6/6,-3.4 -4.2 -4.6 -3.2 -3.5 -2.0,stable
ema_cross <= -2.17 and flow5 <= -0.162 and ret240 <= -47.5 and ret60 <= -19.1,606,3.4%,"57.9% [53.8, 62.3]",+8.3,0.000,yes,6/6,+8.3 +5.3 +12.1 +3.9 +19.3 +7.3,stable
bb_pctb > 0.521 and flow15 > 0.137 and rsi60 > 57.6,875,5.0%,"41.1% [38.3, 43.9]",-8.5,0.000,yes,6/6,-15.0 -3.5 -6.2 -11.0 -7.0 -9.9,stable
bb_pctb > 0.521 and flow15 > 0.137 and 46.3 < rsi60 <= 57.6,2843,16.1%,"46.6% [44.8, 48.3]",-3.0,0.000,yes,6/6,-0.9 -6.9 -4.2 -2.4 -3.0 -0.3,stable
bb_pctb <= 0.521 and ema_cross <= -1.21 and obv_slope60 <= 0.0284 and ret240 <= -45.9,1498,8.5%,"57.3% [54.6, 60.0]",+7.7,0.000,yes,6/6,+6.2 +10.1 +11.0 +4.0 +11.7 +8.6,stable
flow15 > 0.133 and ret15 > 6.51 and ret5 <= 3.31 and rsi60 > 51.5,988,5.6%,"43.1% [40.1, 46.3]",-6.5,0.000,yes,6/6,-10.7 -13.0 -2.8 -5.4 -4.8 -1.3,stable
rsi14 <= 33.9 and rsi60 <= 51.5 and win2 <= -3.14,880,5.0%,"58.4% [55.1, 61.5]",+8.8,0.000,yes,6/6,+15.4 +2.7 +3.1 +10.1 +6.3 +13.2,stable
flow15 > 0.143 and ret60 > 28.4 and rsi14 > 59.6,931,5.3%,"42.5% [39.3, 45.5]",-7.1,0.000,yes,6/6,-7.7 -8.6 -3.0 -10.9 -4.6 -5.7,stable
ema_cross <= -2.14 and flow15 <= -0.0984 and rsi14 <= 59.6 and vratio15 > 0.976,1355,7.7%,"54.7% [52.2, 57.3]",+5.0,0.000,yes,6/6,+7.9 +5.3 +2.8 +3.7 +2.1 +9.2,stable
rsi60 > 56 and vol240 > 5.07,980,5.5%,"43.3% [40.2, 46.5]",-6.4,0.000,yes,6/6,-9.7 -8.0 -3.0 -5.4 -3.6 -3.3,stable
rsi60 > 56 and vol240 <= 5.07,1505,8.5%,"43.6% [41.2, 45.8]",-6.0,0.000,yes,6/6,-10.8 -9.7 -6.9 -2.3 -7.7 -3.1,stable
rsi14 <= 36.8 and rsi60 <= 50.5 and stoch14 > 0.0565 and vol240 > 3.71,896,5.1%,"57.4% [54.6, 60.3]",+7.7,0.000,yes,6/6,+9.3 +1.4 +13.1 +6.5 +10.4 +7.8,stable
bb_pctb > 0.836 and rsi14 > 36.9 and rsi60 > 56.9,750,4.2%,"40.3% [37.0, 43.4]",-9.4,0.000,yes,6/6,-14.4 -6.3 -8.0 -1.3 -14.6 -10.6,stable
bb_pctb <= 0.836 and rsi14 > 36.9 and rsi60 > 56.9,1106,6.3%,"44.4% [41.5, 47.2]",-5.2,0.000,yes,6/6,-8.2 -7.6 -4.3 -7.4 -3.8 -2.5,stable
rangepos <= 0.133 and rsi14 <= 36.9 and vol240 > 3.62,623,3.5%,"58.6% [54.9, 62.2]",+8.9,0.000,yes,6/6,+7.6 +9.7 +5.6 +12.4 +9.5 +7.4,stable
flow15 > 0.166 and obv_slope60 > 0.218,1224,6.9%,"40.1% [37.4, 42.7]",-9.5,0.000,yes,6/6,-10.3 -5.7 -9.3 -15.4 -8.6 -9.4,stable
flow15 <= 0.166 and hour > 15.5 and rangepos > 0.137 and rsi60 <= 51.5,2603,14.7%,"53.8% [51.9, 55.6]",+4.1,0.000,yes,6/6,+4.1 +4.9 +6.0 +4.0 +3.3 +2.7,stable
atr14 <= 8.17 and flow15 <= 0.166 and rangepos <= 0.137,1343,7.6%,"55.5% [52.9, 58.2]",+5.8,0.000,yes,6/6,+4.5 +8.2 +6.3 +5.6 +8.0 +2.0,stable
bb_pctb > 0.626 and flow60 > 0.189,1084,6.1%,"43.2% [40.4, 45.9]",-6.5,0.000,yes,6/6,-11.3 -3.6 -7.7 -10.5 -7.5 -0.0,stable
bb_pctb <= 0.626 and ret60 <= -38.3 and rsi14 <= 32.6,516,2.9%,"59.7% [55.3, 63.9]",+10.1,0.000,yes,6/6,+6.9 +9.0 +2.9 +15.5 +14.4 +10.8,stable
flow60 > 0.163 and macd_hist > 0.405 and rsi60 > 51.5,677,3.8%,"42.5% [39.0, 46.3]",-7.1,0.000,yes,5/6,-12.3 -6.8 -6.7 -9.0 -8.1 +0.7,stable
flow15 > -0.192 and macd_hist <= 0.405 and rsi60 > 56.7,940,5.3%,"43.8% [40.8, 46.6]",-5.8,0.000,yes,6/6,-10.5 -8.0 -3.2 -8.4 -7.8 -1.7,stable
macd_hist > -2.12 and rangepos <= 0.157 and ret240 > -199 and rsi60 <= 51.5,1881,10.6%,"54.6% [52.4, 56.9]",+5.0,0.000,yes,6/6,+7.4 +6.9 +4.9 +3.7 +7.2 +0.9,stable
macd_hist <= -2.12 and obv_slope60 <= -0.0986 and rsi60 <= 51.5,449,2.5%,"58.4% [54.2, 62.5]",+8.7,0.000,yes,6/6,+0.9 +12.0 +9.4 +15.0 +9.0 +9.3,stable
bb_pctb > 0.627 and flow15 > 0.153 and rsi60 > 54.8 and vratio5 > 1.06,689,3.9%,"39.6% [36.1, 43.1]",-10.0,0.000,yes,6/6,-10.1 -12.9 -8.3 -9.6 -7.0 -11.9,stable
bb_pctb <= 0.627 and rsi14 <= 32.7 and vratio15 > 0.755,720,4.1%,"56.7% [53.3, 60.1]",+7.0,0.000,yes,6/6,+6.6 +8.0 +1.6 +10.0 +9.6 +6.4,stable
flow3 <= -0.171 and rsi14 <= 54.1 and vratio15 > 0.635 and vwap_dev60 <= -28.1,442,2.5%,"60.2% [55.5, 64.7]",+10.5,0.000,yes,6/6,+12.1 +13.9 +0.7 +10.6 +14.1 +6.8,stable
flow15 <= 0.206 and rsi14 > 58.7 and rsi60 > 51.5 and win1 <= 40.9,1655,9.4%,"44.7% [42.1, 47.0]",-5.0,0.000,yes,6/6,-9.0 -3.9 -3.4 -6.1 -3.5 -4.9,stable
rangepos <= 0.31 and rsi14 > 36.8 and rsi60 <= 51.5 and size5 > 0.816,1953,11.1%,"53.7% [51.5, 55.9]",+4.0,0.000,yes,6/6,+6.6 +6.2 +3.1 +2.4 +4.7 +1.6,stable
rsi14 <= 36.8 and rsi60 <= 44.5 and vol240 > 3.7,871,4.9%,"59.6% [56.8, 62.5]",+9.9,0.000,yes,6/6,+11.9 +6.0 +9.5 +10.5 +10.7 +11.4,stable
bb_pctb > 0.619 and flow15 > 0.154 and rsi60 > 51.3 and win1 <= 42.4,2054,11.6%,"44.0% [42.0, 46.1]",-5.6,0.000,yes,6/6,-5.5 -11.9 -4.0 -5.0 -4.2 -3.4,stable
flow1 <= -0.245 and ret60 <= -32.6 and rsi60 <= 44.4,659,3.7%,"57.4% [53.5, 61.2]",+7.7,0.000,yes,6/6,+7.2 +12.9 +7.7 +4.9 +5.1 +15.1,stable
ret60 <= -19.9 and wday > 4.5 and win1 <= 7.42,672,3.8%,"56.1% [52.4, 59.4]",+6.5,0.000,yes,5/6,+13.7 -2.4 +0.2 +9.6 +4.4 +7.5,stable
flow3 > 0.00848 and flow60 > -0.0749 and rsi14 > 59.6 and size5 > 1.16,766,4.3%,"39.9% [36.6, 43.3]",-9.7,0.000,yes,6/6,-12.4 -10.3 -12.4 -2.3 -9.1 -9.9,stable
adx14 > 29.9 and flow3 <= -0.176 and rsi14 <= 36.8,728,4.1%,"58.1% [54.7, 61.5]",+8.5,0.000,yes,6/6,+9.7 +12.3 +2.4 +12.9 +6.6 +7.8,stable
bb_pctb <= 0.81 and flow15 > 0.152 and rsi14 > 52.4 and rsi60 > 48.4,1724,9.8%,"44.1% [42.0, 46.0]",-5.6,0.000,yes,6/6,-3.3 -8.2 -3.4 -6.0 -4.6 -8.0,stable
adx14 > 18.4 and obv_slope60 <= -0.0743 and rsi14 <= 52.4 and wday > 1.5,2622,14.8%,"55.5% [53.8, 57.2]",+5.8,0.000,yes,6/6,+9.2 +4.1 +1.8 +8.3 +4.6 +7.4,stable
macd_hist <= -2.21 and ret60 <= -20 and rsi14 <= 60.1,486,2.8%,"57.4% [53.3, 61.1]",+7.8,0.000,yes,6/6,+0.7 +8.0 +5.1 +12.9 +16.9 +10.6,stable
bb_pctb > 0.613 and flow15 > 0.152 and ret240 > 7.89 and rsi14 > 60.1,1222,6.9%,"42.5% [39.8, 45.0]",-7.2,0.000,yes,6/6,-10.5 -7.9 -5.4 -8.6 -6.4 -4.9,stable
bb_pctb <= 0.613 and ret15 > -31 and rsi14 <= 33.7,968,5.5%,"55.5% [52.1, 58.8]",+5.8,0.000,yes,6/6,+8.9 +2.9 +3.6 +11.9 +4.9 +5.8,stable
bb_pctb <= 0.613 and ret15 <= -31 and rsi14 <= 33.7,505,2.9%,"57.4% [53.2, 61.3]",+7.8,0.000,yes,6/6,+7.4 +7.9 +6.5 +10.4 +6.0 +8.4,stable
rangepos > 0.93 and rsi60 > 56.4 and vol60 <= 6.99,584,3.3%,"39.0% [35.5, 42.7]",-10.6,0.000,yes,6/6,-13.9 -9.5 -8.0 -9.5 -12.9 -10.6,stable
rangepos <= 0.93 and rsi60 > 56.4 and vol60 <= 6.99,1005,5.7%,"43.6% [40.4, 46.9]",-6.1,0.000,yes,6/6,-12.7 -12.8 -4.7 -4.1 -5.8 -2.4,stable
flow5 <= -0.162 and rangepos <= 0.703 and rsi60 <= 56.4 and win1 <= -8.86,2070,11.7%,"54.8% [52.7, 56.9]",+5.1,0.000,yes,6/6,+5.0 +7.1 +2.6 +5.3 +6.5 +4.8,stable
flow15 > 0.141 and ret60 > 43.2 and rsi14 > 60.1,602,3.4%,"41.0% [37.3, 44.6]",-8.6,0.000,yes,6/6,-12.5 -8.4 -4.1 -10.8 -5.0 -6.5,stable
flow15 > 0.141 and rangepos > 0.734 and ret60 <= 43.2 and rsi14 > 60.1,707,4.0%,"42.7% [39.5, 46.0]",-6.9,0.000,yes,6/6,-7.5 -6.1 -8.8 -3.3 -5.7 -9.0,stable
flow15 <= 0.141 and ret60 <= -74.3 and size5 <= 1.96,561,3.2%,"60.8% [56.6, 65.3]",+11.1,0.000,yes,6/6,+11.6 +9.3 +0.7 +13.1 +6.9 +23.2,stable
flow15 > 0.153 and flow60 > -0.0791 and ret5 <= 6.28 and rsi14 > 59.6,1011,5.7%,"43.0% [40.1, 46.1]",-6.6,0.000,yes,6/6,-10.8 -10.3 -8.4 -10.1 -1.7 -1.0,stable
flow15 <= -0.101 and rsi14 <= 59.6 and rsi60 <= 45.4 and vol240 > 3.7,1381,7.8%,"55.9% [53.2, 58.6]",+6.3,0.000,yes,6/6,+7.6 +5.0 +6.3 +6.1 +7.0 +6.1,stable
bb_pctb > 0.606 and flow15 > 0.132 and ret240 > -5.27 and win1 > 19.8,860,4.9%,"43.3% [40.1, 46.5]",-6.4,0.000,yes,6/6,-6.5 -3.1 -5.4 -8.3 -1.5 -12.9,stable
bb_pctb > 0.606 and flow15 > 0.132 and ret240 > -5.27 and win1 <= 19.8,1462,8.3%,"44.3% [41.5, 46.8]",-5.4,0.000,yes,5/6,-5.8 -11.7 -4.1 -3.2 -9.0 +0.4,stable
adx14 > 37.1 and bb_pctb <= 0.606 and obv_slope60 <= 0.0263,1140,6.5%,"57.4% [55.0, 59.9]",+7.7,0.000,yes,5/6,+9.0 +14.0 -0.8 +9.2 +8.0 +9.5,stable
flow15 > 0.166 and rsi60 > 55.6 and win2 > 6.38,690,3.9%,"42.6% [39.4, 45.9]",-7.0,0.000,yes,6/6,-12.5 -9.4 -0.2 -10.3 -6.0 -3.2,stable
flow15 > 0.166 and rsi60 > 55.6 and win2 <= 6.38,707,4.0%,"42.1% [38.4, 45.8]",-7.5,0.000,yes,6/6,-6.8 -6.9 -12.5 -3.7 -7.1 -7.0,stable
flow15 <= 0.166 and -3.17 < macd_hist <= -2.15 and ret15 <= -5.63,607,3.4%,"58.3% [54.4, 62.2]",+8.7,0.000,yes,6/6,+5.3 +7.4 +7.7 +16.9 +9.2 +5.1,stable
ema_cross > -1.16 and flow5 > -0.104 and rangepos > 0.429 and win4 <= 11.5,4197,23.8%,"45.6% [44.3, 47.1]",-4.0,0.000,yes,6/6,-5.9 -6.2 -2.0 -4.1 -2.4 -4.2,stable
ema_cross <= -1.16 and rangepos <= 0.26 and wday > 3.5,1133,6.4%,"55.2% [52.7, 57.7]",+5.5,0.000,yes,6/6,+10.6 +7.4 +1.9 +8.0 +2.7 +1.5,stable
bb_pctb > 0.853 and rsi60 > 54.8 and stoch14 <= 0.973,721,4.1%,"42.2% [38.9, 45.4]",-7.5,0.000,yes,6/6,-10.4 -1.4 -11.3 -1.8 -11.8 -8.2,stable
0.625 < bb_pctb <= 0.853 and rsi60 > 54.8 and stoch14 <= 0.973,1298,7.3%,"44.4% [41.6, 47.1]",-5.3,0.000,yes,6/6,-8.3 -9.9 -6.2 -4.9 -1.3 -1.8,stable
flow15 > 0.167 and rsi60 > 56.3,1167,6.6%,"41.6% [38.8, 44.3]",-8.1,0.000,yes,6/6,-10.2 -8.3 -7.3 -10.6 -6.6 -7.0,stable
flow15 <= 0.167 and ret240 <= 61.7 and size5 > 1.84,1073,6.1%,"54.9% [51.9, 57.9]",+5.3,0.000,yes,6/6,+3.0 +5.7 +6.9 +8.4 +2.8 +5.7,stable
flow15 <= 0.167 and ret240 <= 61.7 and size5 <= 1.84 and win1 <= -2.97,5199,29.4%,"52.8% [51.5, 54.1]",+3.2,0.000,yes,6/6,+1.6 +5.7 +2.6 +3.6 +3.6 +2.4,stable
flow60 > 0.194 and rsi14 > 58.8,790,4.5%,"41.4% [38.0, 44.6]",-8.2,0.000,yes,6/6,-17.6 -5.3 -8.0 -12.1 -7.9 -3.0,stable
bb_pctb <= 0.585 and nratio5 > 0.755 and rsi14 <= 54.1,4395,24.9%,"53.2% [51.7, 54.7]",+3.6,0.000,yes,6/6,+4.0 +5.2 +3.8 +2.2 +2.6 +4.1,stable
obv_slope60 > 0.208 and rsi14 > 59 and rsi60 > 51.5,1228,7.0%,"42.0% [39.1, 44.7]",-7.6,0.000,yes,6/6,-12.0 -4.1 -9.4 -8.7 -9.4 -3.2,stable
ema_cross <= -2.14 and obv_slope60 <= -0.0661 and ret15 <= -19.3 and rsi60 <= 51.5,1239,7.0%,"57.5% [54.8, 60.1]",+7.8,0.000,yes,6/6,+6.9 +7.5 +8.3 +8.2 +8.3 +10.3,stable
flow1 > -0.365 and rsi60 > 55.9 and size5 > 0.988,976,5.5%,"39.0% [35.9, 42.0]",-10.6,0.000,yes,6/6,-11.9 -13.2 -9.8 -10.2 -11.5 -7.7,stable
ema_cross <= -0.0691 and obv_slope60 <= -0.074 and ret60 <= -45.3 and rsi60 <= 51.6,1309,7.4%,"56.8% [54.2, 59.4]",+7.1,0.000,yes,6/6,+6.9 +8.7 +1.1 +7.7 +6.7 +14.4,stable
flow15 > 0.15 and rsi60 > 55.9 and win2 > 6.71,676,3.8%,"41.6% [38.2, 44.9]",-8.1,0.000,yes,6/6,-12.4 -12.4 -2.1 -11.4 -7.1 -3.1,stable
flow15 > 0.15 and rsi60 > 55.9 and win2 <= 6.71,689,3.9%,"42.4% [38.7, 45.9]",-7.3,0.000,yes,6/6,-7.7 -4.2 -11.7 -5.6 -6.6 -7.2,stable
bb_pctb > 0.623 and flow15 > 0.139 and rsi60 > 55.1 and size5 > 1.16,537,3.0%,"34.8% [31.2, 38.3]",-14.8,0.000,yes,6/6,-14.0 -15.6 -13.8 -18.1 -15.1 -13.0,stable
flow15 <= -0.144 and flow60 <= -0.18 and rsi60 <= 51.9 and stoch14 <= 0.137,434,2.5%,"56.7% [52.5, 60.8]",+7.0,0.001,yes,5/6,-7.3 +14.5 +6.4 +11.2 +5.1 +11.1,stable
bb_pctb <= 0.623 and nratio5 > 0.92 and vol60 <= 4.2,997,5.6%,"54.9% [51.7, 58.1]",+5.2,0.001,yes,6/6,+1.1 +12.0 +2.2 +15.7 +4.1 +3.2,stable
ema_cross <= 0.0295 and ret240 <= -65 and rsi60 <= 44.4 and win2 <= -23.6,367,2.1%,"58.3% [53.3, 63.5]",+8.7,0.001,yes,6/6,+13.2 +4.8 +7.1 +8.4 +9.8 +4.5,stable
nratio5 > 0.589 and obv_slope60 > -0.116 and rangepos <= 0.371 and vratio5 <= 1.06,1226,6.9%,"53.8% [51.3, 56.4]",+4.1,0.001,yes,6/6,+2.3 +12.0 +2.2 +4.3 +3.8 +0.6,stable
adx14 <= 36.6 and rsi60 > 55.9 and size5 > 1.05,570,3.2%,"42.5% [38.0, 46.9]",-7.2,0.001,yes,6/6,-6.3 -18.4 -4.4 -0.6 -9.5 -4.2,stable
flow15 > -0.228 and hour > 17.5 and rsi60 <= 46.7,654,3.7%,"55.7% [52.0, 59.4]",+6.0,0.001,yes,5/6,+9.2 +5.1 +6.8 +10.2 -0.8 +4.7,stable
ema_cross > 0.0589 and flow15 > 0.154 and hour <= 9.5 and rsi14 > 59,993,5.6%,"45.0% [42.2, 48.0]",-4.6,0.001,yes,6/6,-2.1 -11.8 -1.8 -6.5 -1.6 -3.6,stable
ema_cross <= 0.0589 and ret60 <= -20.3 and size5 > 1.05 and vol240 <= 9.47,1113,6.3%,"54.4% [51.5, 57.4]",+4.8,0.001,yes,6/6,+7.6 +5.2 +5.6 +4.5 +0.5 +5.3,stable
bb_pctb > 0.669 and ema_cross <= 3.96 and flow15 > 0.157,1391,7.9%,"45.1% [42.5, 47.9]",-4.6,0.001,yes,6/6,-5.0 -8.7 -5.2 -0.7 -7.8 -0.8,stable
ema_cross <= -2.17 and flow5 <= -0.162 and ret60 > -19.1,946,5.4%,"54.7% [51.6, 57.9]",+5.0,0.001,yes,4/6,+12.4 +7.2 -2.2 +7.3 +4.7 -0.7,
flow15 > 0.133 and ret15 > 6.51 and ret5 > 3.31 and rsi60 > 51.5,1228,7.0%,"45.4% [42.7, 47.9]",-4.3,0.001,yes,6/6,-3.2 -7.2 -2.9 -4.6 -5.6 -1.8,stable
ema_cross <= -2.14 and rsi14 <= 59.6 and vol240 <= 4 and vratio15 <= 0.976,946,5.4%,"54.5% [51.6, 57.7]",+4.9,0.001,yes,6/6,+8.8 +7.6 +0.9 +9.7 +5.3 +3.6,stable
bb_pctb > 0.627 and flow15 > 0.153 and rsi60 > 54.8 and vratio5 <= 1.06,804,4.6%,"44.0% [40.7, 47.4]",-5.6,0.001,yes,5/6,-9.1 -7.4 -8.2 -4.9 -5.7 +0.7,stable
flow15 > 0.206 and rsi14 > 58.7 and rsi60 > 51.5 and win1 <= 40.9,1331,7.5%,"45.2% [42.5, 47.9]",-4.4,0.001,yes,6/6,-7.8 -9.4 -2.3 -2.3 -4.1 -1.8,stable
bb_pctb > 0.81 and flow15 > 0.152 and rsi14 > 52.4 and rsi60 > 48.4,1482,8.4%,"45.8% [43.5, 48.2]",-3.8,0.001,yes,5/6,-5.7 -6.2 -3.7 -4.3 -4.2 +0.6,stable
bb_pctb <= 0.625 and flow15 <= -0.142 and obv_slope60 <= -0.00629 and ret15 > -14,1582,9.0%,"53.2% [50.9, 55.5]",+3.6,0.001,yes,4/6,-0.2 +7.5 -0.6 +2.9 +3.0 +7.3,
ema_cross <= -2.14 and rangepos <= 0.164 and ret15 > -19.3 and rsi60 <= 51.5,951,5.4%,"54.7% [51.7, 57.9]",+5.0,0.001,yes,4/6,+8.2 +8.8 +8.8 -0.3 +5.8 -0.3,
flow15 <= 0.134 and rsi60 <= 55.9 and vol15 > 8.81 and win4 <= -9.51,347,2.0%,"58.8% [53.7, 64.0]",+9.2,0.001,yes,3/3,+12.6 - - +7.8 - +13.6,stable
flow15 > -0.0816 and ret15 > 27 and rsi60 > 56.3,636,3.6%,"43.9% [39.9, 47.3]",-5.8,0.002,yes,6/6,-8.4 -2.8 -11.2 -6.9 -0.8 -5.4,stable
flow15 <= -0.0847 and rsi14 > 32.9 and rsi60 <= 51.9,4296,24.3%,"51.7% [50.3, 53.2]",+2.1,0.002,yes,6/6,+1.4 +3.0 +2.2 +1.4 +3.2 +1.5,stable
ema_cross <= 2.11 and macd_hist <= -1.18 and size5 <= 0.664 and vol240 <= 10.3,676,3.8%,"55.5% [51.8, 59.2]",+5.8,0.002,yes,5/6,-1.0 +5.7 +13.3 +9.5 +0.7 +10.4,stable
adx14 <= 36.6 and rsi60 > 55.9 and size5 <= 1.05,798,4.5%,"44.6% [41.3, 47.6]",-5.0,0.002,yes,6/6,-10.1 -5.0 -6.1 -4.0 -5.6 -0.9,stable
atr14 > 8.17 and flow15 <= 0.166 and rangepos <= 0.137,467,2.6%,"57.8% [52.5, 62.8]",+8.2,0.002,yes,5/5,+8.9 +7.9 +9.7 +8.3 +13.1 -,stable
ret60 > -32.6 and rsi60 <= 44.4,1005,5.7%,"54.3% [51.3, 57.6]",+4.7,0.002,yes,5/6,+16.3 +3.9 +5.7 -1.3 +4.3 +2.5,stable
flow15 <= 0.141 and size5 > 1.96,1019,5.8%,"54.6% [51.5, 57.7]",+4.9,0.002,yes,6/6,+2.3 +4.9 +5.7 +9.1 +2.0 +6.6,stable
ema_cross <= -0.0691 and obv_slope60 <= -0.074 and ret60 > -45.3 and rsi60 <= 51.6,2834,16.0%,"52.3% [50.6, 54.1]",+2.7,0.002,yes,6/6,+1.9 +4.0 +2.3 +1.7 +3.6 +2.3,stable
flow15 <= 0.143 and 59.6 < rsi14 <= 62.2,544,3.1%,"43.4% [39.3, 47.6]",-6.3,0.003,yes,5/6,-15.8 +2.4 -8.8 -7.1 -3.4 -5.6,stable
bb_pctb <= 0.626 and flow3 <= 0.0229 and obv_slope60 <= 0.0242 and rsi14 > 32.6,3516,19.9%,"51.8% [50.2, 53.4]",+2.2,0.003,yes,5/6,+0.6 +4.3 +2.1 +3.1 +4.3 -1.4,stable
flow15 > 0.155 and flow3 > 0.426 and rsi14 > 60.1,740,4.2%,"43.9% [40.2, 47.5]",-5.7,0.003,yes,6/6,-1.9 -14.4 -3.6 -6.5 -8.4 -0.6,stable
rsi60 > 51.5 and win1 > 40.9,490,2.8%,"43.7% [39.3, 47.6]",-6.0,0.003,yes,6/6,-8.3 -3.0 -15.1 -2.8 -4.0 -5.5,stable
bb_pctb > 0.619 and rsi60 > 51.3 and win1 > 42.4,442,2.5%,"43.2% [38.9, 47.3]",-6.4,0.003,yes,6/6,-8.2 -5.4 -16.0 -4.0 -6.3 -2.7,stable
flow60 <= -0.0799 and ret60 <= -19.9 and wday <= 4.5 and win1 <= 7.42,1728,9.8%,"52.9% [50.6, 55.1]",+3.3,0.003,yes,6/6,+0.2 +5.5 +0.9 +5.7 +3.9 +5.0,stable
adx14 <= 37.1 and bb_pctb <= 0.606 and macd_hist <= -2.02 and obv_slope60 <= 0.0263,609,3.4%,"55.0% [51.6, 58.7]",+5.4,0.003,yes,6/6,+4.0 +6.6 +11.8 +8.5 +0.3 +3.2,stable
atr14 <= 4.79 and flow60 <= 0.194 and rsi14 > 58.8 and stoch14 <= 0.973,1218,6.9%,"45.9% [43.4, 48.4]",-3.7,0.003,yes,6/6,-6.9 -8.9 -1.8 -4.2 -1.8 -2.9,stable
bb_pctb > 0.623 and flow15 > 0.139 and rsi60 <= 55.1 and win3 > 2.08,656,3.7%,"44.4% [41.1, 47.8]",-5.3,0.003,yes,5/6,-8.4 -6.5 -4.7 -9.2 +0.3 -1.4,stable
ema_cross > 2.28 and macd_hist > -1.17 and rsi60 > 47.6 and vol60 <= 6.07,2859,16.2%,"47.0% [45.2, 48.9]",-2.6,0.004,yes,6/6,-4.8 -4.7 -1.7 -0.8 -2.6 -1.2,stable
adx14 > 23.2 and flow15 <= -0.149 and nratio5 <= 0.946 and rsi60 <= 47.6,1055,6.0%,"54.1% [50.9, 57.3]",+4.5,0.004,yes,5/6,+7.8 +7.6 +1.9 +5.3 -0.3 +5.6,stable
ema_cross <= -2.17 and flow15 > -0.159 and vol240 <= 8.7 and wday > 2.5,1054,6.0%,"54.1% [51.0, 57.4]",+4.4,0.004,yes,5/6,+6.7 -2.3 +4.5 +6.6 +5.8 +4.3,stable
obv_slope60 <= 0.219 and rsi60 > 56 and stoch14 > 0.81,614,3.5%,"43.8% [39.7, 48.0]",-5.8,0.004,yes,5/6,-9.9 -14.1 -6.3 +3.6 -8.4 -2.6,stable
flow15 <= 0.157 and ret60 > -36.6 and rsi14 <= 32.6,661,3.7%,"55.2% [51.1, 59.1]",+5.6,0.004,yes,6/6,+3.9 +5.1 +7.7 +6.5 +0.3 +6.8,stable
bb_pctb <= 0.521 and ema_cross <= -1.21 and obv_slope60 <= 0.0284 and ret240 > -45.9,2640,14.9%,"52.1% [50.4, 53.8]",+2.4,0.004,yes,5/6,+4.1 +3.0 -2.2 +6.2 +1.1 +3.0,stable
flow15 <= -0.0668 and obv_slope60 <= -0.0743 and rsi14 > 33.9 and rsi60 <= 51.5,2356,13.3%,"52.4% [50.4, 54.4]",+2.8,0.004,yes,6/6,+2.2 +4.6 +2.0 +3.5 +2.5 +2.0,stable
atr14 <= 5.38 and obv_slope60 > 0.0333 and win1 > 7.42,1358,7.7%,"46.0% [43.6, 48.6]",-3.6,0.004,yes,5/6,-5.4 -3.3 -3.6 +1.2 -6.4 -3.3,stable
flow15 <= 0.15 and rsi60 > 55.9,1153,6.5%,"45.4% [42.3, 48.2]",-4.3,0.004,yes,5/6,-8.8 -9.8 -5.3 +1.9 -6.0 -0.5,stable
ema_cross <= -2.17 and flow15 <= -0.159 and flow3 > -0.352 and vol240 <= 8.7,1367,7.7%,"53.5% [50.6, 56.2]",+3.8,0.005,yes,4/6,+3.5 +11.2 -0.9 +4.3 -1.0 +7.6,
ema_cross <= -0.925 and flow60 <= -0.0334 and rangepos <= 0.37 and vol240 <= 3.62,688,3.9%,"54.8% [51.2, 58.5]",+5.2,0.005,yes,4/5,- +13.5 -0.1 +14.3 +5.4 +1.8,stable
adx14 > 24.7 and bb_pctb > 0.229 and rsi14 <= 59.6 and win1 <= -5.68,1408,8.0%,"53.3% [50.7, 55.9]",+3.7,0.005,yes,6/6,+7.1 +3.8 +0.7 +3.5 +1.1 +6.8,stable
atr14 > 5.38 and flow15 > 0.154 and vwap_dev60 <= 44 and win1 > 7.42,984,5.6%,"45.1% [41.8, 48.6]",-4.5,0.005,yes,4/6,-2.1 -8.4 +4.8 -9.8 +3.5 -10.7,
atr14 > 4.79 and flow60 <= 0.194 and rsi14 > 58.8 and stoch14 <= 0.973,1241,7.0%,"46.2% [43.7, 48.8]",-3.5,0.005,yes,6/6,-4.4 -4.0 -6.0 -2.3 -0.7 -2.9,stable
obv_slope60 > 0.208 and rsi14 <= 59 and rsi60 > 51.5,1093,6.2%,"45.5% [42.5, 48.4]",-4.2,0.005,yes,5/6,-2.3 -3.9 +0.7 -7.8 -8.4 -4.6,stable
bb_pctb <= 0.623 and vratio5 > 1.79 and win3 <= -4.45,524,3.0%,"56.1% [51.3, 60.8]",+6.5,0.005,yes,6/6,+9.5 +9.6 +1.3 +6.0 +6.4 +7.0,stable
flow15 > -0.144 and macd_hist > -1.93 and ret15 <= -13.5 and rsi60 <= 51.9,751,4.3%,"54.7% [51.1, 58.5]",+5.1,0.006,yes,1/6,+6.1 -2.7 +7.8 +3.9 +10.3 +7.1,
adx14 > 35.2 and ema_cross > 0.0295 and hour > 6.5 and rsi60 > 55.9,939,5.3%,"45.4% [42.4, 48.2]",-4.3,0.006,yes,6/6,-7.9 -2.7 -5.1 -0.8 -6.7 -2.9,stable
bb_pctb <= 0.836 and nratio5 <= 0.578 and rsi60 > 54.9,590,3.3%,"43.9% [40.1, 48.0]",-5.7,0.006,yes,6/6,-12.6 -21.1 -3.7 -1.1 -1.7 -1.0,stable
obv_slope60 <= 0.219 and rsi60 > 56 and stoch14 <= 0.81,683,3.9%,"43.9% [39.9, 48.0]",-5.7,0.006,yes,5/6,-12.2 -18.0 -8.8 -1.6 +3.7 -2.3,stable
rangepos <= 0.372 and rsi14 <= 59.6 and vratio5 > 0.328 and win1 > -5.68,2294,13.0%,"52.1% [50.2, 54.2]",+2.5,0.006,yes,4/6,+8.9 +2.9 +3.9 -2.5 +2.1 -0.2,
bb_pctb <= 0.92 and macd_hist > 0.0703 and 50.5 < rsi60 <= 56,2171,12.3%,"47.0% [45.1, 48.9]",-2.7,0.006,yes,5/6,-1.0 -4.6 -2.7 -7.2 +1.3 -2.5,stable
rangepos > 0.133 and rsi14 <= 36.9 and vol240 > 3.62,842,4.8%,"53.8% [51.0, 56.9]",+4.2,0.006,yes,5/6,+5.7 -3.5 +12.7 +0.3 +6.3 +6.7,stable
bb_pctb > 0.626 and flow60 <= 0.189 and ret5 <= 0.325 and win1 <= 40.7,1130,6.4%,"45.8% [43.0, 48.8]",-3.9,0.006,yes,5/6,-5.2 -6.7 -5.7 -3.9 -3.8 +1.8,stable
flow15 <= -0.0685 and flow60 <= -0.254 and obv_slope60 <= -0.116,788,4.5%,"54.4% [50.8, 57.9]",+4.8,0.007,yes,5/6,+4.9 -2.7 +2.0 +13.6 +4.4 +8.3,stable
ret60 > -37.2 and rsi14 <= 32.7,712,4.0%,"54.6% [51.0, 58.3]",+5.0,0.007,yes,6/6,+3.0 +2.9 +7.0 +5.4 +2.8 +5.8,stable
bb_pctb > 0.623 and flow60 <= 0.182 and ret5 <= 0.447 and size5 <= 0.887,685,3.9%,"44.5% [40.8, 48.4]",-5.1,0.008,yes,5/6,-10.5 -7.6 -6.7 -3.9 -4.4 +4.8,stable
atr14 > 5.27 and hour > 10.5 and rsi60 > 55.9,741,4.2%,"44.9% [41.4, 48.4]",-4.7,0.008,yes,6/6,-10.3 -4.6 -3.5 -0.6 -2.2 -6.7,stable
ema_cross <= 2.11 and flow15 <= -0.212 and macd_hist > -1.18 and rsi14 <= 38.4,698,4.0%,"54.0% [50.6, 57.4]",+4.4,0.008,yes,5/6,+9.5 +4.2 +4.4 +3.7 -2.2 +6.8,stable
bb_pctb <= 0.626 and ret60 > -38.3 and rsi14 <= 32.6,700,4.0%,"54.6% [50.8, 58.4]",+4.9,0.008,yes,6/6,+3.0 +2.5 +7.4 +4.5 +1.1 +6.6,stable
ema_cross > -1.16 and -0.2 < flow5 <= -0.104 and rangepos > 0.429,619,3.5%,"44.6% [41.1, 48.5]",-5.0,0.008,yes,0/6,-9.7 -2.5 -11.2 -2.6 -3.6 -1.9,
flow15 <= 0.134 and rsi60 <= 55.9 and size5 > 1.93 and vol15 <= 8.81,917,5.2%,"54.1% [50.7, 57.4]",+4.5,0.008,yes,6/6,+1.9 +7.3 +4.3 +5.3 +1.1 +6.9,stable
bb_pctb <= 0.623 and vratio5 > 1.79 and win3 > -4.45,763,4.3%,"54.1% [50.9, 57.4]",+4.5,0.008,yes,6/6,+3.1 +2.8 +4.6 +3.4 +1.8 +10.0,stable
ema_cross <= 0.0589 and ret60 <= -20.3 and size5 <= 1.05 and vol240 <= 9.47,2086,11.8%,"52.4% [50.3, 54.6]",+2.8,0.009,yes,6/6,+2.2 +1.3 +0.6 +3.6 +5.1 +4.5,stable
bb_pctb <= 0.607 and ema_cross > -5.75 and flow15 <= -0.0816 and nratio5 <= 0.95,3106,17.6%,"51.6% [50.0, 53.2]",+2.0,0.010,yes,5/6,-0.7 +4.4 +0.9 +3.9 +1.2 +2.0,stable
flow15 <= -0.228 and flow60 > -0.163 and rsi60 <= 46.7,729,4.1%,"54.3% [50.5, 57.9]",+4.7,0.010,yes,5/6,+9.6 +9.7 -0.0 +1.6 +3.5 +4.5,stable
flow5 > -0.0203 and hour <= 9.5 and rsi14 > 60.1,1158,6.6%,"46.2% [43.5, 48.7]",-3.4,0.010,yes,6/6,-5.2 -6.8 -2.3 -2.7 -0.3 -3.4,stable
flow15 <= 0.0425 and flow60 > -0.0583 and rsi14 > 58.7,627,3.5%,"44.7% [40.5, 48.6]",-5.0,0.011,yes,6/6,-6.6 -6.1 -7.5 -6.5 -0.4 -4.8,stable
flow15 > 0.155 and flow3 <= 0.426 and rsi14 > 60.1,1253,7.1%,"46.5% [43.9, 49.1]",-3.1,0.013,yes,5/6,-6.8 -4.0 -1.4 -5.1 +0.8 -2.5,stable
adx14 > 18.4 and obv_slope60 <= -0.0743 and rsi14 <= 52.4 and wday <= 1.5,1126,6.4%,"53.1% [50.2, 56.3]",+3.5,0.013,yes,6/6,+3.0 +6.7 +6.7 +0.6 +4.4 +2.5,stable
obv_slope60 <= -0.224 and 36.8 < rsi14 <= 59.6 and win2 <= -12.7,603,3.4%,"54.6% [50.7, 58.4]",+4.9,0.014,yes,5/6,+7.6 +3.2 +4.3 +8.2 -0.8 +5.1,stable
bb_pctb <= 0.111 and rangepos <= 0.691 and vwap_dev60 <= -20.7,576,3.3%,"54.7% [50.4, 58.7]",+5.0,0.014,yes,5/6,-3.0 +16.5 +3.6 +5.4 +9.3 +6.4,stable
adx14 > 34.1 and rangepos <= 0.892 and stoch14 <= 0.436 and vratio5 <= 1.17,1040,5.9%,"53.3% [50.4, 56.3]",+3.6,0.015,yes,6/6,+3.2 +8.8 +2.6 +4.8 +1.6 +2.3,stable
obv_slope60 <= 0.208 and rsi60 > 52.3 and stoch14 > 0.837,1296,7.3%,"46.6% [44.2, 49.0]",-3.0,0.015,yes,6/6,-3.6 -4.2 -1.5 -2.8 -3.5 -2.9,stable
ema_cross > 3.96 and flow15 > 0.157 and vratio15 <= 1.26,987,5.6%,"45.7% [42.4, 48.9]",-3.9,0.016,yes,5/6,-3.8 -6.4 -0.5 -8.9 -0.5 +1.0,stable
bb_pctb <= 0.836 and nratio5 > 0.578 and rsi60 > 54.9 and vol60 > 5.99,687,3.9%,"45.1% [41.3, 48.9]",-4.5,0.017,yes,6/6,-2.0 -6.0 -3.8 -7.4 -6.6 -0.9,stable
flow15 > 0.161 and 0.0657 < obv_slope60 <= 0.23 and rsi14 > 60.1,608,3.4%,"44.9% [40.9, 48.7]",-4.7,0.018,yes,4/6,-12.6 -13.3 +2.4 -0.9 +2.2 -5.3,
rsi14 <= 58.7 and rsi60 <= 47.5 and size5 <= 0.589,1096,6.2%,"53.3% [50.1, 56.4]",+3.6,0.018,yes,5/6,+6.3 +5.6 +6.0 +5.7 +1.6 -4.2,stable
rsi14 <= 59.6 and rsi60 <= 45.4 and vol240 <= 3.7,1119,6.3%,"53.0% [50.1, 56.1]",+3.4,0.018,yes,4/6,+18.6 +8.3 -0.6 -1.2 +2.5 +4.1,
ema_cross > -0.925 and flow60 <= -0.0334 and macd_hist > 0.602 and rangepos <= 0.37,710,4.0%,"53.8% [50.1, 57.3]",+4.2,0.020,yes,5/6,+9.6 -5.4 +9.3 +2.1 +3.1 +6.0,stable
bb_pctb <= 0.626 and flow3 > 0.0229 and rsi14 > 32.6 and win2 <= -6.9,1063,6.0%,"53.0% [50.1, 55.8]",+3.3,0.020,yes,4/6,+9.4 -0.7 +1.3 +0.3 -0.6 +12.1,
flow15 <= -0.0801 and hour > 8.5 and rsi14 <= 54.1 and vratio15 <= 0.635,1398,7.9%,"52.4% [50.0, 54.8]",+2.7,0.020,yes,6/6,+2.2 +5.1 +2.8 +3.1 +0.1 +3.7,stable
ema_cross > -2.92 and flow15 > 0.0986 and rsi60 <= 55.9 and vratio15 > 0.867,1424,8.1%,"46.6% [44.1, 49.3]",-3.0,0.022,yes,6/6,-2.5 -2.8 -0.8 -5.7 -1.4 -5.4,stable
rsi14 <= 36.8 and vol60 <= 3.58,945,5.3%,"53.2% [50.2, 56.4]",+3.6,0.022,yes,6/6,+6.5 +6.1 +2.4 +6.2 +0.8 +3.3,stable
atr14 > 2.59 and ema_cross > 0.0295 and rsi60 <= 55.9 and vratio15 <= 0.431,1024,5.8%,"46.4% [43.5, 49.4]",-3.3,0.023,yes,6/6,-0.9 -2.9 -3.5 -5.4 -4.8 -0.3,stable
rsi60 > 51.6 and size5 <= 0.988 and vol15 <= 3.48,1745,9.9%,"47.2% [45.0, 49.3]",-2.5,0.023,yes,5/6,+3.5 -4.3 -4.9 -2.4 -2.2 -0.9,stable
flow3 > -0.0826 and obv_slope60 <= 0.115 and rsi60 > 55.6,608,3.4%,"45.4% [41.8, 49.3]",-4.2,0.024,yes,4/6,+0.7 -12.5 -8.9 -5.0 +2.8 -4.3,
flow15 <= 0.155 and ret240 > 75 and rsi14 > 54.1,608,3.4%,"45.1% [40.8, 49.1]",-4.6,0.027,yes,6/6,-6.4 -2.6 -5.1 -3.0 -8.7 -2.0,stable
ema_cross <= -1.16 and hour > 11.5 and obv_slope60 <= -0.125 and rangepos > 0.26,536,3.0%,"54.5% [50.1, 59.0]",+4.8,0.027,yes,6/6,+5.4 +1.1 +3.3 +3.0 +4.4 +10.9,stable
flow3 > -0.176 and rsi14 <= 36.8,884,5.0%,"53.3% [50.0, 56.5]",+3.6,0.028,yes,5/6,+7.2 -4.3 +6.0 +5.5 +2.4 +3.7,stable
flow15 > 0.167 and rsi60 <= 56.3 and vratio15 <= 0.613 and win4 > 0.125,631,3.6%,"45.3% [41.4, 49.0]",-4.3,0.028,yes,5/6,-3.1 -8.0 -9.5 +5.2 -2.9 -4.7,stable
nratio5 <= 0.755 and rangepos <= 0.687 and rsi14 <= 58.8 and stoch14 <= 0.285,2354,13.3%,"51.8% [49.8, 53.8]",+2.2,0.029,yes,6/6,+3.9 +3.1 +0.2 +4.4 +0.8 +0.9,stable
flow15 > -0.0804 and 46.7 < rsi60 <= 55.9 and vratio15 <= 0.427,1836,10.4%,"47.5% [45.6, 49.5]",-2.1,0.031,yes,5/6,-1.9 -4.7 -0.1 -3.4 +0.3 -2.5,stable
bb_pctb > 0.627 and flow15 <= 0.153 and rsi60 > 54.8,1007,5.7%,"46.3% [43.0, 49.3]",-3.4,0.033,yes,5/6,-7.2 -6.2 -5.5 +3.0 -3.0 -3.0,stable
macd_hist <= -0.774 and ret240 <= 29.7 and ret60 > -19.9 and win1 <= 7.42,1795,10.2%,"52.0% [49.8, 54.1]",+2.3,0.033,yes,5/6,-1.4 +5.6 +4.3 +3.2 +1.9 +1.0,stable
bb_pctb <= 0.238 and ema_cross <= -2.17 and vol240 > 8.7,305,1.7%,"55.4% [50.2, 60.8]",+5.8,0.034,yes,2/3,+5.2 - - +9.3 - -5.9,
flow15 <= 0.161 and macd_hist <= 0.651 and rsi14 > 60.1,622,3.5%,"45.5% [41.6, 49.3]",-4.1,0.034,yes,6/6,-3.7 -5.9 -4.2 -2.6 -5.8 -3.0,stable
ema_cross <= -2.17 and flow5 > -0.162 and hour <= 12.5 and ret15 <= -13.5,676,3.8%,"53.4% [49.9, 57.0]",+3.8,0.034,yes,0/6,+0.4 +3.3 +5.8 +6.1 +2.8 +7.4,
bb_pctb > 0.623 and flow15 > 0.139 and rsi60 > 55.1 and size5 <= 1.16,932,5.3%,"46.1% [42.8, 49.7]",-3.5,0.034,yes,6/6,-4.8 -7.5 -3.0 -1.1 -3.7 -1.6,stable
macd_hist <= -2.12 and obv_slope60 > -0.0986 and rsi60 <= 51.5,481,2.7%,"54.1% [49.8, 58.1]",+4.4,0.038,yes,5/6,+2.8 +6.7 +0.7 +11.0 +7.4 -7.4,stable
bb_pctb > 0.619 and flow15 <= 0.154 and rsi60 > 51.3 and win1 <= 42.4,2017,11.4%,"47.5% [45.3, 49.6]",-2.1,0.040,yes,5/6,-4.1 +1.1 -3.1 -3.9 -1.8 -1.7,stable
flow60 > -0.0334 and rangepos <= 0.37 and vol60 <= 5.01,1497,8.5%,"52.0% [49.5, 54.5]",+2.4,0.042,yes,4/6,+2.1 +6.7 +2.7 -1.0 +5.3 -2.0,
flow5 > -0.0203 and hour > 9.5 and rsi14 > 60.1 and win3 > 0.907,794,4.5%,"46.1% [42.7, 49.5]",-3.5,0.042,yes,5/6,-13.9 -1.7 -1.9 -3.0 +1.4 -4.0,stable
rsi14 <= 33.9 and rsi60 <= 51.5 and win2 > -3.14,628,3.6%,"53.5% [49.7, 57.5]",+3.9,0.044,yes,5/6,-5.0 +7.1 +7.3 +13.5 +3.2 +0.0,stable
adx14 > 21.5 and flow60 <= 0.163 and macd_hist > 0.405 and rsi60 > 51.5,1357,7.7%,"47.2% [44.6, 49.6]",-2.5,0.046,yes,5/6,-3.3 -6.8 -0.8 -1.8 +1.5 -3.9,stable
ret240 > 113 and rsi14 <= 58.7 and rsi60 > 51.5 and win1 <= 40.9,551,3.1%,"45.6% [41.4, 49.5]",-4.1,0.046,yes,5/6,+1.7 -7.5 -9.3 -6.9 -3.9 -5.2,stable
flow3 <= -0.171 and rsi14 <= 54.1 and vratio15 > 0.635 and vwap_dev60 > -28.1,2340,13.2%,"51.5% [49.6, 53.4]",+1.8,0.047,yes,6/6,+0.7 +2.8 +0.8 +0.5 +5.7 +0.5,stable
flow5 > 0.0168 and rsi14 > 53.5 and rsi60 > 56 and size5 <= 1.01,825,4.7%,"46.5% [43.4, 49.4]",-3.1,0.049,yes,5/6,-6.5 -4.8 -3.0 +2.4 -6.4 -0.6,stable
atr14 > 5.38 and vwap_dev60 > 44 and win1 > 7.42,383,2.2%,"44.9% [40.0, 49.5]",-4.7,0.050,yes,3/5,-8.4 -8.4 - +0.2 -7.2 +2.4,
flow15 > 0.166 and flow3 > 0.311 and flow5 > 0.423 and obv_slope60 <= 0.218,817,4.6%,"46.3% [42.9, 49.7]",-3.4,0.051,yes,5/6,-4.7 -11.5 -0.0 -3.0 +3.5 -3.0,stable
ema_cross <= 0.0589 and ret60 <= -20.3 and vol240 > 9.47,339,1.9%,"54.6% [49.7, 59.7]",+4.9,0.053,yes,3/3,+6.0 - - +6.2 - +9.7,stable
ema_cross > 0.0589 and hour > 9.5 and ret5 > 6.34 and rsi14 > 59,1086,6.1%,"46.9% [44.0, 49.8]",-2.8,0.054,yes,6/6,-3.6 -3.4 -1.7 -0.8 -1.8 -5.1,stable
flow15 > 0.157 and flow60 > -0.0583 and rangepos <= 0.807 and rsi14 > 58.7,993,5.6%,"46.5% [43.3, 49.9]",-3.1,0.056,yes,3/6,+1.0 -11.4 +0.2 -4.5 -5.7 +0.2,
rangepos > 0.37 and ret15 <= -20 and rsi60 <= 55.9,686,3.9%,"53.4% [49.5, 57.3]",+3.7,0.058,yes,6/6,+1.7 +2.9 +11.7 +3.4 +3.9 +4.9,stable
ema_cross > -2.92 and flow15 <= 0.0986 and rsi60 <= 55.9 and vratio15 > 0.867,2138,12.1%,"51.5% [49.5, 53.4]",+1.9,0.059,yes,5/6,+1.8 +5.0 +2.3 -4.5 +3.4 +2.5,stable
rsi60 > 56.4 and vol60 > 6.99,582,3.3%,"46.0% [42.1, 49.7]",-3.6,0.062,yes,5/6,-6.2 -1.0 -12.5 -3.7 -4.7 +3.8,stable
flow15 > 0.153 and flow60 > -0.0791 and ret5 > 6.28 and rsi14 > 59.6,878,5.0%,"46.8% [43.8, 49.7]",-2.8,0.062,yes,4/6,+0.1 -7.4 +3.0 -1.2 -6.7 -4.2,
flow15 > -0.144 and macd_hist <= -1.93 and rsi60 <= 51.9,473,2.7%,"53.7% [49.5, 58.3]",+4.1,0.064,,6/6,+0.4 +4.6 +5.1 +9.5 +3.6 +2.1,
bb_pctb <= 0.619 and flow1 <= -0.319 and rangepos <= 0.802 and rsi60 > 51.3,680,3.8%,"46.0% [42.2, 50.1]",-3.6,0.066,,1/6,-8.7 +1.8 -1.7 -3.0 -10.2 -0.7,
ema_cross <= -0.768 and rsi14 <= 35.1 and vol15 <= 3.77,857,4.9%,"52.7% [49.3, 56.1]",+3.1,0.067,,5/6,-0.7 +5.3 +0.7 +9.2 +1.8 +3.1,
flow3 > 0.142 and rsi14 > 53.5 and rsi60 <= 56 and vol60 <= 3.43,956,5.4%,"47.1% [44.4, 49.8]",-2.6,0.069,,0/6,-8.1 -3.1 -2.9 -4.7 -2.2 -0.3,
rangepos <= 0.691 and stoch14 > 0.107 and -20.7 < vwap_dev60 <= -5.5,2813,15.9%,"51.1% [49.4, 52.9]",+1.5,0.073,,4/6,+3.6 +2.4 +1.1 +3.6 -1.1 -1.1,
bb_pctb <= 0.625 and flow15 <= -0.142 and ret15 <= -14 and vol60 > 6.86,526,3.0%,"53.0% [49.5, 57.0]",+3.4,0.073,,5/6,+7.1 +0.7 +0.7 +3.5 -6.9 +9.7,
ret5 <= 12.2 and rsi60 > 46.1 and win2 > 29.6 and win4 <= 19,665,3.8%,"46.2% [42.4, 50.2]",-3.5,0.075,,1/6,+1.2 -4.7 -0.9 -6.2 -3.0 -8.6,
flow3 <= 0.00848 and flow60 > -0.0749 and rsi14 > 59.6,736,4.2%,"46.5% [42.9, 50.4]",-3.2,0.075,,5/6,-8.3 -7.9 -2.2 -6.4 -4.4 +6.1,
adx14 <= 29.9 and flow3 <= -0.176 and rsi14 <= 36.8,647,3.7%,"53.2% [49.3, 57.1]",+3.5,0.076,,6/6,+4.8 +3.9 +3.1 +5.6 +2.6 +1.1,
rsi60 <= 46.1 and vwap_dev60 > -8.25,1087,6.2%,"52.3% [49.3, 55.5]",+2.7,0.077,,5/6,+14.2 -4.9 +0.3 +1.7 +4.9 +3.5,
flow5 <= -0.164 and 43.9 < rsi60 <= 46.1 and vwap_dev60 <= -8.25,521,2.9%,"53.2% [48.9, 57.4]",+3.5,0.084,,5/6,-2.0 +4.3 +3.1 +1.4 +11.1 +7.6,
atr14 > 2.56 and bb_pctb > 0.623 and flow15 <= 0.139 and vol60 <= 5.48,1658,9.4%,"47.6% [45.3, 50.0]",-2.1,0.084,,6/6,-2.5 -0.0 -0.8 -4.0 -1.5 -5.3,
ema_cross > -1.16 and flow1 <= -0.0177 and flow3 > -0.176 and rangepos <= 0.429,723,4.1%,"53.1% [49.1, 57.1]",+3.5,0.085,,3/6,-3.5 +7.2 +8.3 -0.7 +8.5 -0.7,
nratio5 <= 1.26 and ret5 > 12.2 and rsi60 > 46.1,738,4.2%,"46.7% [43.5, 50.1]",-2.9,0.086,,5/6,-1.8 -2.9 +8.2 -8.5 -0.3 -0.3,
flow5 <= 0.0168 and rsi14 > 53.5 and rsi60 > 56,663,3.8%,"46.2% [42.0, 50.1]",-3.5,0.090,,6/6,-4.1 -6.5 -0.4 -4.2 -4.1 -2.5,
bb_pctb <= 0.606 and nratio5 > 0.643 and obv_slope60 > 0.0263 and stoch14 > 0.373,731,4.1%,"46.9% [43.7, 50.3]",-2.7,0.091,,1/6,-1.1 +3.8 -4.2 -8.4 -4.8 -3.2,
ema_cross > 2.11 and rsi60 > 55.9 and size5 <= 1.01,1072,6.1%,"47.3% [44.5, 50.0]",-2.3,0.098,,4/6,-3.3 -6.5 -1.5 +1.0 -6.8 +3.0,
bb_pctb <= 0.627 and 0.643 < vratio15 <= 0.755,975,5.5%,"52.3% [49.2, 55.6]",+2.7,0.099,,5/6,+1.0 +5.2 +0.2 +11.0 +2.2 -3.4,
rsi14 <= 36.9 and vol240 <= 3.62,835,4.7%,"52.5% [48.9, 56.0]",+2.8,0.102,,3/5,- +7.3 -0.5 +10.8 -1.3 +3.4,
adx14 <= 18.8 and flow15 <= -0.0685 and obv_slope60 > -0.116 and wday > 1.5,927,5.2%,"47.1% [44.0, 50.4]",-2.5,0.106,,1/6,-4.0 -0.4 +1.5 -7.1 -2.1 -2.2,
rangepos <= 0.892 and stoch14 > 0.436 and -9.8 < win4 <= 1.65,2587,14.6%,"48.3% [46.7, 50.0]",-1.3,0.107,,5/6,-2.5 -0.6 -0.8 -6.8 +0.2 -0.0,
bb_pctb > 0.626 and flow60 <= 0.189 and win1 > 40.7,420,2.4%,"46.0% [41.3, 50.2]",-3.7,0.109,,4/5,-2.6 -4.3 - -1.5 -3.1 +0.5,
flow5 > -0.164 and rsi60 <= 46.1 and vwap_dev60 <= -8.25 and win2 <= -22.6,444,2.5%,"53.6% [48.7, 58.9]",+4.0,0.117,,4/6,+12.2 +2.5 +5.4 -0.3 -4.9 +8.2,
ema_cross <= 0.0295 and flow3 > -0.234 and ret240 > -65 and rsi60 <= 44.4,778,4.4%,"52.4% [48.9, 56.0]",+2.8,0.120,,5/6,+8.5 +3.2 -0.3 +0.7 +4.8 +0.8,
ema_cross <= 0.0295 and hour > 15.5 and rsi60 > 44.4 and size5 <= 0.627,742,4.2%,"52.2% [48.8, 55.4]",+2.5,0.123,,4/6,-2.8 +5.0 -0.9 +4.4 +7.3 +0.8,
flow5 > -0.0203 and hour > 9.5 and rsi14 > 60.1 and win3 <= 0.907,782,4.4%,"47.2% [43.9, 50.4]",-2.5,0.132,,5/6,+4.3 -3.2 -10.9 -0.6 -0.8 -1.9,
obv_slope60 <= -0.116 and rangepos <= 0.371 and win3 > 7.19,519,2.9%,"52.8% [48.5, 57.1]",+3.2,0.133,,4/6,+9.7 +3.1 -5.2 +5.2 -2.3 +2.2,
bb_pctb > 0.627 and rsi60 <= 54.8 and size5 <= 1.31 and vol60 > 2.98,2684,15.2%,"48.3% [46.5, 50.1]",-1.4,0.134,,5/6,+1.5 -1.1 -1.9 -4.9 -0.8 -0.3,
bb_pctb <= 0.613 and rsi14 > 33.7 and vol15 > 3.55 and vratio15 <= 0.647,1537,8.7%,"51.3% [48.9, 53.6]",+1.6,0.155,,3/6,-0.8 +9.3 +8.7 +2.7 -3.0 -4.9,
bb_pctb <= 0.521 and ema_cross <= -1.21 and flow3 <= -0.0943 and obv_slope60 > 0.0284,840,4.8%,"51.8% [48.7, 54.8]",+2.1,0.166,,1/6,+2.2 +5.3 -0.7 +2.7 +2.4 +0.2,
flow15 <= -0.144 and flow60 > -0.18 and rsi14 > 34.1 and rsi60 <= 51.9,2096,11.9%,"51.0% [49.0, 53.2]",+1.4,0.173,,5/6,+0.6 +4.7 +0.1 -1.7 +2.0 +3.2,
ret15 <= -3.13 and rsi60 > 51.6 and size5 <= 0.988 and vol15 > 3.48,523,3.0%,"47.2% [43.7, 50.8]",-2.4,0.178,,2/6,-2.0 -8.6 +3.6 -0.4 -8.3 +3.6,
flow15 <= 0.133 and ret15 > 6.51 and rsi60 > 51.5 and win1 <= 13.7,720,4.1%,"47.2% [43.6, 50.8]",-2.4,0.179,,5/6,-3.6 +2.0 -5.3 -7.3 -1.8 -0.7,
rsi14 <= 36.8 and rsi60 <= 50.5 and vol240 <= 3.71,841,4.8%,"52.0% [48.5, 55.6]",+2.3,0.183,,3/5,- +7.7 -0.9 +4.4 -3.1 +3.7,
flow1 > 0.723 and flow15 <= 0.141 and ret60 > -74.3 and size5 <= 1.96,857,4.9%,"51.9% [48.5, 55.2]",+2.3,0.184,,4/6,+2.5 -0.6 +7.1 -1.0 +0.9 +1.4,
flow60 > 0.0418 and rsi14 > 53.5 and rsi60 <= 56 and vol60 > 3.43,1103,6.2%,"47.9% [45.2, 50.5]",-1.8,0.185,,4/6,-3.9 +2.8 -4.2 -4.1 +0.6 -1.6,
flow15 <= 0.153 and flow60 > -0.0791 and rsi14 > 59.6,1085,6.1%,"47.6% [44.7, 50.6]",-2.0,0.186,,5/6,-7.2 +0.6 -3.4 -0.0 -0.4 -1.9,
ema_cross <= -1.16 and rangepos <= 0.26 and wday <= 3.5 and win2 > -4.56,725,4.1%,"52.3% [48.1, 56.1]",+2.6,0.187,,4/6,-4.7 +11.3 +5.2 +6.6 +3.5 -7.0,
adx14 <= 24.5 and flow15 <= -0.0685 and flow60 > -0.254 and obv_slope60 <= -0.116,938,5.3%,"51.8% [48.5, 55.3]",+2.2,0.189,,5/6,-0.9 +7.2 +3.3 +2.4 +1.2 +0.3,
bb_pctb > 0.623 and flow1 > 0.36 and flow60 <= 0.182 and ret5 > 0.447,1794,10.2%,"48.1% [45.8, 50.3]",-1.5,0.190,,4/6,+1.5 -4.7 +0.4 -2.3 -2.5 -1.6,
rsi14 <= 36.8 and rsi60 <= 51.5 and vol240 <= 3.7,851,4.8%,"51.9% [48.5, 55.7]",+2.3,0.190,,3/5,- +7.6 -0.6 +4.4 -3.4 +3.7,
flow15 > 0.142 and -0.0724 < flow60 <= 0.107 and rsi14 > 59.6,765,4.3%,"47.5% [43.9, 50.7]",-2.2,0.191,,4/6,+0.4 -10.8 -1.5 -1.5 -0.6 +0.8,
flow15 > 0.141 and rangepos <= 0.734 and ret60 <= 43.2 and rsi14 > 60.1,778,4.4%,"52.1% [48.4, 55.7]",+2.4,0.192,,2/6,+6.2 -6.6 +5.0 -0.2 +2.6 +6.4,
ema_cross > -2.17 and flow60 <= 0.182 and rsi60 > 55.9 and vol60 > 6.48,527,3.0%,"47.1% [42.8, 50.8]",-2.6,0.198,,5/6,-4.5 -3.7 -5.5 -2.0 -4.4 +4.6,
macd_hist <= 0.0703 and 50.5 < rsi60 <= 56 and vwap_dev60 > 4.94,1379,7.8%,"48.0% [45.4, 50.7]",-1.6,0.203,,2/6,-3.7 +1.2 -0.8 +0.1 -4.0 -2.7,
bb_pctb > 0.623 and flow15 <= 0.139 and vol60 > 5.48 and win1 > 24.9,354,2.0%,"52.5% [48.0, 57.2]",+2.9,0.217,,0/4,+0.9 - - +3.5 +4.3 +10.5,
ret5 <= -17.3 and rsi14 <= 36.8 and vol60 > 3.58,429,2.4%,"52.4% [48.0, 56.8]",+2.8,0.218,,3/6,-0.8 +9.7 +4.6 +7.8 -2.6 -2.5,
flow15 > -0.0685 and flow60 <= 0.2 and macd_hist > -0.000322 and size5 <= 0.895,2948,16.7%,"48.6% [46.9, 50.3]",-1.0,0.221,,3/6,+0.4 -4.7 -3.2 -0.2 +1.2 +0.1,
bb_pctb <= 0.613 and rsi14 > 33.7 and vratio15 > 0.647 and vratio5 <= 0.555,1024,5.8%,"47.8% [44.6, 50.9]",-1.9,0.230,,1/6,-1.5 +2.8 -3.6 -2.8 -2.8 -4.5,
ema_cross <= -2.17 and flow5 > -0.162 and ret15 > -13.5 and ret5 <= 1.88,690,3.9%,"51.9% [48.2, 56.0]",+2.2,0.232,,3/6,+3.8 +3.9 -0.5 -0.0 -2.2 +9.3,
ret60 > -20 and rsi14 <= 60.1 and 0.98 < vratio15 <= 1.16,731,4.1%,"51.8% [48.3, 55.7]",+2.2,0.238,,3/6,-3.9 +10.9 +6.9 -3.6 -0.6 +1.4,
bb_pctb <= 0.623 and flow5 <= -0.394 and nratio5 > 0.643 and vratio5 <= 1.79,838,4.7%,"51.7% [48.5, 55.0]",+2.0,0.242,,5/6,+3.5 +3.4 +1.8 +2.8 +6.0 -5.8,
flow15 > 0.154 and ret240 <= 21.5 and rsi14 > 59.1,1146,6.5%,"48.0% [45.2, 50.9]",-1.6,0.244,,3/6,+1.3 -10.0 -2.3 -2.8 +2.4 +1.3,
flow15 > 0.0958 and flow60 > -0.0494 and ret5 > 5.66 and win1 > 8.85,1062,6.0%,"48.0% [45.2, 50.8]",-1.6,0.249,,5/6,-1.0 -6.6 +2.6 -2.0 -1.9 -0.0,
ema_cross > 0.0589 and flow1 > -0.271 and rsi14 <= 59 and vwap_dev60 <= 3.98,1163,6.6%,"51.2% [48.5, 53.9]",+1.5,0.253,,2/6,+3.0 +2.5 -1.3 -1.1 +1.4 +3.8,
flow15 > 0.143 and ret60 <= 28.4 and rsi14 > 59.6,1253,7.1%,"48.2% [45.7, 50.6]",-1.4,0.266,,4/6,-1.8 -5.1 -2.3 +0.3 -0.2 +0.0,
macd_hist > -2.12 and ret240 <= -199 and rsi60 <= 51.5,193,1.1%,"53.9% [46.6, 62.3]",+4.2,0.276,,1/2,+7.9 - - -0.7 - -,
obv_slope60 <= -0.116 and rangepos <= 0.371 and ret240 > -55.3 and win3 <= -3.29,961,5.4%,"51.3% [48.2, 54.4]",+1.7,0.277,,5/6,+2.2 +3.6 -0.4 +4.2 +1.1 +0.0,
bb_pctb <= 0.669 and ema_cross <= 3.96 and flow15 > 0.157 and vol15 > 3.57,705,4.0%,"47.7% [44.1, 51.1]",-2.0,0.277,,3/6,+1.9 +1.6 -8.3 -3.3 -5.5 +0.3,
rsi60 > 56.2 and size5 <= 1.03 and win1 > 9.29,782,4.4%,"47.8% [44.4, 51.1]",-1.8,0.285,,4/6,-6.5 -7.1 -1.0 +3.7 -1.1 +1.1,
bb_pctb > 0.296 and flow3 > -0.171 and rsi14 <= 54.1 and vratio15 > 0.635,2301,13.0%,"50.6% [48.7, 52.5]",+1.0,0.285,,4/6,+5.2 +2.0 +3.4 -3.6 -3.0 +1.4,
flow15 > -0.0685 and flow3 <= -0.213 and flow60 <= 0.2 and macd_hist <= -0.000322,961,5.4%,"51.3% [48.0, 54.3]",+1.7,0.287,,4/6,-3.0 -0.1 +5.7 +4.7 +0.6 +1.5,
ema_cross <= -2.17 and flow5 <= -0.162 and ret240 > -47.5 and ret60 <= -19.1,784,4.4%,"51.4% [48.1, 54.8]",+1.8,0.287,,6/6,+0.1 +1.8 +1.1 +0.8 +1.8 +7.0,
bb_pctb <= 0.126 and obv_slope60 > -0.0472 and rsi60 <= 51.6,729,4.1%,"51.6% [48.0, 55.3]",+1.9,0.292,,4/6,-1.8 +8.9 +3.3 -3.7 +3.5 +1.2,
ema_cross > -0.768 and flow1 > -0.267 and flow15 <= 0.16 and flow5 <= 0.136,2478,14.0%,"50.6% [48.7, 52.4]",+0.9,0.297,,2/6,+0.4 -0.5 -1.0 +0.5 +2.3 +3.0,
flow1 <= 0.0759 and flow15 <= 0.0958 and vwap_dev60 > 11.3 and win1 > 8.85,447,2.5%,"47.4% [43.4, 51.5]",-2.2,0.303,,2/6,-8.4 -5.4 -5.4 +3.0 +3.4 -0.3,
-32.8 < ret60 <= -25.8 and win1 <= 8.85,646,3.7%,"51.7% [47.7, 55.4]",+2.1,0.317,,4/6,+5.0 -4.8 +3.2 +3.0 -0.2 +5.1,
ema_cross > -0.768 and flow15 > 0.16 and macd_hist > 0.185 and rsi60 <= 55.9,1652,9.4%,"48.4% [46.0, 50.9]",-1.2,0.317,,3/6,+1.0 -6.1 -0.8 -3.5 +1.2 +2.1,
rsi14 > 52.4 and rsi60 <= 48.4,694,3.9%,"51.3% [47.9, 54.9]",+1.7,0.336,,5/6,+6.7 +2.1 +2.4 -5.8 +2.7 +0.9,
rangepos > 0.37 and ret15 > -20 and rsi60 <= 55.9 and size5 > 1.49,1308,7.4%,"48.4% [45.8, 50.9]",-1.2,0.339,,3/6,-5.8 -1.0 +1.3 +0.7 -6.1 +3.1,
flow15 > 0.201 and flow60 <= -0.00176 and rsi60 <= 56.4 and win1 > -8.86,743,4.2%,"47.9% [44.3, 51.6]",-1.7,0.347,,4/6,+1.4 -6.2 -0.4 -3.5 +1.6 -2.0,
macd_hist <= -0.237 and rsi14 <= 59.6 and vratio5 <= 0.328 and win1 > -5.68,600,3.4%,"47.7% [43.6, 51.9]",-2.0,0.352,,3/6,-9.0 +0.9 +5.3 -5.3 +0.7 -7.4,
bb_pctb <= 0.623 and nratio5 <= 0.92 and 0.604 < rangepos <= 0.708,909,5.1%,"48.2% [45.0, 51.3]",-1.5,0.359,,2/6,-1.3 -2.8 +1.0 +0.4 -0.4 -6.2,
ema_cross > 2.11 and flow5 > -0.126 and rsi60 <= 55.9 and win4 <= 8.46,1805,10.2%,"48.6% [46.2, 50.9]",-1.1,0.372,,3/6,+0.6 -4.4 +1.5 -3.4 +4.1 -4.1,
atr14 <= 4.93 and flow15 > -0.149 and rsi60 <= 47.6 and win3 <= 2.7,1170,6.6%,"50.9% [48.3, 53.6]",+1.2,0.373,,2/6,+13.6 -4.3 +2.2 +5.3 +3.0 -2.2,
bb_pctb <= 0.355 and rangepos > 0.763 and 35.2 < rsi14 <= 53.5,565,3.2%,"48.0% [44.2, 51.7]",-1.7,0.375,,4/6,-7.7 -7.6 +2.7 -8.0 -2.0 +8.8,
flow15 <= -0.149 and nratio5 > 0.946 and rsi60 <= 47.6 and size5 <= 1.06,678,3.8%,"51.3% [47.4, 55.3]",+1.7,0.391,,5/6,+0.1 +2.2 +0.3 -2.0 +1.7 +9.7,
ema_cross > 3.64 and flow15 > 0.166 and rsi60 <= 55.6 and win4 <= 7.67,573,3.2%,"47.8% [43.7, 52.2]",-1.8,0.394,,3/6,+1.2 -9.9 +2.0 -4.3 +3.6 -0.3,
flow15 > -0.149 and rsi60 <= 47.6 and win3 > 2.7,832,4.7%,"51.1% [47.5, 54.5]",+1.4,0.396,,4/6,+4.7 -1.8 +0.7 -1.5 +4.5 +2.5,
atr14 > 4.43 and bb_pctb <= 0.613 and ema_cross > -2.17 and flow3 > -0.0096,869,4.9%,"51.2% [47.3, 55.1]",+1.6,0.396,,3/6,+4.9 +4.9 +3.6 -0.6 -6.3 -0.3,
bb_pctb <= 0.606 and nratio5 <= 0.643 and obv_slope60 > 0.0263 and ret240 > 30.8,533,3.0%,"47.8% [43.5, 52.1]",-1.8,0.411,,4/6,-1.5 -6.9 +4.3 -1.2 -6.6 +3.2,
macd_hist > -1.17 and nratio5 > 1.46 and rsi60 > 47.6 and vol60 > 6.07,621,3.5%,"48.0% [43.9, 52.1]",-1.7,0.419,,4/6,-6.0 -0.1 +1.5 +0.5 -2.7 -0.8,
adx14 <= 25.7 and flow15 > 0.166 and flow3 <= 0.311 and obv_slope60 <= 0.218,1022,5.8%,"48.4% [45.3, 51.4]",-1.2,0.432,,4/6,+4.7 -2.0 -2.8 -3.0 -5.1 +0.9,
flow1 <= 0.0759 and flow15 <= 0.0958 and vwap_dev60 <= 11.3 and win1 > 8.85,470,2.7%,"51.5% [46.8, 56.4]",+1.9,0.433,,1/6,+2.1 +2.7 +9.0 -2.1 +0.3 +1.9,
flow3 > 0.00848 and flow60 > -0.0749 and rsi14 > 59.6 and size5 <= 1.16,1458,8.3%,"48.7% [46.2, 51.0]",-0.9,0.436,,4/6,-1.1 -2.6 +1.3 -2.3 +2.1 -2.8,
flow15 <= 0.167 and nratio5 <= 0.624 and 61.7 < ret240 <= 139,415,2.3%,"47.5% [41.8, 53.1]",-2.2,0.440,,4/6,-7.1 -1.0 -0.2 +3.7 -5.3 +0.8,
flow15 > 0.141 and ret15 <= 11.1 and rsi14 <= 60.1 and win1 > 3.7,848,4.8%,"48.5% [45.4, 51.6]",-1.2,0.453,,2/6,+4.0 -4.3 -2.3 +3.7 -1.7 -5.9,
macd_hist > -2.21 and ret60 <= -20 and rsi14 <= 60.1 and win4 > -3.13,1232,7.0%,"50.6% [48.1, 53.3]",+1.0,0.455,,4/6,+6.1 -3.3 +2.5 -2.4 +2.5 +0.7,
flow15 <= 0.171 and rangepos > 0.37 and ret5 <= 3.57 and rsi60 > 55.9,683,3.9%,"48.2% [44.0, 51.9]",-1.5,0.463,,3/6,-11.5 -9.8 -5.8 +7.9 +1.9 +2.7,
nratio5 <= 0.755 and rangepos > 0.687 and rsi14 <= 58.8 and vwap_dev60 <= -1.3,617,3.5%,"48.1% [43.9, 52.2]",-1.5,0.467,,4/6,-7.7 -1.6 -0.6 +1.2 +2.7 -2.6,
ema_cross > -0.768 and flow15 <= 0.16 and flow5 > 0.136 and rsi14 <= 56.8,837,4.7%,"50.9% [47.3, 54.2]",+1.3,0.470,,5/6,+0.7 +0.0 +0.7 +2.4 -1.7 +4.7,
bb_pctb <= 0.521 and ema_cross <= -1.21 and flow3 > -0.0943 and obv_slope60 > 0.0284,809,4.6%,"50.8% [47.3, 54.1]",+1.2,0.489,,4/6,+2.9 -4.6 +5.5 +1.7 -2.4 +3.0,
flow15 > 0.134 and rsi14 > 60.2 and rsi60 <= 55.9,966,5.5%,"50.6% [47.7, 53.6]",+1.0,0.499,,3/6,-0.3 -5.0 +5.0 -3.2 +7.4 +3.0,
nratio5 > 1.26 and ret5 > 12.2 and rsi60 > 46.1,649,3.7%,"48.5% [45.0, 52.1]",-1.1,0.522,,4/6,-5.2 +1.6 -2.5 +2.4 -1.2 -1.1,
adx14 <= 19.3 and ret15 > -8.8 and rsi60 <= 56 and vol60 > 5.37,1146,6.5%,"48.9% [46.5, 51.3]",-0.8,0.523,,2/6,-0.6 +3.3 -7.4 -1.2 +2.2 -1.1,
bb_pctb > 0.606 and hour > 9.5 and macd_hist <= 1.42 and ret240 <= -5.27,941,5.3%,"50.8% [47.3, 54.3]",+1.2,0.528,,3/6,-3.6 -2.5 +3.6 +4.4 -0.1 +4.7,
flow15 <= 0.14 and flow3 <= 0.217 and ret60 <= 13.1 and rsi60 > 51.9,841,4.8%,"48.6% [45.5, 51.8]",-1.0,0.538,,5/6,-12.2 -1.8 -0.3 -3.6 -2.7 +5.5,
bb_pctb > 0.613 and flow15 > 0.152 and ret240 <= 7.89 and rsi14 > 60.1,777,4.4%,"50.7% [47.2, 54.2]",+1.1,0.541,,2/6,+6.2 -8.5 +1.3 -1.3 +5.2 +4.5,
bb_pctb > 0.613 and flow15 <= 0.152 and flow5 <= 0.0887 and vwap_dev60 <= 18.4,1640,9.3%,"50.4% [47.9, 52.8]",+0.7,0.553,,2/6,+2.1 +2.8 -0.1 -5.7 +3.6 +0.1,
macd_hist > -0.237 and rsi14 <= 59.6 and vratio5 <= 0.328 and win1 > -5.68,1444,8.2%,"48.9% [46.2, 51.7]",-0.7,0.571,,3/6,+2.4 +1.9 -9.5 +3.2 -2.4 -0.5,
flow15 <= 0.134 and rsi60 <= 55.9 and vol15 > 8.81 and win4 > -9.51,540,3.1%,"50.7% [46.9, 55.0]",+1.1,0.572,,3/6,+5.0 -2.8 +3.8 -2.5 -0.8 +9.3,
ema_cross <= -2.92 and obv_slope60 <= -0.149 and ret60 > -34.3 and rsi60 <= 55.9,586,3.3%,"50.9% [46.7, 55.1]",+1.2,0.574,,4/6,+3.8 +2.7 +0.7 -1.4 -4.5 +6.6,
flow1 <= -0.365 and rsi60 > 51.6 and size5 > 0.988,660,3.7%,"48.6% [45.0, 52.2]",-1.0,0.576,,3/6,-8.3 +7.0 +0.3 -6.0 +4.8 -4.1,
bb_pctb <= 0.607 and ema_cross > -5.75 and flow15 <= -0.0816 and nratio5 > 0.95,937,5.3%,"50.6% [47.2, 54.0]",+0.9,0.578,,3/6,+2.0 +3.1 -0.6 -6.1 -0.6 +5.6,
ret15 > -8.8 and rsi60 <= 56 and 4.87 < vol60 <= 5.37,626,3.5%,"48.6% [44.6, 52.3]",-1.1,0.582,,3/6,+1.9 -5.9 +1.4 -2.2 +4.4 -6.0,
flow60 > 0.0915 and macd_hist <= -1.17 and rsi60 > 47.6,829,4.7%,"50.5% [47.1, 53.8]",+0.9,0.584,,4/6,+1.9 +3.3 +4.6 -1.2 -8.7 +6.3,
ema_cross <= -2.14 and rangepos > 0.164 and ret15 > -19.3 and rsi60 <= 51.5,1803,10.2%,"50.2% [47.7, 52.7]",+0.6,0.595,,3/6,+1.1 +1.9 -5.6 -1.0 -0.2 +9.0,
ema_cross <= -0.768 and flow60 <= -0.206 and rsi14 > 35.1,791,4.5%,"50.4% [47.5, 53.4]",+0.8,0.603,,4/6,+2.8 +0.6 +1.1 -2.5 -0.1 +6.3,
obv_slope60 > -0.0743 and rsi14 <= 52.4 and vol240 > 9.23 and win3 <= 30.3,329,1.9%,"48.3% [43.2, 53.5]",-1.3,0.627,,1/3,+0.5 - - +2.0 - -2.5,
flow60 > -0.00176 and ret240 <= -2.25 and rsi60 <= 56.4 and win1 > -8.86,2264,12.8%,"50.1% [48.2, 52.0]",+0.5,0.628,,3/6,-0.1 +2.2 +0.7 -2.0 +4.3 -2.7,
ret60 > -25.8 and size5 > 1.8 and win1 <= 8.85,1242,7.0%,"49.0% [46.4, 51.6]",-0.6,0.637,,2/6,-3.5 -0.4 +1.4 +3.2 -3.5 -0.3,
macd_hist > 0.863 and obv_slope60 <= -0.0576 and size5 <= 1.41 and win1 <= 9.29,752,4.3%,"50.4% [47.1, 53.9]",+0.8,0.649,,5/6,+2.7 +0.6 +0.2 +0.7 -5.0 +7.8,
bb_pctb <= 0.623 and nratio5 <= 0.244 and vratio5 <= 1.79,432,2.4%,"50.7% [46.1, 55.3]",+1.1,0.654,,3/6,-5.3 -1.8 -0.1 +3.5 +7.4 +0.1,
atr14 > 5.48 and rsi14 <= 59.6 and rsi60 > 45.4 and vratio5 <= 0.401,677,3.8%,"50.5% [46.7, 54.6]",+0.9,0.655,,3/5,-4.0 +9.8 - +4.1 -2.1 +4.6,
-0.198 < flow15 <= -0.0804 and 46.7 < rsi60 <= 55.9,1569,8.9%,"50.2% [47.6, 52.8]",+0.6,0.659,,2/6,-0.1 -0.6 +3.4 -0.7 -0.9 +3.0,
bb_pctb <= 0.625 and flow15 > -0.142 and stoch14 > 0.617,611,3.5%,"50.4% [47.0, 53.8]",+0.8,0.668,,3/6,+6.3 +11.4 -6.2 +0.6 -4.4 -1.9,
bb_pctb > 0.625 and rsi60 <= 54.8 and stoch14 <= 0.973 and win3 > -6.28,2155,12.2%,"49.2% [47.1, 51.4]",-0.4,0.675,,4/6,+1.7 -0.2 -0.6 -2.6 +2.3 -4.8,
adx14 > 22.8 and bb_pctb > 0.624 and macd_hist > 0.384 and rsi60 <= 54.9,1506,8.5%,"50.1% [47.8, 52.4]",+0.5,0.687,,2/6,+0.5 -4.3 +4.4 -3.3 +1.2 +4.8,
flow15 > -0.0668 and rsi14 > 33.9 and rsi60 <= 51.5 and vratio5 > 1.2,840,4.8%,"48.9% [45.4, 52.6]",-0.7,0.698,,4/6,+6.7 -5.5 +0.4 -2.3 -3.8 -0.6,
bb_pctb > 0.521 and rsi60 <= 46.3,760,4.3%,"50.3% [47.1, 53.6]",+0.6,0.709,,2/6,+10.2 -7.6 -0.1 -4.7 -1.9 +5.8,
bb_pctb <= 0.625 and flow15 > -0.142 and stoch14 <= 0.617 and win3 > 14.2,1062,6.0%,"49.1% [45.8, 52.2]",-0.6,0.715,,2/6,-0.9 +1.1 +3.8 -1.1 -2.4 -2.2,
bb_pctb <= 0.521 and ema_cross > -1.21 and vol60 > 2.56 and win1 > -1.32,893,5.1%,"49.0% [45.8, 52.3]",-0.6,0.716,,1/6,-2.0 -0.3 +5.1 -4.6 -0.4 -1.5,
flow15 <= 0.154 and flow3 <= -0.0935 and rsi60 > 48.2 and vratio5 <= 0.308,669,3.8%,"50.2% [46.9, 53.6]",+0.6,0.726,,2/6,-11.0 +4.2 +0.2 +5.1 -0.4 +6.6,
bb_pctb > 0.606 and flow15 <= 0.132 and nratio5 <= 0.464 and ret240 > -5.27,513,2.9%,"48.9% [44.5, 53.1]",-0.7,0.745,,3/6,+4.2 +1.0 -4.0 -4.9 -1.5 +1.3,
flow15 > -0.0816 and macd_hist <= -1.81 and rsi60 <= 56.3,599,3.4%,"50.3% [46.3, 54.1]",+0.6,0.756,,4/6,+3.4 +2.4 -2.6 +1.7 -7.5 +1.0,
flow15 <= 0.166 and hour <= 15.5 and rangepos > 0.137 and wday <= 0.5,1096,6.2%,"49.2% [46.0, 52.2]",-0.5,0.757,,2/6,-0.2 +4.5 +1.9 -0.8 -6.2 -1.4,
obv_slope60 > -0.0743 and rsi14 <= 52.4 and win3 > 30.3,427,2.4%,"48.9% [44.3, 53.6]",-0.7,0.772,,2/6,-1.2 -0.2 -4.3 +6.3 -15.0 +3.5,
flow5 > -0.0205 and rsi14 > 59.6 and rsi60 <= 56.1,1586,9.0%,"49.3% [47.0, 51.6]",-0.3,0.774,,4/6,-2.3 -3.4 -1.6 -2.6 +8.8 +0.3,
flow3 <= -0.199 and ret240 > 29.7 and ret60 > -19.9 and win1 <= 7.42,873,4.9%,"49.1% [45.6, 52.5]",-0.5,0.778,,4/6,-5.2 +5.2 -0.7 -3.6 -2.3 +2.3,
ret15 <= 12 and rsi60 <= 56.2 and vratio5 <= 1.3 and win1 > 9.29,662,3.7%,"50.2% [46.4, 53.6]",+0.5,0.781,,3/6,-1.1 +8.6 +2.6 -7.4 +1.2 -3.4,
macd_hist <= -1.79 and rangepos > 0.371 and vratio5 > 0.876,542,3.1%,"50.2% [46.4, 54.0]",+0.5,0.782,,3/6,+3.7 -1.9 -0.1 +0.1 -5.0 +4.4,
ema_cross > 7.28 and rsi60 <= 55.9,443,2.5%,"49.0% [44.5, 53.7]",-0.7,0.785,,3/5,-0.3 +8.0 - -4.9 +6.1 -11.1,
flow60 <= 0.0584 and ret15 <= 6.51 and ret5 > 1.44 and rsi60 > 51.5,548,3.1%,"50.2% [45.9, 54.6]",+0.5,0.794,,3/6,-0.6 +5.0 +3.6 -4.3 -3.0 +1.9,
ema_cross > -2.14 and hour > 20.5 and rsi60 <= 51.5,835,4.7%,"50.1% [47.0, 53.3]",+0.4,0.795,,4/6,+2.4 -1.4 +3.4 +5.0 +0.3 -6.3,
ema_cross <= -2.92 and obv_slope60 > -0.149 and ret60 > -0.0514 and rsi60 <= 55.9,511,2.9%,"49.1% [45.0, 53.2]",-0.5,0.799,,2/6,+2.2 -4.7 +4.3 -1.3 -3.3 -0.3,
ema_cross <= -2.17 and flow5 > -0.162 and ret15 > -13.5 and ret5 > 1.88,537,3.0%,"50.1% [46.1, 54.0]",+0.5,0.818,,3/6,+5.1 +7.8 -2.6 -1.9 -5.1 +1.1,
flow15 > 0.161 and obv_slope60 <= 0.0657 and rsi14 > 60.1,658,3.7%,"49.2% [45.3, 53.1]",-0.4,0.840,,3/6,+8.4 -11.1 +2.6 -4.3 -2.6 +6.0,
flow15 <= -0.192 and macd_hist <= 0.405 and rsi60 > 51.5,641,3.6%,"49.3% [45.7, 53.1]",-0.3,0.853,,3/6,-2.4 +2.8 -0.6 +0.8 -7.0 +4.8,
ema_cross <= -1.89 and ret5 <= 12.2 and rsi60 > 46.1 and win4 > 19,461,2.6%,"49.2% [44.6, 53.9]",-0.4,0.870,,2/6,+3.9 -13.9 -4.3 +6.8 -4.1 -0.3,
bb_pctb <= 0.623 and flow60 <= 0.0118 and nratio5 <= 0.92 and rangepos > 0.708,577,3.3%,"49.9% [46.2, 53.7]",+0.3,0.885,,2/6,-8.0 +4.6 +4.8 +3.3 -1.7 +0.1,
bb_pctb > 0.625 and flow5 <= 0.271 and stoch14 > 0.973,553,3.1%,"49.4% [45.5, 53.2]",-0.3,0.891,,3/6,+3.4 -4.4 -1.8 -2.2 +1.5 +0.8,
ema_cross > -2.14 and rsi14 <= 59.6 and size5 <= 0.551 and vol60 > 3.85,921,5.2%,"49.8% [46.7, 53.1]",+0.2,0.900,,3/6,-1.2 +5.5 +1.9 +2.7 -4.5 -4.2,
adx14 <= 34.1 and rangepos <= 0.892 and rsi14 > 48.4 and stoch14 <= 0.436,1044,5.9%,"49.8% [46.8, 52.7]",+0.2,0.908,,3/6,-5.5 +5.7 -0.5 +1.6 -0.6 +0.9,
-0.074 < obv_slope60 <= -0.0472 and rsi60 <= 51.6,617,3.5%,"49.4% [45.8, 53.4]",-0.2,0.915,,3/6,-2.3 +7.2 +0.7 -0.1 +3.0 -7.1,
flow15 <= -0.0885 and ret60 <= -6.36 and 44.4 < rsi60 <= 51.3,1907,10.8%,"49.6% [47.5, 51.6]",-0.1,0.935,,3/6,-1.2 +0.1 -1.4 +0.6 +1.8 -0.1,
bb_pctb > 0.607 and flow15 <= -0.0816 and rsi14 <= 55.7,566,3.2%,"49.5% [45.1, 53.9]",-0.2,0.939,,4/6,+6.2 -1.5 -5.1 -8.4 -2.4 +10.5,
bb_pctb <= 0.627 and ret5 > 2.2 and vratio15 <= 0.643,683,3.9%,"49.8% [46.0, 53.8]",+0.1,0.942,,3/6,-3.1 +5.5 +4.1 +1.1 -0.9 -4.5,
bb_pctb <= 0.624 and flow3 > 0.332 and rsi60 <= 54.9,1342,7.6%,"49.6% [47.1, 52.0]",-0.1,0.946,,3/6,+1.4 -5.3 +1.4 -0.5 +2.8 -1.3,
atr14 > 5.32 and ret240 <= -199 and rsi14 > 36.9 and rsi60 <= 56.9,182,1.0%,"49.5% [43.5, 57.0]",-0.2,0.956,,1/2,+0.9 - - -1.5 - -,
ret15 <= 6.51 and ret5 <= 1.44 and ret60 <= 13.6 and rsi60 > 51.5,921,5.2%,"49.7% [46.4, 53.1]",+0.1,0.957,,4/6,-7.6 -0.6 +2.6 -1.5 -0.9 +1.8,
flow60 > 0.118 and hour > 14.5 and rsi14 <= 58.7 and rsi60 > 47.5,825,4.7%,"49.7% [46.8, 52.7]",+0.1,0.969,,4/6,+0.1 +6.4 -4.3 +0.4 +1.0 -2.3,
bb_pctb > 0.613 and ema_cross > -2.17 and flow60 <= -0.000786 and rsi60 <= 48.5,821,4.6%,"49.7% [46.6, 52.9]",+0.1,0.971,,3/6,+6.8 -6.5 -0.4 -1.8 +0.3 +0.5,
obv_slope60 > -0.0576 and rsi60 <= 55.6 and size5 <= 0.492 and win1 <= 9.29,761,4.3%,"49.7% [46.4, 52.9]",+0.0,0.983,,2/6,-0.9 -1.0 +7.7 +2.9 -5.1 -3.7,
obv_slope60 <= 0.208 and 51.5 < rsi60 <= 52.3,762,4.3%,"49.6% [46.3, 53.0]",-0.0,0.986,,3/6,-4.7 -7.0 -0.1 +4.2 +3.4 +4.2,
rsi14 > 66.1 and vratio5 <= 0.985 and vwap_dev60 > -5.5,741,4.2%,"49.7% [46.3, 52.8]",+0.0,0.988,,4/6,-8.8 -0.5 +2.0 -1.7 -2.4 +5.8,
flow15 > 0.167 and rsi60 <= 56.3 and vol240 > 5.38 and win4 <= 0.125,600,3.4%,"49.7% [45.2, 53.9]",+0.0,0.989,,2/6,+4.0 -12.0 +3.2 -1.5 +5.7 +2.2,
flow60 <= 0.0915 and macd_hist <= -1.17 and 47.6 < rsi60 <= 51.8,564,3.2%,"49.6% [46.0, 53.4]",+0.0,0.997,,4/6,-5.0 +3.8 +8.1 +0.4 +2.3 -4.5,
