family,pattern,horizon,years,years_held,fires,share,up_rate,deviation,min_p_adj,all_years_adj_05
levels,wick rejection at the daily low,30,9,9,12238,0.002739891015506807,0.5942147409707469,0.08978482387468965,0.007380073800738007,False
volume and flow,delta divergence: new 4h low with net taker buying over the hour,30,8,8,10763,0.002737164000040475,0.5916566013193347,0.0865158862597001,0.0036900369003690036,False
levels,wick rejection at the 4h high,30,9,9,45742,0.010122070863677756,0.41904595339075684,-0.08619507607206629,0.0036900369003690036,False
levels,wick rejection at the 4h low,30,9,9,42191,0.00938230527631604,0.5857884382925268,0.08104805996988428,0.0036900369003690036,False
levels,wick rejection at the daily low,15,9,9,12238,0.0027398066436347297,0.5828566759274392,0.08047134164298717,0.007380073800738007,False
levels,wick rejection at the daily low,10,9,9,12238,0.0027397785208604485,0.5806504330773002,0.07909481772790732,0.0036900369003690036,False
levels,wick rejection at the 4h high,15,9,9,45742,0.010121764123577855,0.42427091076035156,-0.07898991288970542,0.0036900369003690036,False
volume and flow,delta divergence: new 4h high with net taker selling over the hour,30,9,8,19157,0.004230911076779295,0.42746776635172523,-0.07771820798110467,0.007380073800738007,False
levels,wick rejection at the 4h low,15,9,9,42191,0.009382018951620226,0.5792941622620938,0.07655991142706636,0.0036900369003690036,False
levels,range breakout upward (prior hour under 15 bp),1,5,4,11434,0.00474139113997126,0.5935805492391114,0.07501274298306039,0.007380073800738007,False
volume and flow,delta divergence: new 4h high with net taker selling over the hour,15,9,9,19157,0.004230783191194831,0.4293991752362061,-0.07363033983688279,0.007380073800738007,False
volume and flow,delta divergence: new 4h low with net taker buying over the hour,15,8,8,10763,0.0027370787999297565,0.5766050357706959,0.07352951902029262,0.007380073800738007,False
levels,wick rejection at the 4h low,10,9,9,42192,0.009382139773117656,0.5746350018960941,0.07275151227337225,0.0036900369003690036,False
levels,wick rejection at the 4h high,10,9,9,45742,0.01012166188108934,0.4311136373573521,-0.0712303106517243,0.0036900369003690036,False
candles,pin bar at a new 1h high (long upper wick),15,9,9,23729,0.005283705452001852,0.43267731467824183,-0.0705055908765209,0.0036900369003690036,False
candles,pin bar at a new 1h high (long upper wick),30,9,9,23729,0.005283866964584407,0.43609085928610564,-0.06904584749704837,0.0036900369003690036,False
levels,wick rejection at the daily high,30,9,9,13898,0.00308157594746848,0.43668153691178585,-0.06852274469839714,0.02952029520295203,False
levels,wick rejection at the daily low,5,9,9,12238,0.002739750398677675,0.5695375061284523,0.06812483723915053,0.007380073800738007,False
levels,acceptance above the 4h high (last 5 closes all above it),30,9,9,133621,0.029695706212035315,0.4368998884905816,-0.06811081248168561,0.0036900369003690036,False
volume and flow,delta divergence: new 4h high with net taker selling over the hour,10,9,9,19157,0.0042307405644167375,0.43404499660698437,-0.06799847968267074,0.007380073800738007,False
volume and flow,delta divergence: new 4h low with net taker buying over the hour,10,8,8,10763,0.0027370504011017156,0.5699154510824119,0.06780282501634143,0.0036900369003690036,False
candles,doji at a new 1h high,30,9,9,20615,0.004557970680441472,0.4377880184331797,-0.06766602018133262,0.0036900369003690036,False
candles,pin bar at a new 1h high (long upper wick),5,9,9,23729,0.00528359778255439,0.43491086855746136,-0.06723355886774086,0.0036900369003690036,False
candles,doji at a new 1h high,15,9,9,20616,0.004558044188361036,0.4370391928599146,-0.06644635701958194,0.0036900369003690036,False
candles,pin bar at a new 1h low (long lower wick),10,9,9,25091,0.005585693636941416,0.5686102586584831,0.06622317069399794,0.0036900369003690036,False
candles,pin bar at a new 1h low (long lower wick),30,9,9,25091,0.005585921242236006,0.5711609740544419,0.06602445779434131,0.0036900369003690036,False
levels,"liquidity sweep of the 1h high (took it out, closed back below)",30,9,9,91738,0.02026766686128444,0.44021016372713595,-0.06505494630046993,0.0036900369003690036,False
candles,pin bar at a new 1h high (long upper wick),10,9,9,23729,0.005283651616717388,0.4373551350667959,-0.06502539751653875,0.0036900369003690036,False
volume and flow,volume climax at a new 1h low (hour's largest volume),30,9,9,32693,0.007205117551408955,0.5699996941241244,0.06481512877765284,0.0036900369003690036,False
levels,wick rejection at the 1h high,30,9,9,116072,0.02569126715298043,0.44076090702322696,-0.06455194450535373,0.0036900369003690036,False
levels,acceptance below the 4h low (last 5 closes all below it),30,9,9,113365,0.02541797291545783,0.5685881885943633,0.06409557556630083,0.007380073800738007,False
levels,"liquidity sweep of the 1h high (took it out, closed back below)",15,9,9,91740,0.02026748103425561,0.44006976237192064,-0.06326127688320785,0.0036900369003690036,False
candles,pin bar at a new 1h low (long lower wick),15,9,9,25091,0.005585750536487449,0.5662189629747718,0.0630360034044009,0.0036900369003690036,False
candles,doji at a new 1h low,30,9,9,19464,0.004321575708879633,0.5681257706535142,0.06299423658970525,0.0036900369003690036,False
levels,"liquidity sweep of the 1h low (took it out, closed back above)",30,9,9,90974,0.02014783586561082,0.5674368500890364,0.06244044566100342,0.0036900369003690036,False
levels,wick rejection at the 1h high,15,9,9,116074,0.025690915360716587,0.44115822664851734,-0.06220635400052937,0.0036900369003690036,False
levels,"liquidity sweep of the 1h low (took it out, closed back above)",10,9,9,90976,0.020147453320594123,0.5642257298628209,0.06203863068986362,0.0036900369003690036,False
levels,wick rejection at the 4h low,5,9,9,42192,0.009382044335400845,0.563116230565036,0.06141484105296001,0.0036900369003690036,False
volume and flow,volume climax at a new 1h high (hour's largest volume),30,9,9,29788,0.006563879935240225,0.44383644420572044,-0.061388573905179454,0.0036900369003690036,False
volume and flow,volume climax at a new 1h low (hour's largest volume),5,9,9,32695,0.007205188167706984,0.56329714023551,0.06124949264777634,0.0036900369003690036,False
levels,wick rejection at the 1h low,30,9,9,111803,0.02482882890446192,0.5662280976360206,0.061200866395504296,0.0036900369003690036,False
levels,"liquidity sweep of the 1h low (took it out, closed back above)",15,9,9,90975,0.02014744082310048,0.5641110195108546,0.06106746540255597,0.0036900369003690036,False
volume and flow,volume climax at a new 1h low (hour's largest volume),10,9,9,32695,0.007205260548492585,0.5633583116684509,0.06098986076214238,0.0036900369003690036,False
levels,wick rejection at the daily high,15,9,9,13898,0.003081482295890041,0.44243776082889624,-0.060762585220935326,0.02952029520295203,False
volume and flow,volume climax at a new 1h low (hour's largest volume),15,9,9,32695,0.007205332930758041,0.563970025997859,0.06072443116247712,0.0036900369003690036,False
levels,"liquidity sweep of the 1h high (took it out, closed back below)",10,9,9,91740,0.02026727679508773,0.44173751907564857,-0.06070841485121145,0.0036900369003690036,False
volume and flow,delta divergence: new 4h low with net taker buying over the hour,5,8,8,10763,0.0027370220028780745,0.5623896683080926,0.06064776973105762,0.007380073800738007,False
levels,acceptance below the 4h low (last 5 closes all below it),15,9,9,113365,0.02541718831379098,0.5630573810258899,0.060575345005549355,0.0036900369003690036,False
levels,wick rejection at the 4h high,5,9,9,45742,0.01012155964070644,0.44221940448603037,-0.05984303257096985,0.0036900369003690036,False
levels,acceptance above the 4h high (last 5 closes all above it),15,9,9,133621,0.029694800524101967,0.44320129320989965,-0.059819529676818375,0.007380073800738007,False
levels,failed breakdown below the daily low,30,9,9,43443,0.009729467068044827,0.5643256681168427,0.059789244392410575,0.055350553505535055,False
candles,doji at a new 1h high,10,9,9,20616,0.004557998222796585,0.44324796274738065,-0.05938812880410852,0.007380073800738007,False
candles,doji at a new 1h low,10,9,9,19464,0.004321400337160425,0.5616009042334567,0.05925033889853934,0.0036900369003690036,False
levels,wick rejection at the 1h low,15,9,9,111804,0.024828289025881165,0.5620908017602233,0.059027093483961415,0.0036900369003690036,False
levels,wick rejection at the 1h low,10,9,9,111805,0.02482825324672745,0.5611376950941371,0.05891028236989391,0.0036900369003690036,False
candles,pin bar at a new 1h low (long lower wick),5,9,9,25091,0.0055856367385804,0.5610378223267307,0.05888738172446007,0.0036900369003690036,False
levels,wick rejection at the 1h high,10,9,9,116074,0.025690655802111533,0.4441218533004807,-0.058371138161503563,0.0036900369003690036,False
candles,doji at a new 1h low,15,9,9,19464,0.004321444178728379,0.561035758323058,0.057878299496543564,0.0036900369003690036,False
volume and flow,volume climax at a new 1h low (hour's largest volume),3,9,9,32695,0.007205159215807095,0.5604220828872917,0.05774936335040153,0.0036900369003690036,False
levels,wick rejection at the daily high,5,9,9,13898,0.0030814198647314515,0.44560368398330696,-0.056385539870430525,0.02952029520295203,False
levels,wick rejection at the daily high,10,9,9,13898,0.003081451079988056,0.44596344797812637,-0.05625050750979973,0.16236162361623616,False
volume and flow,delta divergence: new 4h high with net taker selling over the hour,5,9,9,19157,0.004230697938513629,0.4456334499138696,-0.05621756366556673,0.007380073800738007,False
candles,pin bar at a new 1h high (long upper wick),3,9,9,23730,0.005283794704384273,0.4474504846186262,-0.055469702978526755,0.0036900369003690036,False
levels,retest from above of a 4h high broken in the last hour,30,9,9,75921,0.016989371717231208,0.44951989568103684,-0.05539451842997167,0.007380073800738007,False
levels,"liquidity sweep of the 1h high (took it out, closed back below)",5,9,9,91741,0.020267288407078265,0.4480984510742198,-0.05396963638416858,0.0036900369003690036,True
volume and flow,volume climax at a new 1h high (hour's largest volume),10,9,9,29788,0.006563616203523751,0.44850275278635693,-0.053932722242072545,0.0036900369003690036,False
levels,acceptance below the 4h low (last 5 closes all below it),10,9,9,113365,0.025416926790942082,0.5551007806642262,0.05341324799172941,0.0036900369003690036,False
candles,pin bar at a new 1h low (long lower wick),3,9,9,25091,0.005585613979567788,0.5558566816786896,0.05293335193478881,0.0036900369003690036,False
levels,failed breakout above the daily high,30,9,9,48439,0.010812817177030821,0.45232147649621174,-0.05273532692116079,0.14760147601476015,False
levels,acceptance above the 4h high (last 5 closes all above it),10,9,9,133621,0.02969449864067071,0.4494877302220459,-0.052644533837455675,0.007380073800738007,False
levels,"liquidity sweep of the 1h low (took it out, closed back above)",5,9,9,90976,0.020147249561092685,0.5544429300035174,0.05256444751113588,0.0036900369003690036,False
candles,doji at a new 1h high,5,9,9,20616,0.004557952258176233,0.4497477687233217,-0.052538784128977105,0.01107011070110701,False
levels,wick rejection at the 1h high,5,9,9,116075,0.025690612095818733,0.45110488908033597,-0.05105896434090238,0.0036900369003690036,True
candles,doji at a new 1h low,5,9,9,19464,0.00432135649650032,0.5527127003699137,0.050653404862455856,0.0036900369003690036,False
levels,failed breakdown below the daily low,15,9,9,43443,0.009729167291831691,0.552816334046912,0.05030607804805929,0.1033210332103321,False
volume and flow,volume climax at a new 1h high (hour's largest volume),5,9,9,29788,0.0065635502739646665,0.45182623875386063,-0.05028813823627536,0.0036900369003690036,False
volume and flow,volume climax at a new 1h high (hour's largest volume),15,9,9,29788,0.00656368213443081,0.45360547871626156,-0.049689838022599034,0.007380073800738007,False
levels,wick rejection at the daily low,3,9,9,12238,0.0027397391499701844,0.5512338617421148,0.048938397135574144,0.01107011070110701,False
levels,wick rejection at the 1h low,5,9,9,111805,0.02482800121159999,0.5507714324046331,0.04881148873862349,0.0036900369003690036,False
levels,"resistance flipped to support (4h high broken, retested within 5 bp, last 3 closes above)",30,5,5,8763,0.003631002442761859,0.4550952870021682,-0.04877710866897086,0.17712177121771217,False
levels,retest from below of a 4h low broken in the last hour,30,9,9,64644,0.014518957815280568,0.5528587339892334,0.04819898489778801,0.04428044280442804,False
candles,doji at a new 1h low,3,9,9,19465,0.004321554454556948,0.5508348317492936,0.04805208127906082,0.01107011070110701,False
levels,wick rejection at the 4h low,3,9,9,42192,0.00938200616086971,0.5502227910504361,0.047699001144428835,0.0036900369003690036,False
levels,wick rejection at the 4h high,3,9,9,45743,0.010121737200323916,0.455064162822727,-0.047655631097408134,0.007380073800738007,False
volume and flow,delta divergence: new 4h low with net taker buying over the hour,3,8,8,10763,0.0027370106437578454,0.5496608752206634,0.047393228744843634,0.01107011070110701,False
levels,reclaimed the session VWAP in the last 5 minutes after 30+ minutes below,5,9,9,36927,0.008198692199359443,0.4565223278360008,-0.04558211247245604,0.007380073800738007,False
levels,failed breakout above the 4h high,30,9,9,164492,0.03651643644655149,0.4600466892006906,-0.04500637499919415,0.0036900369003690036,False
volume and flow,volume climax at a new 1h high (hour's largest volume),3,9,9,29788,0.006563523902518453,0.45820464616624146,-0.04453532634326616,0.0036900369003690036,False
levels,retest from above of a 4h high broken in the last hour,15,9,9,75921,0.016988848499293364,0.4590824673015371,-0.043864710543251875,0.033210332103321034,False
levels,"liquidity sweep of the 1h high (took it out, closed back below)",3,9,9,91743,0.020267641014731844,0.4588796965436055,-0.043716955097376574,0.0036900369003690036,False
volume and flow,delta divergence: new 4h high with net taker selling over the hour,3,9,8,19158,0.0042308993435784545,0.45907714792775867,-0.043575925540800205,0.02952029520295203,False
levels,range breakdown downward (prior hour under 15 bp),15,5,5,11305,0.004686244718954688,0.5450685537372844,0.04342447758089278,0.15867158671586715,False
levels,acceptance above the 4h high (last 5 closes all above it),5,9,9,133621,0.029694196763512384,0.4586928701326887,-0.04329040821908436,0.0036900369003690036,False
levels,failed breakout above the daily high,15,9,9,48439,0.010812485494892119,0.4601457503251512,-0.04291585840018546,0.22140221402214022,False
levels,failed breakdown below the 4h low,30,9,9,152560,0.033961435088815814,0.547568169900367,0.04273592873265321,0.0036900369003690036,False
levels,acceptance below the 4h low (last 5 closes all below it),5,9,9,113365,0.025416665273612905,0.5440568076566842,0.04243573220708779,0.0036900369003690036,False
candles,doji at a new 1h high,3,9,9,20616,0.004557933872592431,0.46090415211486224,-0.042022845681359326,0.01107011070110701,False
levels,wick rejection at the daily high,3,9,9,13898,0.003081407378809511,0.4607857245646856,-0.04189847051877084,0.09225092250922509,False
levels,failed breakdown below the 4h low,15,9,9,152560,0.03396039700429803,0.5444480859989512,0.04161436725326325,0.007380073800738007,False
levels,failed breakout above the 4h high,15,9,9,164492,0.03651532457874173,0.4618036135495951,-0.041272279196199,0.0036900369003690036,False
levels,reclaimed the session VWAP in the last 5 minutes after 30+ minutes below,30,9,9,36927,0.008199108310374162,0.4641319359818019,-0.040991602399008044,0.055350553505535055,False
levels,"liquidity sweep of the 1h low (took it out, closed back above)",3,9,9,90976,0.020147168058469046,0.5434510200492437,0.040940384640311196,0.0036900369003690036,False
levels,reclaimed the session VWAP in the last 5 minutes after 30+ minutes below,15,9,9,36927,0.008198858638589553,0.4622904649714301,-0.04089158645045938,0.09225092250922509,False
levels,wick rejection at the 1h high,3,9,9,116077,0.02569094257648205,0.46241718859033226,-0.040360770142976385,0.0036900369003690036,False
levels,reclaimed the session VWAP in the last 5 minutes after 30+ minutes below,3,9,9,36927,0.008198658912341499,0.4630757981964416,-0.03975195269801547,0.01107011070110701,False
levels,reclaimed the session VWAP in the last 5 minutes after 30+ minutes below,10,9,9,36927,0.008198775418111905,0.4632382809326509,-0.039130770707041296,0.07749077490774908,False
levels,failed breakout above the daily high,10,9,9,48439,0.010812374938807436,0.46367596358306323,-0.038436820949726204,0.2029520295202952,False
levels,wick rejection at the 1h low,3,9,9,111805,0.024827900399011917,0.5407539913241804,0.038084064760928384,0.0036900369003690036,False
levels,retest from above of a 4h high broken in the last hour,10,9,9,75921,0.016988674100656586,0.4648647936671013,-0.03734662992185327,0.055350553505535055,False
levels,range breakdown downward (prior hour under 15 bp),30,5,4,11305,0.004686394880405355,0.5405572755417957,0.0369035529596846,0.988929889298893,False
levels,range breakdown downward (prior hour under 15 bp),10,5,4,11305,0.004686194667354361,0.5378151260504201,0.03635726192344662,0.36162361623616235,False
volume and flow,volume climax at a new 1h low (hour's largest volume),1,9,8,32695,0.007205130264143973,0.5447316103379721,0.036173817357171935,0.007380073800738007,False
levels,failed breakdown below the daily low,10,9,8,43443,0.009729067370634278,0.5377621250834427,0.036108704192073106,0.02952029520295203,False
levels,retest from below of a 4h low broken in the last hour,15,9,9,64644,0.014518508346026091,0.5383330239465379,0.03565318028890778,0.05904059040590406,False
levels,failed breakout above the 4h high,10,9,9,164492,0.036514953971505434,0.4667339445079396,-0.035450683339182935,0.0036900369003690036,False
candles,pin bar at a new 1h high (long upper wick),1,9,9,23732,0.005284210078997649,0.4744227203775493,-0.035299980346683926,0.04059040590405904,False
levels,lower highs (three successive 10-minute highs declining),15,9,9,1321622,0.29329122689173004,0.5383891914632172,0.03519575498378164,0.0036900369003690036,True
levels,"support flipped to resistance (4h low broken, retested within 5 bp, last 3 closes below)",30,4,3,6338,0.003336283613480827,0.5378668349637109,0.03460282957220659,0.9261992619926199,False
levels,lower highs (three successive 10-minute highs declining),30,9,9,1321572,0.2932894515661793,0.5394371248785538,0.03429431955690389,0.0036900369003690036,True
levels,higher lows (three successive 10-minute lows rising),15,9,9,1344302,0.29804698162478327,0.4693312960926935,-0.033945344501310794,0.0036900369003690036,True
levels,acceptance above the 4h high (last 5 closes all above it),3,9,9,133621,0.029694076014405428,0.46987374739000604,-0.03294798085578594,0.007380073800738007,False
levels,"resistance flipped to support (4h high broken, retested within 5 bp, last 3 closes above)",15,5,5,8763,0.0036308861933930965,0.46890334360378866,-0.032811590095453945,1.0,False
levels,range breakout upward (prior hour under 15 bp),15,5,4,11434,0.004741533003784417,0.4689522476823509,-0.03265143818858372,0.9704797047970479,False
levels,higher lows (three successive 10-minute lows rising),30,9,9,1344275,0.29804947892097927,0.47271875174350486,-0.03250038884045345,0.0036900369003690036,True
levels,lower highs (three successive 10-minute highs declining),10,9,9,1321637,0.2932914818929185,0.5348246152309598,0.03246566536123602,0.0036900369003690036,True
levels,lost the session VWAP in the last 5 minutes after 30+ minutes above,10,9,9,37967,0.008415112485740164,0.5343587852608844,0.03195508483636013,0.16974169741697417,False
levels,"resistance held (4h high tested within 3 bp, no close above, price now 3+ bp below)",30,9,9,131832,0.029385113161636126,0.4735420838643122,-0.031569701549001336,0.1033210332103321,False
levels,lost the session VWAP in the last 5 minutes after 30+ minutes above,5,9,9,37967,0.008415027271063238,0.5336739800352938,0.03154418833309825,0.1033210332103321,False
volume and flow,volume climax at a new 1h high (hour's largest volume),1,9,8,29788,0.006563497531287907,0.47720558614207065,-0.031477177905241245,0.007380073800738007,False
round numbers,"crossed a $1,000 level downward in the last 3 minutes",30,9,9,78267,0.017604331996715537,0.5347208913079586,0.03132429615108952,0.04059040590405904,False
levels,higher lows (three successive 10-minute lows rising),10,9,9,1344314,0.2980466090550131,0.471186791181227,-0.031249927843083593,0.0036900369003690036,True
levels,failed breakdown below the 4h low,10,9,9,152564,0.033960916026922736,0.5331795181038778,0.031207923886896145,0.007380073800738007,False
levels,lost the session VWAP in the last 5 minutes after 30+ minutes above,15,9,9,37967,0.008415197702178245,0.5337266573603392,0.030508663006212838,0.14391143911439114,False
levels,acceptance below the 4h low (last 5 closes all below it),3,9,9,113365,0.025416560668226718,0.532924624002117,0.03031990741819973,0.0036900369003690036,False
volatility,squeeze: last hour's range under 40% of the previous day's median hourly range,1,9,7,71735,0.0162669563612118,0.5436119049278595,0.030127881940322742,0.014760147601476014,False
levels,broke above the previous day's high in the last 5 minutes,30,9,8,26848,0.005976335442003772,0.47519368295589987,-0.029767243913477237,0.25092250922509224,False
levels,lost the session VWAP in the last 5 minutes after 30+ minutes above,3,9,9,37967,0.008414993185685579,0.532067321621408,0.029231208498961103,0.02952029520295203,False
levels,approaching the previous day's low from above (within 10 bp),30,9,5,41468,0.00933140889950161,0.5333269026719398,0.028823638271085136,0.12546125461254612,False
levels,"support held (4h low tested within 3 bp, no close below, price now 3+ bp above)",30,9,9,112626,0.02520742087328711,0.5334913785449186,0.028667720295186407,0.15498154981549817,False
levels,retest from below of a 4h low broken in the last hour,10,9,9,64645,0.014518676070356082,0.5295382473509166,0.02753073614943389,0.15129151291512916,False
levels,broke above the previous day's high in the last 5 minutes,5,9,8,26848,0.005976031115083895,0.4744859952324195,-0.02733778771784035,0.2029520295202952,False
levels,"repeated rejection at the 4h low (2+ touches in 30 minutes, no close below)",30,9,8,70037,0.015622600538268111,0.532275797078687,0.027322485017532545,0.5276752767527675,False
candles,doji at a new 1h low,1,9,7,19465,0.004321536917856471,0.5366041613151811,0.027298028326633004,0.04059040590405904,False
levels,failed breakdown below the 1h low,30,9,9,378799,0.08428899788054357,0.5321661356022587,0.02717843534888314,0.0036900369003690036,False
levels,wick rejection at the daily high,1,9,8,13898,0.0030813948929908274,0.48165203626421066,-0.027082206650174696,0.12915129151291513,False
levels,range breakout upward (prior hour under 15 bp),30,5,4,11434,0.004741685010492974,0.47664859191883857,-0.02697241504620621,0.985239852398524,False
levels,wick rejection at the 4h high,1,9,9,45745,0.01012213321288234,0.48180128975844355,-0.026972023885549083,0.007380073800738007,False
levels,"support held (4h low tested within 3 bp, no close below, price now 3+ bp above)",10,9,9,112632,0.02520765791241715,0.5291302649335891,0.026964088661505996,0.15129151291512916,False
round numbers,"crossed a $1,000 level downward in the last 3 minutes",10,9,9,78268,0.017603819768149804,0.5271247508560332,0.026921682454790194,0.13653136531365315,False
levels,"support held (4h low tested within 3 bp, no close below, price now 3+ bp above)",15,9,8,112632,0.025207916715475887,0.5296185808651183,0.0267447803160952,0.09225092250922509,False
round numbers,"crossed a $1,000 level downward in the last 3 minutes",15,9,9,78268,0.0176040018863572,0.5279680073593295,0.02672401647663705,0.15498154981549817,False
candles,pin bar at a new 1h low (long lower wick),1,9,9,25091,0.0055855912207447705,0.5361683472161333,0.026472759090747207,0.01107011070110701,False
levels,lost the session VWAP in the last 5 minutes after 30+ minutes above,30,9,9,37967,0.008415453362059988,0.5308820818078858,0.02573673434609487,0.6789667896678967,False
levels,lower highs (three successive 10-minute highs declining),5,9,9,1321649,0.2932913106858769,0.5277914181450597,0.025722686230586267,0.0036900369003690036,True
levels,failed breakout above the 1h high,30,9,9,386877,0.08594606426047302,0.4794495408101283,-0.02563444828915027,0.0036900369003690036,False
levels,retest from above of a 4h high broken in the last hour,5,9,9,75921,0.016988499705690864,0.47660067701953346,-0.025557329767162237,0.0996309963099631,False
levels,broke below the previous day's low in the last 5 minutes,30,9,9,23048,0.005111193156316539,0.5302412356820548,0.02549116647449787,0.26199261992619927,False
levels,crossed above the daily open in the last 5 minutes,30,9,8,80737,0.017953721691798846,0.4796313957665011,-0.025437199277137112,0.4095940959409594,False
levels,range breakdown downward (prior hour under 15 bp),1,5,5,11305,0.0046861045772664525,0.5438301636444052,0.025170256980696703,0.2140221402214022,False
levels,broke below the previous day's low in the last 5 minutes,5,9,8,23048,0.0051109341986394176,0.526683443248872,0.02498115666186615,0.09225092250922509,False
levels,broke below the previous day's low in the last 5 minutes,15,9,9,23048,0.005111037778496465,0.5277247483512669,0.024926692006545733,0.8265682656826568,False
levels,broke below the previous day's low in the last 5 minutes,10,9,8,23048,0.005110985988032331,0.5265098923984728,0.024539655994129328,0.974169741697417,False
levels,higher lows (three successive 10-minute lows rising),5,9,9,1344328,0.29804656649856487,0.47776881832409945,-0.024360431707156127,0.0036900369003690036,True
levels,"support flipped to resistance (4h low broken, retested within 5 bp, last 3 closes below)",15,4,3,6353,0.0033468918010749605,0.5254210609161026,0.024350439491599027,1.0,False
levels,range breakdown downward (prior hour under 15 bp),5,5,5,11305,0.00468614461686225,0.5264042459088899,0.02422284784759666,1.0,False
levels,range breakout upward (prior hour under 15 bp),10,5,4,11434,0.0047414823371266426,0.4773482595767011,-0.024060424263443906,0.3763837638376384,False
levels,reclaimed the session VWAP in the last 5 minutes after 30+ minutes below,1,9,9,36927,0.008198625625599573,0.4853088526010778,-0.023972449581506353,0.04059040590405904,False
levels,"support flipped to resistance (4h low broken, retested within 5 bp, last 3 closes below)",10,4,3,6359,0.0033504299912087286,0.5246107878597264,0.02393635152531729,0.988929889298893,False
levels,"liquidity sweep of the 1h high (took it out, closed back below)",1,9,8,91745,0.02026799622869399,0.4843424709793449,-0.02377249098968961,0.0036900369003690036,False
round numbers,"crossed a $1,000 level downward in the last 3 minutes",5,9,9,78268,0.017603637653816985,0.524096693412378,0.02352429991084322,0.05904059040590406,False
time,last 5 minutes of the UTC day,5,9,8,15634,0.0034701319680871976,0.47870026864526033,-0.023378721782297256,0.4575645756457565,False
levels,approaching the previous day's low from above (within 10 bp),15,9,5,41468,0.00933111936168824,0.5258271438217421,0.02327562309380699,0.12177121771217712,False
levels,failed breakdown below the 1h low,15,9,9,378805,0.08428769163850865,0.5261625374533071,0.023141020540991816,0.0036900369003690036,False
levels,range breakdown downward (prior hour under 15 bp),3,5,3,11305,0.0046861245969757,0.5274657231313578,0.022892605485690477,0.966789667896679,False
levels,wick rejection at the daily low,1,9,7,12238,0.0027397279013573294,0.5311325379964047,0.022358778144255805,0.02952029520295203,False
levels,"repeated rejection at the 4h high (2+ touches in 30 minutes, no close above)",30,9,9,83078,0.018513179493260583,0.48291966585618334,-0.02227392561774191,1.0,False
levels,failed breakout above the 4h high,5,9,9,164492,0.03651458337195221,0.47973761641903556,-0.022251197018648076,0.0036900369003690036,False
levels,range breakout upward (prior hour under 15 bp),3,5,4,11434,0.004741411405691507,0.5267622879132412,0.022232796859117967,0.45018450184501846,False
round numbers,crossed a $100 level downward in the last 3 minutes,30,9,9,634353,0.14245221487205872,0.5255764534888303,0.021942552630601384,0.0036900369003690036,False
levels,failed breakout above the 1h high,15,9,9,386894,0.0859471291644044,0.48158151845208247,-0.02154890027816855,0.0036900369003690036,False
levels,wick rejection at the 4h low,1,9,9,42192,0.009381967986656048,0.5304560106181266,0.021490539273290404,0.007380073800738007,False
levels,broke above the previous day's high in the last 5 minutes,15,9,9,26848,0.005976152842050046,0.48152562574493446,-0.021415355705267296,0.6420664206642066,False
levels,"resistance held (4h high tested within 3 bp, no close above, price now 3+ bp below)",15,9,9,131832,0.029384213302555966,0.4818329388919231,-0.021320434343864474,0.31365313653136534,False
round numbers,crossed a $100 level downward in the last 3 minutes,10,9,9,634372,0.14245038600004675,0.5218026646825522,0.021279590940176698,0.0036900369003690036,True
levels,acceptance above the 4h high (last 5 closes all above it),1,9,9,133621,0.029693955266302093,0.48854596208679774,-0.021017702998695462,0.0036900369003690036,False
levels,crossed above the daily open in the last 5 minutes,15,9,8,80737,0.017953173797525812,0.4821333465449546,-0.02101570192895721,0.17712177121771217,False
levels,crossed above the daily open in the last 5 minutes,10,9,8,80738,0.01795320743278969,0.4815204736307563,-0.020818316869092014,0.16974169741697417,False
levels,"resistance flipped to support (4h high broken, retested within 5 bp, last 3 closes above)",10,5,4,8763,0.0036308474453174582,0.4804290768001826,-0.020785106334201983,1.0,False
levels,broke above the previous day's high in the last 5 minutes,10,9,9,26848,0.005976091977933365,0.4813021454112038,-0.020751960509419732,0.5571955719557196,False
volume and flow,delta divergence: new 4h low with net taker buying over the hour,1,8,7,10763,0.0027369992847343164,0.528477190374431,0.02066747649634121,0.15129151291512916,False
round numbers,crossed a $100 level downward in the last 3 minutes,15,9,9,634367,0.14245078185853416,0.5217106186166682,0.020187716819691327,0.0036900369003690036,True
levels,"resistance flipped to support (4h high broken, retested within 5 bp, last 3 closes above)",1,5,5,8763,0.003630777700940742,0.5371448134200616,0.020047854746123812,0.948339483394834,False
levels,"support held (4h low tested within 3 bp, no close below, price now 3+ bp above)",5,9,9,112632,0.025207399114806493,0.5220541231621564,0.01997018461836859,0.18081180811808117,False
levels,failed breakout above the daily high,5,9,8,48439,0.010812264385036734,0.48217345527364314,-0.0197683225504741,0.9188191881918819,False
round numbers,"crossed a $1,000 level downward in the last 3 minutes",3,9,9,78268,0.017603564809168706,0.5217330198804109,0.019738801001394704,0.05904059040590406,False
time,first 5 minutes of the UTC day,3,9,7,15670,0.00347823485947319,0.4830248883216337,-0.019738287244881098,0.45018450184501846,False
time,last 5 minutes of the UTC day,10,9,6,15625,0.003468137900471598,0.48288,-0.01948065550748425,1.0,False
levels,"support flipped to resistance (4h low broken, retested within 5 bp, last 3 closes below)",1,4,4,6364,0.0033536991312041933,0.5377121307353866,0.019420002058682963,0.9261992619926199,False
levels,lower highs (three successive 10-minute highs declining),3,9,9,1321650,0.29329043846138947,0.5220012862709492,0.019253631328147485,0.0036900369003690036,False
levels,broke above the previous day's high in the last 5 minutes,3,9,7,26848,0.005976006770298917,0.48342520858164484,-0.019137699113901126,0.3837638376383764,False
levels,wick rejection at the 1h high,1,9,8,116079,0.025691275663638546,0.48977851290931174,-0.019042562783996585,0.0036900369003690036,False
round numbers,"crossed a $1,000 level upward in the last 3 minutes",5,9,9,78448,0.01763890301075406,0.4815674077095656,-0.019017822468694816,0.12546125461254612,False
round numbers,crossed a $100 level downward in the last 3 minutes,5,9,9,634374,0.14244934681536037,0.5196067304145504,0.018820897922392173,0.0036900369003690036,False
time,10 minutes before funding settlement (00:00 UTC),10,9,7,31259,0.006938305073680412,0.48354074026680316,-0.018819873181195254,0.988929889298893,False
time,first hour of the week (Monday 00:00 to 01:00 UTC),30,9,6,26940,0.005981450435080893,0.4864142538975501,-0.018731284469484483,1.0,False
round numbers,"crossed a $1,000 level upward in the last 3 minutes",10,9,8,78448,0.017639085419894007,0.481503671221701,-0.018711911065881166,0.17343173431734318,False
levels,higher lows (three successive 10-minute lows rising),3,9,9,1344332,0.29804621479580984,0.48418619805226687,-0.018597674554923425,0.0036900369003690036,True
levels,crossed above the daily open in the last 5 minutes,5,9,9,80739,0.017953241067641405,0.48359528852227546,-0.018496588594212125,0.15867158671586715,False
levels,failed breakdown below the daily low,5,9,7,43443,0.00972896745154023,0.5196234145892319,0.018090465959188697,0.15867158671586715,False
levels,lost the session VWAP in the last 5 minutes after 30+ minutes above,1,9,6,37967,0.008414959100589689,0.5271683303921827,0.017914154013982483,0.007380073800738007,False
volume and flow,taker buying above 70% of the last minute,1,9,7,690655,0.15637859491981507,0.5291715834968255,0.017880478044321014,0.0036900369003690036,False
levels,"resistance held (4h high tested within 3 bp, no close above, price now 3+ bp below)",10,9,9,131832,0.029383913362061437,0.4845181746465198,-0.017856919219987274,0.16974169741697417,False
levels,failed breakout above the 1h high,10,9,9,386899,0.08594732535708037,0.4845166309553656,-0.017755504567637834,0.007380073800738007,False
round numbers,"crossed a $1,000 level upward in the last 3 minutes",30,9,8,78448,0.017639815095245093,0.48577401590862734,-0.017636826017177195,0.1033210332103321,False
levels,"support flipped to resistance (4h low broken, retested within 5 bp, last 3 closes below)",5,4,3,6360,0.003350870554531325,0.519182389937107,0.01755817405137102,1.0,False
levels,approaching the previous day's low from above (within 10 bp),10,9,4,41468,0.009331022853186006,0.5192196392398958,0.017303678587425184,0.15498154981549817,False
levels,retest from below of a 4h low broken in the last hour,5,9,8,64650,0.014520113934891625,0.5193194122196443,0.017274589247674665,0.15129151291512916,False
round numbers,crossed a $100 level downward in the last 3 minutes,3,9,9,634377,0.14244940558688254,0.5192149147904164,0.017125987490593245,0.0036900369003690036,False
levels,failed breakdown below the 1h low,10,9,8,378807,0.08428726595786264,0.5192089903301681,0.01704001736052364,0.0036900369003690036,False
levels,retest from above of a 4h high broken in the last hour,3,9,9,75921,0.01698842994873244,0.48625544974381263,-0.016924017717998983,0.055350553505535055,False
volume and flow,delta divergence: new 4h high with net taker selling over the hour,1,9,8,19158,0.004230882292743186,0.4920659776594634,-0.01687782325431437,0.1918819188191882,False
round numbers,crossed a $100 level upward in the last 3 minutes,30,9,9,634928,0.14251314440918006,0.4868095280094751,-0.016853074877383613,0.0036900369003690036,False
round numbers,"crossed a $1,000 level upward in the last 3 minutes",15,9,9,78448,0.01763926783291296,0.4844737915561901,-0.016786123909894993,0.22140221402214022,False
round numbers,crossed a $100 level upward in the last 3 minutes,5,9,9,634948,0.1425100661582119,0.484110509837026,-0.016706469130457955,0.0036900369003690036,False
levels,"repeated rejection at the 4h high (2+ touches in 30 minutes, no close above)",15,9,9,83078,0.018512612801777958,0.4866992464912492,-0.016541300690525968,1.0,False
levels,"repeated rejection at the 4h low (2+ touches in 30 minutes, no close below)",15,9,7,70041,0.01562296483541286,0.519552833340472,0.01653387985259265,0.992619926199262,False
time,10 minutes after the US equity open (13:30 UTC),30,9,6,31300,0.00694822446576124,0.4886581469648562,-0.01648667994547427,1.0,False
levels,rejecting the downs (3+ down-minutes undone by the next minute in the last 15),15,9,9,881097,0.19509987522491712,0.48679089816444726,-0.016466626507344782,0.02214022140221402,False
levels,wick rejection at the 1h low,1,9,8,111805,0.024827799587259773,0.5253611198068064,0.016431520862584075,0.0036900369003690036,False
round numbers,crossed a $100 level upward in the last 3 minutes,10,9,9,634940,0.14250982895761505,0.4841638580023309,-0.016390528499042222,0.0036900369003690036,False
levels,broke below the previous day's low in the last 5 minutes,3,9,8,23048,0.005110913483182187,0.5186567164179104,0.01625392763002262,0.1992619926199262,False
round numbers,crossed a $100 level upward in the last 3 minutes,3,9,9,634948,0.14250947820526494,0.4859547553500444,-0.01616353378125691,0.0036900369003690036,False
candles,doji at a new 1h high,1,9,9,20617,0.0045581339414817535,0.49337925013338507,-0.01593578738417426,0.3763837638376384,False
time,10 minutes after funding settlement (16:00 UTC),30,9,6,31320,0.006952525506339,0.48924010217113667,-0.015904516714107753,1.0,False
levels,failed breakdown below the 4h low,5,9,9,152569,0.03396165129691088,0.5176805248772687,0.015853759161544266,0.07749077490774908,False
round numbers,"crossed a $1,000 level upward in the last 3 minutes",3,9,9,78448,0.01763883004818416,0.4863221497042627,-0.01568433300535746,0.16605166051660517,False
levels,"support held (4h low tested within 3 bp, no close below, price now 3+ bp above)",3,9,8,112632,0.02520729559728765,0.5186270331699695,0.015545754907274077,0.16974169741697417,False
round numbers,crossed a $100 level upward in the last 3 minutes,15,9,9,634935,0.14251022920181894,0.4860418783025034,-0.015514928639227387,0.0036900369003690036,False
levels,approaching the previous day's high from below (within 10 bp),30,9,6,53690,0.012112460691566622,0.48936487241571985,-0.01529223787087171,1.0,False
levels,failed breakout above the 4h high,3,9,8,164492,0.036514435134282125,0.48750091189845096,-0.01525592517395397,0.0036900369003690036,False
time,10 minutes before funding settlement (16:00 UTC),5,9,7,31320,0.006952172810113725,0.5172094508301405,0.015133085501158331,0.6309963099630996,False
levels,rejecting the downs (3+ down-minutes undone by the next minute in the last 15),10,9,9,881104,0.19509938794578982,0.4873919537307741,-0.014980051658036148,0.007380073800738007,False
levels,crossed above the daily open in the last 5 minutes,3,9,9,80739,0.01795316801900764,0.4878559308388759,-0.014965859543468027,0.12915129151291513,False
levels,"repeated rejection at the 4h low (2+ touches in 30 minutes, no close below)",10,9,8,70041,0.015622805164315147,0.517139960880056,0.014790694553405408,0.985239852398524,False
round numbers,"crossed a $1,000 level upward in the last 3 minutes",1,9,7,78448,0.017638757086234885,0.4948373444829696,-0.014774916763285512,0.04059040590405904,False
levels,"liquidity sweep of the 1h low (took it out, closed back above)",1,9,7,90976,0.02014708655651794,0.5228961484347521,0.01461668396102563,0.0036900369003690036,False
levels,rejecting the downs (3+ down-minutes undone by the next minute in the last 15),30,9,9,881067,0.19509940876899026,0.490825328834243,-0.014374261820273059,0.04059040590405904,False
round numbers,crossed a $100 level upward in the last 3 minutes,1,9,8,634948,0.14250889025730162,0.49520748155754485,-0.014275618383458014,0.0036900369003690036,False
time,10 minutes after the US equity open (13:30 UTC),15,9,7,31300,0.006948012968533043,0.48900958466453676,-0.014186277540187827,1.0,False
levels,rejecting the downs (3+ down-minutes undone by the next minute in the last 15),5,9,9,881115,0.19510007407651656,0.487957871560466,-0.014056055950480059,0.0036900369003690036,False
time,10 minutes before funding settlement (16:00 UTC),10,9,8,31320,0.006952243346436059,0.5162515964240102,0.013894986917110117,1.0,False
levels,"support flipped to resistance (4h low broken, retested within 5 bp, last 3 closes below)",3,4,2,6362,0.0033522848509685964,0.5177617101540396,0.013606732705578614,1.0,False
time,first 5 minutes of the UTC day,1,9,9,15670,0.0034782207441122234,0.49572431397574984,-0.01328657409451874,0.985239852398524,False
levels,approaching the previous day's low from above (within 10 bp),5,9,5,41468,0.009330926346734773,0.515120092601524,0.013250380271981336,0.055350553505535055,False
time,10 minutes after funding settlement (16:00 UTC),10,9,7,31320,0.006952243346436059,0.4891443167305236,-0.01321229277637647,1.0,False
levels,"resistance held (4h high tested within 3 bp, no close above, price now 3+ bp below)",5,9,9,131832,0.02938361342783267,0.4890466654530008,-0.013162249533012236,0.15498154981549817,False
levels,failed breakout above the daily high,3,9,7,48439,0.010812220164176352,0.48954354961910856,-0.013156282836111885,0.9630996309963099,False
time,10 minutes before funding settlement (00:00 UTC),15,9,6,31250,0.006936346170601618,0.490144,-0.013056337856600217,0.992619926199262,False
round numbers,"approaching a $1,000 level from above (within 10 bp, falling)",1,9,8,85067,0.019464003706114497,0.49903017621404305,-0.013028914295976529,0.17712177121771217,False
levels,broke above the previous day's high in the last 5 minutes,1,9,6,26848,0.0059759824257166845,0.4956793802145411,-0.013027994806514146,0.6383763837638377,False
time,10 minutes after the US equity close (20:00 UTC),30,9,8,31340,0.006956850856589643,0.5179004467134652,0.012751738304608502,1.0,False
levels,approaching the previous day's low from above (within 10 bp),3,9,5,41468,0.009330887744728544,0.5156506221664898,0.012719841413723674,0.15867158671586715,False
candles,bearish engulfing,1,9,8,352438,0.07842381350862948,0.4962546603941686,-0.01271525296954048,0.0036900369003690036,False
levels,rejecting the ups (3+ up-minutes undone by the next minute in the last 15),30,9,9,872603,0.19342923779747917,0.5178723887036831,0.012695733156259941,0.01107011070110701,False
levels,rejecting the ups (3+ up-minutes undone by the next minute in the last 15),10,9,9,872650,0.19343239504519472,0.514970492178995,0.012629182489515785,0.007380073800738007,False
volatility,squeeze: last hour's range under 40% of the previous day's median hourly range,3,9,7,71733,0.016266601632828847,0.5161641085692777,0.012615320774045608,0.9630996309963099,False
time,10 minutes after the US equity open (13:30 UTC),10,9,6,31300,0.006947942472378147,0.489776357827476,-0.012579849508946564,1.0,False
round numbers,"approaching a $1,000 level from above (within 10 bp, falling)",3,9,8,85067,0.0194640861218854,0.49008428650357955,-0.012466502199685984,0.2140221402214022,False
levels,rejecting the ups (3+ up-minutes undone by the next minute in the last 15),15,9,9,872632,0.1934303095785882,0.5151919709568294,0.01196565916054298,0.04797047970479705,False
round numbers,"approaching a $100 level from below (within 10 bp, rising)",30,9,9,883556,0.2008220682169894,0.491663233569802,-0.011762679814051904,0.0036900369003690036,False
volume and flow,"absorption: heavy taker selling in the last 5 minutes, price did not fall",1,9,9,82492,0.018920515836052636,0.5236507782572856,0.011761408202563843,0.11439114391143912,False
levels,"repeated rejection at the 4h high (2+ touches in 30 minutes, no close above)",10,9,7,83078,0.018512423912504513,0.4907316016273863,-0.011760155495675792,1.0,False
time,10 minutes before funding settlement (00:00 UTC),5,9,7,31304,0.006948380943038318,0.4904804497827754,-0.011598434750023362,0.7380073800738007,False
time,10 minutes before funding settlement (16:00 UTC),3,9,7,31320,0.006952144595993946,0.514272030651341,0.011509589979110547,0.985239852398524,False
levels,rejecting the downs (3+ down-minutes undone by the next minute in the last 15),3,9,9,881120,0.19510035311256,0.4910954240058108,-0.011464302361437122,0.0036900369003690036,False
round numbers,"approaching a $100 level from below (within 10 bp, rising)",15,9,9,883590,0.20082383691755903,0.49005421066331667,-0.011251714622058923,0.0036900369003690036,False
round numbers,"approaching a $100 level from below (within 10 bp, rising)",10,9,9,883603,0.20082460201192637,0.4892049936453362,-0.011237721689725495,0.0036900369003690036,False
time,last 5 minutes of the UTC day,3,9,6,15652,0.003474176372857967,0.4916304625606951,-0.011132741643672707,0.8154981549815498,False
levels,rejecting the ups (3+ up-minutes undone by the next minute in the last 15),5,9,9,872664,0.19343341930369742,0.513064593016327,0.011063856830031832,0.007380073800738007,False
levels,retest from below of a 4h low broken in the last hour,3,9,7,64652,0.014520689068890535,0.5141526944255398,0.010932405640758367,0.16974169741697417,False
time,10 minutes before funding settlement (08:00 UTC),30,9,6,31240,0.006935163679819599,0.5160051216389244,0.010862586504772386,1.0,False
time,10 minutes before funding settlement (00:00 UTC),30,9,7,31250,0.0069365572883233135,0.4944,-0.010749149054430874,1.0,False
time,last 5 minutes of the UTC day,15,9,4,15625,0.003468173085300809,0.49248,-0.01072033785660021,0.992619926199262,False
time,last 5 minutes of the UTC day,30,9,6,15625,0.0034682786441616567,0.494464,-0.010685149054430888,1.0,False
levels,approaching the previous day's high from below (within 10 bp),15,9,5,53696,0.012113381276025905,0.49197333134684146,-0.010668956391411119,1.0,False
time,10 minutes after funding settlement (16:00 UTC),5,9,7,31320,0.006952172810113725,0.4915389527458493,-0.010537412583132842,0.992619926199262,False
round numbers,"approaching a $100 level from above (within 10 bp, falling)",30,9,9,876477,0.19951765093532345,0.513555974657635,0.010203060592822312,0.0036900369003690036,False
round numbers,"approaching a $1,000 level from above (within 10 bp, falling)",15,9,8,85067,0.019464580631669084,0.4909071672916642,-0.01013340120133659,0.992619926199262,False
candles,bullish engulfing,1,9,7,352897,0.07839656113758016,0.5190608024437725,0.010121436414358214,0.0036900369003690036,False
levels,failed breakout above the daily high,1,9,6,48439,0.01081217594368619,0.4990400297281116,-0.00998796480596246,0.3726937269372694,False
time,10 minutes after funding settlement (16:00 UTC),15,9,7,31320,0.006952313884219707,0.4932630906768838,-0.0099328541091252,1.0,False
levels,approaching the previous day's low from above (within 10 bp),1,9,6,41468,0.009330849143050457,0.5205218481720845,0.009775978028258586,0.8265682656826568,False
levels,failed breakout above the 1h high,5,9,8,386901,0.0859468750625875,0.4923585103165926,-0.009687679523489099,0.007380073800738007,False
round numbers,"approaching a $1,000 level from above (within 10 bp, falling)",5,9,8,85067,0.01946416853837811,0.49124807504672785,-0.009544749068519378,0.992619926199262,False
levels,"support held (4h low tested within 3 bp, no close below, price now 3+ bp above)",1,9,8,112632,0.025207192080640463,0.5203139427516159,0.009508087646430964,0.14760147601476015,False
time,first hour of the week (Monday 00:00 to 01:00 UTC),15,9,6,26940,0.005981268323171606,0.4937268002969562,-0.009473333768741527,1.0,False
levels,acceptance below the 4h low (last 5 closes all below it),1,9,7,113365,0.025416456063723652,0.519163763066202,0.009432257012614612,0.0036900369003690036,False
time,first 5 minutes of the UTC day,5,9,4,15670,0.003478248974951121,0.49266113592852584,-0.009417642952794913,0.42435424354243545,False
time,10 minutes after the US equity open (13:30 UTC),3,9,6,31300,0.006947843780214936,0.49335463258785944,-0.009406535079605746,1.0,False
time,first hour of the week (Monday 00:00 to 01:00 UTC),5,9,6,26940,0.005981146921522094,0.4927616926503341,-0.009319664471357111,1.0,False
time,Saturday or Sunday,1,9,8,1288191,0.2860263029386652,0.5183439412323173,0.009313619214921073,0.0036900369003690036,False
round numbers,"approaching a $100 level from below (within 10 bp, rising)",5,9,9,883618,0.2008262077466561,0.49167060879248725,-0.009261163679536562,0.0036900369003690036,False
round numbers,"approaching a $1,000 level from above (within 10 bp, falling)",10,9,9,85067,0.019464374582767847,0.49095418905098337,-0.009251624563459276,1.0,False
round numbers,"approaching a $100 level from above (within 10 bp, falling)",15,9,7,876507,0.1995184554809425,0.5104146344524345,0.009185158974650146,0.007380073800738007,False
levels,"repeated rejection at the 4h low (2+ touches in 30 minutes, no close below)",5,9,8,70041,0.015622645496559139,0.511329078682486,0.009088187483633601,0.996309963099631,False
levels,lower highs (three successive 10-minute highs declining),1,9,9,1321651,0.2932894601088419,0.5180573388890108,0.009081432769396528,0.0036900369003690036,False
time,10 minutes before funding settlement (16:00 UTC),15,9,6,31320,0.006952313884219707,0.5122605363984675,0.009064591612458442,1.0,False
time,10 minutes after the US equity open (13:30 UTC),5,9,6,31300,0.00694787197768376,0.4931309904153355,-0.008944759328199804,1.0,False
levels,higher lows (three successive 10-minute lows rising),1,9,8,1344338,0.29804649816223816,0.5000981895922008,-0.008868571585127832,0.0036900369003690036,False
time,first hour of the week (Monday 00:00 to 01:00 UTC),10,9,6,26940,0.005981207621717875,0.4935040831477357,-0.008857077908471473,1.0,False
levels,approaching the previous day's high from below (within 10 bp),10,9,6,53696,0.012113255607848074,0.49312797973778305,-0.008772307038316074,1.0,False
time,10 minutes before funding settlement (08:00 UTC),10,9,6,31240,0.006934882198144064,0.5111075544174136,0.008751440477489327,1.0,False
levels,rejecting the ups (3+ up-minutes undone by the next minute in the last 15),3,9,9,872668,0.19343349009620467,0.5112517016780723,0.00868136349637078,0.007380073800738007,False
round numbers,"approaching a $100 level from above (within 10 bp, falling)",10,9,8,876517,0.19951891010138625,0.5090466014920418,0.008672936332490526,0.007380073800738007,False
levels,failed breakout above the 4h high,1,9,8,164492,0.036514286897841274,0.500577535685626,-0.008634754188223995,0.02952029520295203,False
time,10 minutes after the US equity close (20:00 UTC),15,9,5,31340,0.006956639108190618,0.5117740906190172,0.008574271786224283,1.0,False
time,10 minutes after funding settlement (00:00 UTC),30,9,5,31340,0.006956850856589643,0.49661774090619015,-0.008530967502666529,1.0,False
levels,"repeated rejection at the 4h high (2+ touches in 30 minutes, no close above)",1,9,7,83078,0.018512083921749863,0.5189340138183394,0.008489944879663588,0.5535055350553506,False
time,10 minutes after funding settlement (16:00 UTC),3,9,8,31320,0.006952144595993946,0.49454022988505747,-0.00822221078717297,0.992619926199262,False
levels,failed breakdown below the daily low,1,9,6,43443,0.009728887517779373,0.5009322560596644,-0.008091281131032227,0.12915129151291513,False
levels,"resistance held (4h high tested within 3 bp, no close above, price now 3+ bp below)",3,9,8,131834,0.02938392514815076,0.4950316306870762,-0.008027669663361749,0.2952029520295203,False
volume and flow,taker buying above 70% of the last minute,30,9,9,690598,0.15637463248135386,0.49730668203498996,-0.007943486514456737,0.033210332103321034,False
levels,rejecting the downs (3+ down-minutes undone by the next minute in the last 15),1,9,8,881126,0.19510084354550933,0.5001747763656957,-0.00790606947581863,0.0036900369003690036,False
levels,crossed below the daily open in the last 5 minutes,5,9,8,80838,0.017973737279333803,0.5098344837823796,0.00775080124028274,0.9261992619926199,False
volume and flow,taker selling above 70% of the last minute,1,9,5,716684,0.16200384284430946,0.5043519877658773,-0.007707249040733243,0.0036900369003690036,False
levels,failed breakdown below the 1h low,5,9,8,378812,0.0842874890576324,0.50967234406513,0.00770562862627432,0.12546125461254612,False
levels,retest from below of a 4h low broken in the last hour,1,9,7,64654,0.014521264196138021,0.5192718161289325,0.007617092096255637,0.24354243542435425,False
levels,"repeated rejection at the 4h low (2+ touches in 30 minutes, no close below)",1,9,8,70041,0.015622517764760292,0.5187390242857755,0.007604200923235957,0.23247232472324722,False
candles,inside bar (last minute inside the previous one),1,9,7,998242,0.2220903569407631,0.5171832080798043,0.007474739712961648,0.0036900369003690036,False
levels,failed breakdown below the 4h low,3,9,6,152571,0.033961945401032395,0.5100903841490192,0.007407104418468743,0.18450184501845018,False
time,first 5 minutes of the UTC day,30,9,4,15670,0.0034784254282948213,0.4977664326738992,-0.007382275734957543,1.0,False
levels,crossed below the daily open in the last 5 minutes,3,9,8,80838,0.01797366415439903,0.5098221133625275,0.007005893749391859,0.9261992619926199,False
round numbers,"approaching a $1,000 level from below (within 10 bp, rising)",10,9,5,91724,0.020896564716158007,0.49327329815533555,-0.007002129024185465,0.6309963099630996,False
round numbers,crossed a $100 level downward in the last 3 minutes,1,9,7,634380,0.14244946471043082,0.516433368012863,0.0070013313403617826,0.0036900369003690036,False
time,first hour of the week (Monday 00:00 to 01:00 UTC),1,9,5,26940,0.005981098362271165,0.5020415738678545,-0.006997677463437763,0.3837638376383764,False
levels,crossed above the daily open in the last 5 minutes,1,9,8,80739,0.01795309497098137,0.5023346833624395,-0.0069660817645697485,0.17712177121771217,False
time,10 minutes after the US equity close (20:00 UTC),10,9,6,31340,0.0069565685283153635,0.5093171665603063,0.0069569305606291335,1.0,False
time,10 minutes after the US equity open (13:30 UTC),1,9,5,31300,0.006947815582979782,0.5022364217252396,-0.00677333177737259,0.7933579335793358,False
round numbers,"approaching a $100 level from above (within 10 bp, falling)",5,9,7,876525,0.19951851019523953,0.5076341233849576,0.0067511330551436035,0.0036900369003690036,False
time,last 5 minutes of a 4-hour block,3,9,7,93832,0.020828518486790033,0.5094637223974764,0.006699976200344889,0.15498154981549817,False
time,10 minutes before funding settlement (00:00 UTC),3,9,6,31322,0.0069524112323311555,0.4961049741395824,-0.006658215737630173,0.9077490774907749,False
levels,"repeated rejection at the 4h low (2+ touches in 30 minutes, no close below)",3,9,7,70041,0.015622581630392393,0.5098156793877872,0.006582480478068457,1.0,False
levels,failed breakdown below the daily low,3,9,6,43443,0.009728927484491539,0.508965771240476,0.0065451191092595895,0.25092250922509224,False
time,first hour of the week (Monday 00:00 to 01:00 UTC),3,9,5,26940,0.0059811226417959985,0.4962880475129918,-0.006480217556336235,1.0,False
levels,"resistance flipped to support (4h high broken, retested within 5 bp, last 3 closes above)",5,5,3,8763,0.0036308086980987456,0.49549241127467764,-0.006460218637165098,1.0,False
volume and flow,taker selling above 70% of the last minute,30,9,8,716642,0.16200443405027076,0.511277597461494,0.006344324382523785,0.02952029520295203,False
volume and flow,taker buying above 70% of the last minute,15,9,8,690625,0.15637601675648233,0.4969397285067873,-0.006336373921716493,0.01107011070110701,False
levels,crossed below the daily open in the last 5 minutes,15,9,6,80837,0.017973886651930338,0.5093707089575318,0.006234205039921541,1.0,False
levels,approaching the previous day's high from below (within 10 bp),5,9,6,53698,0.01211356245632935,0.49584714514507056,-0.0060088788132272135,1.0,False
levels,failed breakout above the 1h high,3,9,5,386901,0.08594652582807764,0.4968015073623485,-0.005985123214559817,0.007380073800738007,False
time,10 minutes after the London open (07:00 UTC),30,9,6,31231,0.006933224131656739,0.4992475425058436,-0.005895773122679755,1.0,False
volume and flow,taker buying above 70% of the last minute,10,9,7,690637,0.15637725587747822,0.49659517228297934,-0.0058917084362332724,0.0036900369003690036,False
time,10 minutes before funding settlement (16:00 UTC),1,9,6,31320,0.006952116382107969,0.5148786717752235,0.00586306740262605,0.5498154981549815,False
time,10 minutes before funding settlement (08:00 UTC),15,9,6,31240,0.00693495256637583,0.5089948783610756,0.005800712746895841,1.0,False
time,10 minutes after the US equity close (20:00 UTC),5,9,6,31340,0.006956497949902242,0.50765794511806,0.0055791662367392445,1.0,False
round numbers,"approaching a $100 level from below (within 10 bp, rising)",3,9,7,883622,0.20082622664256913,0.4970190873473046,-0.005545927589165058,0.0036900369003690036,False
time,10 minutes before funding settlement (08:00 UTC),5,9,6,31240,0.0069348118313703015,0.5076184379001281,0.005541173447690652,0.992619926199262,False
candles,bullish engulfing,10,9,8,352890,0.07839629311167545,0.4967865340474369,-0.005311924044474542,0.01107011070110701,False
levels,crossed below the daily open in the last 5 minutes,30,9,7,80836,0.017974218857301796,0.5102924439606116,0.0052397465633745475,0.974169741697417,False
volatility,squeeze: last hour's range under 40% of the previous day's median hourly range,5,9,5,71731,0.016266246901815808,0.5072841588713387,0.005234949547740516,1.0,False
round numbers,"approaching a $1,000 level from below (within 10 bp, rising)",30,9,6,91720,0.02089657956285519,0.49805931094635847,-0.005226591369914012,0.9114391143911439,False
candles,bullish engulfing,30,9,8,352872,0.07839531597815064,0.4996769366795892,-0.005211187263516938,0.01107011070110701,False
volume and flow,"absorption: heavy taker selling in the last 5 minutes, price did not fall",3,9,5,82492,0.0189205959947136,0.5082674683605684,0.005070492844299864,0.25092250922509224,False
candles,bullish engulfing,15,9,8,352888,0.0783966614842116,0.49787184602480106,-0.0050680116136252425,0.1033210332103321,False
time,first 5 minutes of the UTC day,15,9,4,15670,0.003478319554095309,0.49814932992980215,-0.0050504889029907825,1.0,False
volatility,squeeze: last hour's range under 40% of the previous day's median hourly range,30,9,8,71728,0.016266463568339416,0.499177448137408,-0.005011766385903095,1.0,False
volume and flow,"absorption: heavy taker selling in the last 5 minutes, price did not fall",30,9,7,82487,0.01892059026988585,0.49986058409203876,-0.004999919042942094,0.996309963099631,False
levels,"repeated rejection at the 4h high (2+ touches in 30 minutes, no close above)",5,9,5,83078,0.018512235027174574,0.4973879968222634,-0.004920618022482042,1.0,False
levels,crossed below the daily open in the last 5 minutes,10,9,6,80838,0.017973920094331068,0.507199584353893,0.00487106692333173,1.0,False
volume and flow,taker selling above 70% of the last minute,15,9,7,716664,0.16200428801609146,0.5077581684024871,0.004839507916008501,0.11439114391143912,False
candles,bearish engulfing,10,9,7,352435,0.07842461284440098,0.5068395590676295,0.00476941525021958,0.04059040590405904,False
candles,bearish engulfing,30,9,6,352416,0.07842343941629808,0.5094433850903478,0.004573814590371794,0.14760147601476015,False
round numbers,"crossed a $1,000 level downward in the last 3 minutes",1,9,5,78268,0.01760349196514033,0.5141053815096847,0.004512589333050279,0.44649446494464945,False
time,last 5 minutes of the hour,3,9,7,375412,0.0833327669658446,0.5072000895016675,0.004436588069405345,0.15867158671586715,False
time,first 5 minutes of a 4-hour block,10,9,5,93862,0.020835470294179877,0.49806098314546887,-0.004296690724450123,1.0,False
volume and flow,taker selling above 70% of the last minute,10,9,7,716668,0.1620034597667667,0.506457662404349,0.004291853895858021,0.025830258302583026,False
time,first 5 minutes of the hour,3,9,8,375422,0.08333507236722133,0.49854830031271474,-0.004215372462762573,0.8302583025830258,False
time,last 5 minutes of the hour,1,9,9,375430,0.08333648723289475,0.5132301627467171,0.004211944401196515,0.985239852398524,False
time,first 5 minutes of a 4-hour block,15,9,6,93862,0.020835681699978386,0.4990198376339733,-0.004176517296911039,1.0,False
round numbers,"approaching a $1,000 level from below (within 10 bp, rising)",5,9,5,91726,0.020896777262909977,0.4967293897041188,-0.004096134756679712,1.0,False
candles,bearish engulfing,15,9,7,352432,0.07842477318195144,0.5069488582194579,0.0040429445232628945,0.1992619926199262,False
time,10 minutes after funding settlement (00:00 UTC),3,9,5,31340,0.00695646971894638,0.49878749202297384,-0.003975683543540967,1.0,False
levels,approaching the previous day's high from below (within 10 bp),1,9,7,53701,0.012114110688411282,0.5143293420979125,0.0038865441608391294,0.6900369003690037,False
round numbers,"approaching a $100 level from above (within 10 bp, falling)",3,9,7,876531,0.199519151827756,0.5063471799628307,0.0038057752043460418,0.007380073800738007,False
round numbers,"approaching a $1,000 level from below (within 10 bp, rising)",15,9,6,91724,0.020896784688168704,0.49740525925602896,-0.0037561393805040128,1.0,False
time,first 5 minutes of the hour,5,9,6,375422,0.08333541058267668,0.49835385246469305,-0.003723283033756265,1.0,False
time,last 5 minutes of a 4-hour block,5,9,5,93814,0.02082454451576303,0.5057987080819494,0.0037217662796986727,0.9704797047970479,False
time,10 minutes after funding settlement (00:00 UTC),1,9,7,31340,0.006956441488224447,0.505360561582642,-0.0036503264876266094,1.0,False
time,last 5 minutes of a 4-hour block,1,9,6,93850,0.020832492424884233,0.512562599893447,0.003542572989184349,1.0,False
time,last 5 minutes of the hour,5,9,5,375394,0.08332904666796385,0.5055381812176007,0.003461180052918218,0.22140221402214022,False
levels,"resistance flipped to support (4h high broken, retested within 5 bp, last 3 closes above)",3,5,3,8763,0.0036307931994511928,0.5075887253223782,0.0034244542040299214,1.0,False
levels,failed breakdown below the 1h low,3,9,6,378814,0.08428757829664998,0.5060821405755859,0.003340141468106081,0.12177121771217712,False
time,first 5 minutes of the hour,10,9,8,375422,0.08333625613357766,0.4990277607598915,-0.0033292241481742307,1.0,False
time,10 minutes after funding settlement (00:00 UTC),10,9,6,31340,0.0069565685283153635,0.5056477345245692,0.003287498524892049,1.0,False
levels,broke below the previous day's low in the last 5 minutes,1,9,5,23048,0.005110892767896345,0.5116279069767442,0.0032777840448105704,1.0,False
time,10 minutes after funding settlement (00:00 UTC),15,9,5,31340,0.006956639108190618,0.4999680918953414,-0.0032317269374515173,1.0,False
time,10 minutes after the London open (07:00 UTC),10,9,6,31231,0.006932942725215228,0.5054913387339502,0.0031336252988870697,1.0,False
time,10 minutes before funding settlement (08:00 UTC),3,9,6,31240,0.006934783685069027,0.5058898847631242,0.003124844222809864,1.0,False
time,Saturday or Sunday,3,9,8,1288187,0.28602661733004564,0.5058885084230783,0.0031244091673455175,0.15867158671586715,False
time,first 5 minutes of a 4-hour block,30,9,5,93862,0.020836315943654628,0.5020455562421428,-0.0030993622407404667,0.9003690036900369,False
levels,approaching the previous day's high from below (within 10 bp),3,9,5,53700,0.012113944701492407,0.4998137802607076,-0.0030653571214175807,0.992619926199262,False
time,first 5 minutes of a 4-hour block,3,9,6,93862,0.020835174333420147,0.499733651530971,-0.003030428918051448,0.992619926199262,False
time,10 minutes before funding settlement (08:00 UTC),1,9,6,31240,0.006934755539001021,0.5061139564660692,-0.002910709799772778,1.0,False
time,10 minutes after the London open (07:00 UTC),3,9,6,31231,0.006932844238470719,0.4999199513304089,-0.0028464899179617966,1.0,False
candles,inside bar (last minute inside the previous one),3,9,7,998239,0.2220906225273851,0.5057486233256765,0.0027825819816285277,0.014760147601476014,False
round numbers,"approaching a $1,000 level from above (within 10 bp, falling)",30,9,7,85067,0.019465198805443354,0.5004055626741275,-0.0027741739066621134,0.988929889298893,False
time,last 5 minutes of the UTC day,1,9,5,15670,0.0034782207441122234,0.5116783663050415,0.0026674782347729064,0.966789667896679,False
time,first 5 minutes of the hour,15,9,7,375422,0.08333710170199711,0.5006525989419907,-0.0025431626617988764,1.0,False
candles,bearish engulfing,5,9,6,352436,0.07842402965141154,0.504329864145547,0.002464404901633674,0.16605166051660517,False
volume and flow,"absorption: heavy taker buying in the last 5 minutes, price did not rise",5,9,4,80816,0.018581004102737737,0.504813403286478,0.0024426327403945488,0.8081180811808119,False
volume and flow,"absorption: heavy taker buying in the last 5 minutes, price did not rise",10,9,5,80816,0.018581200985436377,0.5050732528212235,0.0022922909942730803,0.7564575645756457,False
time,10 minutes after the London open (07:00 UTC),5,9,6,31231,0.006932872377249059,0.4997918734590631,-0.002286855070170815,1.0,False
time,last 5 minutes of a 4-hour block,30,9,5,93805,0.020823571662887765,0.5073823356963915,0.002238457004294795,0.992619926199262,False
time,10 minutes after the US equity close (20:00 UTC),3,9,5,31340,0.00695646971894638,0.5047223994894703,0.0019592239229555297,1.0,False
candles,bullish engulfing,5,9,6,352895,0.07839666953114446,0.4999334079542073,-0.001955386663318188,0.15498154981549817,False
round numbers,"approaching a $100 level from above (within 10 bp, falling)",1,9,6,876536,0.19951958627494984,0.509752023875802,-0.0019297133947439207,0.007380073800738007,False
time,10 minutes after the London open (07:00 UTC),1,9,5,31231,0.00693281609992559,0.5071243315936089,-0.001903523038858581,1.0,False
volume and flow,taker selling above 70% of the last minute,5,9,6,716681,0.16200454765453715,0.5041210803690903,0.0019028095831630316,0.04059040590405904,False
volatility,squeeze: last hour's range under 40% of the previous day's median hourly range,15,9,6,71728,0.01626595303700804,0.5004461298237787,-0.0018748350306024909,1.0,False
volume and flow,"absorption: heavy taker buying in the last 5 minutes, price did not rise",30,9,5,80812,0.018581024483925828,0.5074865119041726,0.0018494804005391283,0.992619926199262,False
time,first 5 minutes of the hour,1,9,8,375422,0.08333473415456884,0.5071998977151047,-0.0018187974690296784,1.0,False
volume and flow,taker buying above 70% of the last minute,3,9,6,690650,0.15637807148628993,0.5051256063128936,0.0018116112136935005,0.0036900369003690036,False
time,10 minutes after funding settlement (08:00 UTC),10,9,5,31250,0.006937044789083717,0.504096,0.0017380674329561592,1.0,False
time,first 5 minutes of a 4-hour block,5,9,6,93862,0.02083525889276126,0.5003409260403571,-0.0017367479142143183,1.0,False
candles,inside bar (last minute inside the previous one),5,9,7,998233,0.2220900392598221,0.5039695141314703,0.001734159162493765,0.1033210332103321,False
levels,failed breakout above the 1h high,1,9,3,386901,0.08594617659646706,0.5074838266119757,-0.0017329724706228386,0.02952029520295203,False
time,10 minutes after funding settlement (16:00 UTC),1,9,6,31320,0.006952116382107969,0.5073435504469987,-0.001672053925598715,0.992619926199262,False
levels,failed breakdown below the 4h low,1,9,4,152573,0.03396223950294039,0.5077503883386969,-0.0016262167616570935,0.985239852398524,False
round numbers,"approaching a $1,000 level from below (within 10 bp, rising)",1,9,7,91729,0.02089725005512298,0.5132727926827939,0.0015686941975082255,0.17343173431734318,False
volume and flow,taker buying above 70% of the last minute,5,9,6,690644,0.15637733722547717,0.5008325562808046,-0.0015431390179933043,0.01107011070110701,False
levels,range breakout upward (prior hour under 15 bp),5,5,4,11434,0.004741431671591344,0.5006996676578626,-0.00143897426518527,1.0,False
time,Saturday or Sunday,5,9,5,1288183,0.2860269317245994,0.5034626291450827,0.0013865063332032302,0.45018450184501846,False
time,first 5 minutes of the hour,30,9,6,375422,0.08333963851237196,0.5038063832167534,-0.0013379741053287254,1.0,False
volume and flow,"absorption: heavy taker buying in the last 5 minutes, price did not rise",1,9,4,80817,0.01858116413256842,0.5087419726047737,-0.0012654685686897145,1.0,False
time,10 minutes after funding settlement (08:00 UTC),30,9,3,31250,0.00693732635494492,0.504032,-0.0011125864516725937,1.0,False
candles,bearish engulfing,3,9,5,352436,0.07842371018007656,0.5015321930790271,-0.0011047210549435164,0.07749077490774908,False
time,last 5 minutes of a 4-hour block,10,9,5,93805,0.020822726535060596,0.503437983049944,0.00108132662249595,1.0,False
volume and flow,"absorption: heavy taker buying in the last 5 minutes, price did not rise",15,9,5,80812,0.0185804338295845,0.5024872543681631,-0.0010726325023490385,0.5682656826568265,False
levels,"resistance held (4h high tested within 3 bp, no close above, price now 3+ bp below)",1,9,5,131836,0.029384236866116884,0.5091401438150429,-0.0010711257186963889,1.0,False
time,10 minutes after the London open (07:00 UTC),15,9,5,31231,0.0069330130746390346,0.5021292946111235,-0.0010659706141618354,1.0,False
time,10 minutes before funding settlement (00:00 UTC),1,9,5,31340,0.006956441488224447,0.5099872367581366,0.0009763486878679898,0.3837638376383764,False
volume and flow,"absorption: heavy taker selling in the last 5 minutes, price did not fall",15,9,4,82489,0.018920421580393903,0.5017638715465093,-0.0009220189792804387,0.985239852398524,False
time,first 5 minutes of the UTC day,10,9,6,15670,0.0034782842641576817,0.5032546266751755,0.0008943906754983225,0.992619926199262,False
levels,crossed below the daily open in the last 5 minutes,1,9,5,80838,0.017973591030072306,0.5084242559192459,-0.0008751017093455813,0.5276752767527675,False
time,10 minutes after the US equity close (20:00 UTC),1,9,5,31340,0.006956441488224447,0.5081684747925973,-0.0008424132776712445,0.996309963099631,False
time,first 5 minutes of a 4-hour block,1,9,5,93862,0.020835089774779783,0.5082141867848544,-0.0008050118291210368,1.0,False
time,last 5 minutes of the hour,30,9,6,375385,0.08333124490680217,0.505928579991209,0.00078425171947468,1.0,False
volatility,squeeze: last hour's range under 40% of the previous day's median hourly range,10,9,3,71728,0.016265782867242673,0.5025652464867276,0.0007800586078079117,1.0,False
time,last 5 minutes of the hour,10,9,5,375385,0.08332786287932444,0.5015837073937425,-0.0007731636267954261,1.0,False
levels,rejecting the ups (3+ up-minutes undone by the next minute in the last 15),1,9,4,872671,0.19343334539538676,0.5089535460671891,0.000764128024847091,0.04059040590405904,False
candles,inside bar (last minute inside the previous one),30,9,8,998187,0.22209088598109755,0.5045186923893018,-0.0007493393746655671,1.0,False
levels,"repeated rejection at the 4h high (2+ touches in 30 minutes, no close above)",3,9,4,83078,0.01851215947414675,0.503875875683093,0.0007204397735541298,1.0,False
volume and flow,"absorption: heavy taker selling in the last 5 minutes, price did not fall",10,9,6,82492,0.018920876555547014,0.5013577074140523,-0.0006022273201333358,1.0,False
levels,retest from above of a 4h high broken in the last hour,1,9,4,75921,0.016988360192361357,0.5104648252789084,-0.0005679186657485121,0.6051660516605166,False
candles,bullish engulfing,3,9,5,352896,0.07839656226670148,0.5031992428364164,0.0005509852304222003,0.14760147601476015,False
time,10 minutes after funding settlement (00:00 UTC),5,9,6,31340,0.006956497949902242,0.5026164645820038,0.0005376857006831006,1.0,False
candles,inside bar (last minute inside the previous one),15,9,6,998218,0.2220911331545759,0.5028060002925213,-0.0005085721277188664,1.0,False
time,Saturday or Sunday,30,9,5,1288133,0.28603086192430494,0.5046419896082159,-0.0004958824291934231,1.0,False
time,10 minutes after funding settlement (08:00 UTC),15,9,5,31250,0.006937115178361286,0.502848,-0.0003481087855340206,1.0,False
volume and flow,"absorption: heavy taker selling in the last 5 minutes, price did not fall",5,9,5,82492,0.018920676154075517,0.5016850118799399,-0.00031922921204811065,0.974169741697417,False
time,last 5 minutes of the hour,15,9,4,375385,0.0833287083599176,0.5028943617885637,-0.00030134266901434996,1.0,False
round numbers,"approaching a $1,000 level from below (within 10 bp, rising)",3,9,5,91728,0.02089712178797029,0.5028126635269492,0.0002993515472099001,0.9704797047970479,False
time,10 minutes after funding settlement (08:00 UTC),5,9,5,31250,0.006936974401264561,0.501792,-0.0002864744164025742,1.0,False
time,Saturday or Sunday,10,9,5,1288173,0.2860277177248684,0.5026164963867431,0.0002607802244620175,1.0,False
time,10 minutes before funding settlement (16:00 UTC),30,9,4,31320,0.006952525506339,0.5048850574712643,-0.0002595614139800356,1.0,False
levels,failed breakdown below the 1h low,1,9,5,378816,0.08428766753515879,0.5090281297516472,-0.00020634868793891856,0.04059040590405904,False
time,Saturday or Sunday,15,9,4,1288163,0.2860285037449726,0.5030240738167452,-0.00016662078676790156,1.0,False
volume and flow,taker selling above 70% of the last minute,3,9,6,716682,0.16200408934306082,0.5032343494046174,-0.00015754441545555914,0.007380073800738007,False
round numbers,"approaching a $100 level from below (within 10 bp, rising)",1,9,5,883628,0.20082667238692314,0.5115014463099856,-0.00013945449324109875,0.007380073800738007,False
candles,inside bar (last minute inside the previous one),10,9,5,998224,0.22209026652747518,0.5026627290067159,0.00013817095974069782,1.0,False
volume and flow,"absorption: heavy taker buying in the last 5 minutes, price did not rise",3,9,5,80816,0.018580925350861192,0.5028583448822015,-0.00012930538113316124,0.992619926199262,False
time,10 minutes after funding settlement (08:00 UTC),3,9,3,31250,0.006936946246545244,0.502848,8.259178625350933e-05,1.0,False
time,10 minutes after funding settlement (08:00 UTC),1,9,4,31250,0.00693691809205926,0.50896,-6.229842339630497e-05,1.0,False
time,last 5 minutes of a 4-hour block,15,9,4,93805,0.0208229378104513,0.5032247747987847,2.9427845430138326e-05,1.0,False
