pattern,horizon,era,state,deviation,lo,hi,n
sweep: range position > 0.95,30,2019,low,-0.13828857225002839,-0.16239935794693586,-0.11555842895297873,10216
sweep: range position > 0.95,30,2019,mid,-0.09847903822369798,-0.14650657729112426,-0.05966040620543043,3040
sweep: range position > 0.95,30,2019,high,,,,187
sweep: range position > 0.95,30,2020-21,low,-0.13217912659029157,-0.16163518078399342,-0.10469077926907243,6162
sweep: range position > 0.95,30,2020-21,mid,-0.08720893792038284,-0.10358365499275904,-0.0715746760295967,21613
sweep: range position > 0.95,30,2020-21,high,-0.1341840881538072,-0.16073804876146505,-0.10606294298061544,6766
sweep: range position > 0.95,30,2022-23,low,-0.0724084945752488,-0.09202020499421466,-0.054920199222125494,14596
sweep: range position > 0.95,30,2022-23,mid,-0.08317865755135566,-0.10713946223741332,-0.059652443957761175,10375
sweep: range position > 0.95,30,2022-23,high,-0.12491182111793664,-0.1991779018840886,-0.04988566731891337,883
sweep: range position > 0.95,30,2024-26,low,-0.053412052438608304,-0.07058162274899057,-0.036889499516032424,36083
sweep: range position > 0.95,30,2024-26,mid,-0.07567665082094403,-0.09219990149836,-0.060326690337048475,27704
sweep: range position > 0.95,30,2024-26,high,-0.08053184042497513,-0.15079705060333937,-0.02759961594940133,1158
sweep: range position > 0.95,30,all,low,-0.07852137229384765,-0.08949567243574426,-0.06560270640176592,67057
sweep: range position > 0.95,30,all,mid,-0.08191403504843146,-0.09192019150773308,-0.07181890424282028,62732
sweep: range position > 0.95,30,all,high,-0.12460685457750759,-0.15005760116414896,-0.09968598908887018,8994
price at 4h high (rangepos >= 0.98),30,2019,low,-0.1423256691183692,-0.1699235113228063,-0.1146856157375523,4132
price at 4h high (rangepos >= 0.98),30,2019,mid,-0.10681253607184424,-0.15425193457784064,-0.06345395994974795,1333
price at 4h high (rangepos >= 0.98),30,2019,high,,,,88
price at 4h high (rangepos >= 0.98),30,2020-21,low,-0.12095599189299261,-0.1572878658019624,-0.08497624310996973,2523
price at 4h high (rangepos >= 0.98),30,2020-21,mid,-0.09174962490773081,-0.1123851692670468,-0.07140267530692611,8733
price at 4h high (rangepos >= 0.98),30,2020-21,high,-0.1378456725803999,-0.17125825588032242,-0.10314740314093103,2605
price at 4h high (rangepos >= 0.98),30,2022-23,low,-0.07302863479035118,-0.09413387894723801,-0.0501379460199865,6128
price at 4h high (rangepos >= 0.98),30,2022-23,mid,-0.09239193170058418,-0.11922478672754172,-0.06380359988331817,3420
price at 4h high (rangepos >= 0.98),30,2022-23,high,,,,288
price at 4h high (rangepos >= 0.98),30,2024-26,low,-0.055451434207870416,-0.07335951131798943,-0.037999705630408005,17124
price at 4h high (rangepos >= 0.98),30,2024-26,mid,-0.07570585361630551,-0.09438113729757952,-0.058309516335409886,12353
price at 4h high (rangepos >= 0.98),30,2024-26,high,-0.10736381673881676,-0.20321537736720308,-0.033647692827833184,504
price at 4h high (rangepos >= 0.98),30,all,low,-0.07758100443914062,-0.09131274114947939,-0.0637725568964309,29907
price at 4h high (rangepos >= 0.98),30,all,mid,-0.08482108517129693,-0.09797108821226483,-0.0725613437598835,25839
price at 4h high (rangepos >= 0.98),30,all,high,-0.13139563038819474,-0.16454523398264662,-0.1020091816604818,3485
sweep: range position < 0.05,30,2019,low,0.15252477470987502,0.12539591275163237,0.1809615602145525,4661
sweep: range position < 0.05,30,2019,mid,0.1792448968305755,0.13369496722186255,0.22469590863583824,1154
sweep: range position < 0.05,30,2019,high,,,,100
sweep: range position < 0.05,30,2020-21,low,0.13327603775778085,0.09141191610250839,0.17277445866557573,2831
sweep: range position < 0.05,30,2020-21,mid,0.11807641889556371,0.09731229034831541,0.13846030207824978,11457
sweep: range position < 0.05,30,2020-21,high,0.15506778052781883,0.12324154805988839,0.18244615537960474,4223
sweep: range position < 0.05,30,2022-23,low,0.09493818362148108,0.07287615166783486,0.11905738165853276,10856
sweep: range position < 0.05,30,2022-23,mid,0.07111740403833464,0.04351158334980913,0.1038875943496796,9335
sweep: range position < 0.05,30,2022-23,high,0.09292706981782609,0.051445236217232196,0.13530913844838718,1666
sweep: range position < 0.05,30,2024-26,low,0.048976038952022155,0.034438394989466034,0.06371155782647507,30641
sweep: range position < 0.05,30,2024-26,mid,0.0665180114907464,0.04835467976148413,0.08458692052107057,21456
sweep: range position < 0.05,30,2024-26,high,0.09416432598003263,0.0324386459946656,0.18029311115413627,1033
sweep: range position < 0.05,30,all,low,0.07240656550441728,0.06029823370310108,0.0861810307000267,48989
sweep: range position < 0.05,30,all,mid,0.08395841562346668,0.07208764511110889,0.09581790287672612,43402
sweep: range position < 0.05,30,all,high,0.13059625655699536,0.10749562979394299,0.1542592026205434,7022
price at 4h low (rangepos <= 0.02),30,2019,low,0.16848936735972134,0.13391661335173696,0.21189221602227123,1842
price at 4h low (rangepos <= 0.02),30,2019,mid,0.14445439830880977,0.094341898196259,0.19328007564420135,425
price at 4h low (rangepos <= 0.02),30,2019,high,,,,40
price at 4h low (rangepos <= 0.02),30,2020-21,low,0.11272789751447784,0.06606227102269813,0.1581327541887638,1042
price at 4h low (rangepos <= 0.02),30,2020-21,mid,0.12513949619736234,0.10086141304876577,0.14790662922131687,4175
price at 4h low (rangepos <= 0.02),30,2020-21,high,0.1768907609593877,0.1460604507429977,0.20869297762576072,1622
price at 4h low (rangepos <= 0.02),30,2022-23,low,0.0965126651214887,0.06854397742537371,0.12402679766633891,4321
price at 4h low (rangepos <= 0.02),30,2022-23,mid,0.07001486654502986,0.03572027909690505,0.10863730149679905,3200
price at 4h low (rangepos <= 0.02),30,2022-23,high,0.10023187853376529,0.05372677369140056,0.14566299495711263,636
price at 4h low (rangepos <= 0.02),30,2024-26,low,0.05093639750819674,0.03194563525263137,0.06957765850872771,14611
price at 4h low (rangepos <= 0.02),30,2024-26,mid,0.07534398180093155,0.05216103585545712,0.09574714912223635,9486
price at 4h low (rangepos <= 0.02),30,2024-26,high,0.10604302250694866,0.05231818926181486,0.1999157447540035,447
price at 4h low (rangepos <= 0.02),30,all,low,0.0711502356725323,0.056328047258009474,0.08677987126134674,21816
price at 4h low (rangepos <= 0.02),30,all,mid,0.08792319270489954,0.07290403840407401,0.1022890092482579,17286
price at 4h low (rangepos <= 0.02),30,all,high,0.14530885121785564,0.12367725102923775,0.1725022133231137,2745
price at 4h low (rangepos <= 0.02),15,2019,low,0.13964483136727002,0.10518279320531354,0.181953663189775,1842
price at 4h low (rangepos <= 0.02),15,2019,mid,0.09373627222657586,0.04658909011199742,0.1457565684726184,425
price at 4h low (rangepos <= 0.02),15,2019,high,,,,40
price at 4h low (rangepos <= 0.02),15,2020-21,low,0.1327765521741953,0.08359339282579464,0.18030818998923032,1042
price at 4h low (rangepos <= 0.02),15,2020-21,mid,0.1307022884035628,0.1081998143505135,0.15197429312902078,4175
price at 4h low (rangepos <= 0.02),15,2020-21,high,0.15431980474107426,0.12364555590311661,0.18823601605485069,1622
price at 4h low (rangepos <= 0.02),15,2022-23,low,0.09153126398552235,0.06877711521391497,0.11326647878533731,4321
price at 4h low (rangepos <= 0.02),15,2022-23,mid,0.08614349068512414,0.06046867087321405,0.1174025676754611,3200
price at 4h low (rangepos <= 0.02),15,2022-23,high,0.054520043199288555,0.007891882501046981,0.1150052494851724,636
price at 4h low (rangepos <= 0.02),15,2024-26,low,0.05988863553582621,0.04517543056692634,0.07410754365715196,14611
price at 4h low (rangepos <= 0.02),15,2024-26,mid,0.06196769341900991,0.04361698795021521,0.07940301753480898,9486
price at 4h low (rangepos <= 0.02),15,2024-26,high,0.041568368246220566,-0.047215158578795026,0.1561789832829437,447
price at 4h low (rangepos <= 0.02),15,all,low,0.07440650450302877,0.062196999214431864,0.08682100435562903,21816
price at 4h low (rangepos <= 0.02),15,all,mid,0.08373748066034514,0.0724041373350495,0.09689501188760435,17286
price at 4h low (rangepos <= 0.02),15,all,high,0.11171510628593458,0.08295806431036858,0.14206092019369598,2745
price at 4h low (rangepos <= 0.02),10,2019,low,0.1424604579827061,0.11045244648111945,0.18061476998122852,1842
price at 4h low (rangepos <= 0.02),10,2019,mid,0.15542952713805913,0.10957584344859456,0.2070026498369203,425
price at 4h low (rangepos <= 0.02),10,2019,high,,,,40
price at 4h low (rangepos <= 0.02),10,2020-21,low,0.14780110633104257,0.1123441963295586,0.18198333370258854,1042
price at 4h low (rangepos <= 0.02),10,2020-21,mid,0.1228112843963399,0.1029855220523266,0.14511003760085872,4175
price at 4h low (rangepos <= 0.02),10,2020-21,high,0.13282869440270714,0.10861427440669402,0.1603403948477008,1622
price at 4h low (rangepos <= 0.02),10,2022-23,low,0.08642234412194996,0.06208328788017001,0.10806596487075497,4321
price at 4h low (rangepos <= 0.02),10,2022-23,mid,0.09086591197214436,0.06770416337408776,0.11993282888356907,3200
price at 4h low (rangepos <= 0.02),10,2022-23,high,0.08476708913029672,0.03348759518243853,0.13990169502481686,636
price at 4h low (rangepos <= 0.02),10,2024-26,low,0.05633921138476513,0.04231089479798865,0.06936528679132997,14611
price at 4h low (rangepos <= 0.02),10,2024-26,mid,0.05995891672895939,0.04391946431252434,0.074345942573211,9486
price at 4h low (rangepos <= 0.02),10,2024-26,high,0.0426731662260186,-0.039860624728511596,0.14135283822783815,447
price at 4h low (rangepos <= 0.02),10,all,low,0.07211045312511029,0.06051764632253196,0.08230467770331074,21816
price at 4h low (rangepos <= 0.02),10,all,mid,0.0831331921395054,0.07226012338208229,0.09435464113899383,17286
price at 4h low (rangepos <= 0.02),10,all,high,0.10655737704918032,0.08128868580018488,0.13286796602796308,2745
sweep: range position < 0.1,30,2019,low,0.1332787743930684,0.1120804156845667,0.15632454745389593,12626
sweep: range position < 0.1,30,2019,mid,0.1514808587835905,0.11563832711667008,0.1907549302624586,3199
sweep: range position < 0.1,30,2019,high,,,,242
sweep: range position < 0.1,30,2020-21,low,0.1249542246441139,0.08873376365969587,0.15836341318268737,7180
sweep: range position < 0.1,30,2020-21,mid,0.09533973930134397,0.07827982899282854,0.11348810435196909,28745
sweep: range position < 0.1,30,2020-21,high,0.11837406899002681,0.095434550517183,0.14199535575309297,9869
sweep: range position < 0.1,30,2022-23,low,0.0847848803155309,0.06415511387720829,0.10557480275933039,26545
sweep: range position < 0.1,30,2022-23,mid,0.07385420799321964,0.05072772763365004,0.09997978188230934,24030
sweep: range position < 0.1,30,2022-23,high,0.08378031765128538,0.047374791640919525,0.12934797569339837,3627
sweep: range position < 0.1,30,2024-26,low,0.04537770488280476,0.03398578338715042,0.05996273830654219,60915
sweep: range position < 0.1,30,2024-26,mid,0.05891005500191954,0.044574923806289184,0.0738471017164123,44335
sweep: range position < 0.1,30,2024-26,high,0.0931063623156725,0.046139022249336525,0.1580779877026422,2218
sweep: range position < 0.1,30,all,low,0.06962551320606568,0.05971056304717652,0.08044156614751637,107266
sweep: range position < 0.1,30,all,mid,0.07574862076346088,0.06535941771229463,0.08632956480418147,100309
sweep: range position < 0.1,30,all,high,0.10732500127714896,0.0889484690419755,0.12848369293892883,15956
sweep: range position > 0.95,15,2019,low,-0.10653815893046396,-0.12604954220443745,-0.08709718797443497,10216
sweep: range position > 0.95,15,2019,mid,-0.074355833036582,-0.12028968568242265,-0.04011516732536914,3040
sweep: range position > 0.95,15,2019,high,,,,187
sweep: range position > 0.95,15,2020-21,low,-0.0975830725706186,-0.1207540885605935,-0.07155749382530147,6162
sweep: range position > 0.95,15,2020-21,mid,-0.07821970936280703,-0.09247883464433375,-0.06565833296438098,21613
sweep: range position > 0.95,15,2020-21,high,-0.09748411221076989,-0.12102989465989394,-0.0771546454571041,6766
sweep: range position > 0.95,15,2022-23,low,-0.07174878490544709,-0.09106152929429755,-0.0531062239976286,14596
sweep: range position > 0.95,15,2022-23,mid,-0.09096419003776744,-0.11152977746248047,-0.06870551540532625,10375
sweep: range position > 0.95,15,2022-23,high,-0.1150865011000911,-0.17591684229593862,-0.06729755524548307,883
sweep: range position > 0.95,15,2024-26,low,-0.05567312491633842,-0.06755609500725478,-0.04345032118761557,36083
sweep: range position > 0.95,15,2024-26,mid,-0.06961336081359355,-0.08373636593927498,-0.0570072924141882,27704
sweep: range position > 0.95,15,2024-26,high,-0.06992332652954418,-0.13939065222189365,-0.02048256666200633,1158
sweep: range position > 0.95,15,all,low,-0.07171795466532818,-0.08002983998221404,-0.0628315820463562,67057
sweep: range position > 0.95,15,all,mid,-0.07636498999715226,-0.0851623986746269,-0.06749633019392816,62732
sweep: range position > 0.95,15,all,high,-0.09395546219262614,-0.11363154641095759,-0.07607209950914066,8994
price at 4h high (rangepos >= 0.98),15,2019,low,-0.11009160772782525,-0.13481031058394827,-0.08608854261898369,4132
price at 4h high (rangepos >= 0.98),15,2019,mid,-0.059902137375824706,-0.108533581967097,-0.02288722480769096,1333
price at 4h high (rangepos >= 0.98),15,2019,high,,,,88
price at 4h high (rangepos >= 0.98),15,2020-21,low,-0.08862227915340652,-0.12113842907315361,-0.05866839090158901,2523
price at 4h high (rangepos >= 0.98),15,2020-21,mid,-0.08206558018766424,-0.09800577380436855,-0.06483460240204983,8733
price at 4h high (rangepos >= 0.98),15,2020-21,high,-0.10941942385990414,-0.13880933984108965,-0.08423728967265265,2605
price at 4h high (rangepos >= 0.98),15,2022-23,low,-0.06568208112666582,-0.08678551730492387,-0.04349223371509534,6128
price at 4h high (rangepos >= 0.98),15,2022-23,mid,-0.10563099761896945,-0.13250451567264335,-0.079910340268471,3420
price at 4h high (rangepos >= 0.98),15,2022-23,high,,,,288
price at 4h high (rangepos >= 0.98),15,2024-26,low,-0.05796494027160666,-0.07140001088122333,-0.0431629485754183,17124
price at 4h high (rangepos >= 0.98),15,2024-26,mid,-0.06944951659291032,-0.08490648313670436,-0.052588255381592355,12353
price at 4h high (rangepos >= 0.98),15,2024-26,high,-0.09754689754689756,-0.17314802387805595,-0.036573968376275745,504
price at 4h high (rangepos >= 0.98),15,all,low,-0.0705047390538678,-0.08130404514490142,-0.058813858703776,29907
price at 4h high (rangepos >= 0.98),15,all,mid,-0.07803701865260466,-0.08904516053445255,-0.06875155854040421,25839
price at 4h high (rangepos >= 0.98),15,all,high,-0.10554909914300499,-0.12906073377234425,-0.08266337486287909,3485
sweep: range position > 0.90,30,2019,low,-0.12419775735178863,-0.1426565167090021,-0.10639090077301137,23966
sweep: range position > 0.90,30,2019,mid,-0.080779859610401,-0.11967655919435861,-0.04520004517648379,6869
sweep: range position > 0.90,30,2019,high,-0.10323822463768115,-0.19852297008546987,-0.05993006651017211,414
sweep: range position > 0.90,30,2020-21,low,-0.12241076925364645,-0.14307566165679292,-0.10126430666955978,14630
sweep: range position > 0.90,30,2020-21,mid,-0.07338273743282236,-0.08969760403491496,-0.05944445016697873,50921
sweep: range position > 0.90,30,2020-21,high,-0.09849154992442924,-0.12122486732076125,-0.07361653941842,15981
sweep: range position > 0.90,30,2022-23,low,-0.06122881802297091,-0.076773141939875,-0.04459767217434441,34364
sweep: range position > 0.90,30,2022-23,mid,-0.07325971386233805,-0.09149137094598636,-0.055497320981109766,27199
sweep: range position > 0.90,30,2022-23,high,-0.10587761674718198,-0.16905587983583312,-0.04664781695502232,2277
sweep: range position > 0.90,30,2024-26,low,-0.045891236277991306,-0.05935713482427851,-0.031505053500841845,71738
sweep: range position > 0.90,30,2024-26,mid,-0.0685047562485587,-0.08282052237911501,-0.056360000834093454,57644
sweep: range position > 0.90,30,2024-26,high,-0.06987668417562333,-0.12707238716918118,-0.026397727413141656,2498
sweep: range position > 0.90,30,all,low,-0.07082952039648295,-0.07962206719767215,-0.06222490509251829,144698
sweep: range position > 0.90,30,all,mid,-0.07167493085486484,-0.07983237743793499,-0.06336314007780124,142633
sweep: range position > 0.90,30,all,high,-0.09513983678188276,-0.1146786364821602,-0.07424468613631788,21170
sweep: 15-min move < -3 sd,3,2019,low,0.12764934319982882,0.07753141185824583,0.1820603866991615,746
sweep: 15-min move < -3 sd,3,2019,mid,,,,173
sweep: 15-min move < -3 sd,3,2019,high,,,,16
sweep: 15-min move < -3 sd,3,2020-21,low,0.039778151450114214,-0.024227747874242672,0.10581192556987523,455
sweep: 15-min move < -3 sd,3,2020-21,mid,0.12765758536477292,0.09322225205982168,0.16936687414616458,1207
sweep: 15-min move < -3 sd,3,2020-21,high,0.13054043899103482,0.07052438177733648,0.19857368485675972,363
sweep: 15-min move < -3 sd,3,2022-23,low,0.08305444739952718,0.05430701045523395,0.11461433703276695,1728
sweep: 15-min move < -3 sd,3,2022-23,mid,0.04489383537079262,0.016246577841096514,0.08137559019917551,1504
sweep: 15-min move < -3 sd,3,2022-23,high,,,,172
sweep: 15-min move < -3 sd,3,2024-26,low,0.043359208022811964,0.011257109921375238,0.07523463473174562,2259
sweep: 15-min move < -3 sd,3,2024-26,mid,0.08956257163278665,0.051518521537219544,0.12307655180795725,1604
sweep: 15-min move < -3 sd,3,2024-26,high,,,,111
sweep: 15-min move < -3 sd,3,all,low,0.06849290855431095,0.04768843830613897,0.0885336160266701,5188
sweep: 15-min move < -3 sd,3,all,mid,0.08789092038467904,0.06897094241938151,0.10543470549064338,4488
sweep: 15-min move < -3 sd,3,all,high,0.09665799273658685,0.052501780657664116,0.15278070078308129,662
sweep: 5-min move < -3 sd,3,2019,low,0.1180943135899289,0.09419530840376236,0.14356889411656285,1843
sweep: 5-min move < -3 sd,3,2019,mid,0.09596582819174185,0.03753337279666963,0.15559077233830126,435
sweep: 5-min move < -3 sd,3,2019,high,,,,36
sweep: 5-min move < -3 sd,3,2020-21,low,0.10360734094302053,0.06391873579994341,0.1476467343186971,1017
sweep: 5-min move < -3 sd,3,2020-21,mid,0.10920775007547316,0.0848536633455362,0.130744494705212,2889
sweep: 5-min move < -3 sd,3,2020-21,high,0.04658047616937343,0.007376287544940483,0.0851365661551779,821
sweep: 5-min move < -3 sd,3,2022-23,low,0.07177313755172957,0.051720363328536446,0.09555112519839178,3307
sweep: 5-min move < -3 sd,3,2022-23,mid,0.07963568584902804,0.056924912710788644,0.10481695309936447,2725
sweep: 5-min move < -3 sd,3,2022-23,high,,,,250
sweep: 5-min move < -3 sd,3,2024-26,low,0.06857260050528532,0.05001595101530094,0.08575249749964244,3842
sweep: 5-min move < -3 sd,3,2024-26,mid,0.05507026968687206,0.031192784784278955,0.07636893620372041,2951
sweep: 5-min move < -3 sd,3,2024-26,high,,,,150
sweep: 5-min move < -3 sd,3,all,low,0.08239729899766905,0.07033303613722446,0.09418328550196386,10009
sweep: 5-min move < -3 sd,3,all,mid,0.08187428342686562,0.06852755231828477,0.09462573998479627,9000
sweep: 5-min move < -3 sd,3,all,high,0.04254291030995844,0.009608242826312402,0.07777924458023099,1257
sweep: range position < 0.05,15,2019,low,0.13315719549672364,0.10644589852594877,0.16023111519710095,4661
sweep: range position < 0.05,15,2019,mid,0.12111928782449617,0.07810266077525925,0.16578984365514723,1154
sweep: range position < 0.05,15,2019,high,,,,100
sweep: range position < 0.05,15,2020-21,low,0.13826961601157023,0.1039335747649548,0.1752993627699277,2831
sweep: range position < 0.05,15,2020-21,mid,0.1126253237154998,0.09564916086347947,0.12926262122098106,11457
sweep: range position < 0.05,15,2020-21,high,0.117755315695851,0.09211573885051119,0.14262501265624017,4223
sweep: range position < 0.05,15,2022-23,low,0.09247810173716181,0.07489130790319157,0.10981742436159152,10856
sweep: range position < 0.05,15,2022-23,mid,0.07997667895507592,0.058311503763066624,0.10559775315534306,9335
sweep: range position < 0.05,15,2022-23,high,0.04373648449278708,0.006104477384547757,0.09144385858680072,1666
sweep: range position < 0.05,15,2024-26,low,0.047901637252476786,0.03624812031241608,0.06164584109203152,30641
sweep: range position < 0.05,15,2024-26,mid,0.05387381575825375,0.03966462962663072,0.0687960573696756,21456
sweep: range position < 0.05,15,2024-26,high,0.047497970997486934,-0.016436101641747566,0.1256743575231093,1033
sweep: range position < 0.05,15,all,low,0.06939365027442819,0.0590911119059645,0.07968891306946466,48989
sweep: range position < 0.05,15,all,mid,0.07671170888555418,0.06626820697935007,0.08666870312811868,43402
sweep: range position < 0.05,15,all,high,0.08861974997926582,0.06656112534342909,0.11127118949934936,7022
sweep: RSI14 < 25,10,2019,low,0.13609821366551933,0.11288073398406236,0.16135318335570312,3968
sweep: RSI14 < 25,10,2019,mid,0.08306307148687483,0.02927512060731519,0.1431110285723578,827
sweep: RSI14 < 25,10,2019,high,,,,69
sweep: RSI14 < 25,10,2020-21,low,0.1159138692531187,0.08643427122031809,0.1507872312968062,2415
sweep: RSI14 < 25,10,2020-21,mid,0.09960761837874187,0.0788754251708503,0.11876794159374128,6135
sweep: RSI14 < 25,10,2020-21,high,0.08810346814076399,0.05856473605755588,0.1261342987626045,1918
sweep: RSI14 < 25,10,2022-23,low,0.05660022453625852,0.03639828741936693,0.07545852105304962,10691
sweep: RSI14 < 25,10,2022-23,mid,0.0656030026522451,0.044295955897908794,0.08683270366900969,6352
sweep: RSI14 < 25,10,2022-23,high,0.07544640691254528,-0.0002445986734619059,0.16265219287943994,694
sweep: RSI14 < 25,10,2024-26,low,0.060654516269070986,0.0457068618066247,0.07607744758943931,14788
sweep: RSI14 < 25,10,2024-26,mid,0.0846948443142862,0.06646376743331621,0.10210989998161257,8265
sweep: RSI14 < 25,10,2024-26,high,-0.009183335150061757,-0.10485428553770389,0.11541725452385918,417
sweep: RSI14 < 25,10,all,low,0.07212273622524254,0.060498926887293275,0.082395167603384,31862
sweep: RSI14 < 25,10,all,mid,0.08331578285068814,0.07321931192512346,0.09493046372274289,21579
sweep: RSI14 < 25,10,all,high,0.07456423499031634,0.04158997392100405,0.10589526582388581,3098
sweep: RSI14 < 25,5,2019,low,0.15004951223069904,0.1292253531587758,0.1724411972064427,3968
sweep: RSI14 < 25,5,2019,mid,0.12949181875319837,0.08677949677435993,0.1732783442413496,827
sweep: RSI14 < 25,5,2019,high,,,,69
sweep: RSI14 < 25,5,2020-21,low,0.12384164852254931,0.0969422864975495,0.15451540238102815,2415
sweep: RSI14 < 25,5,2020-21,mid,0.1126256276935932,0.09470031213171762,0.1306697951109408,6135
sweep: RSI14 < 25,5,2020-21,high,0.07214126587580139,0.040160315474362204,0.10323541423690956,1918
sweep: RSI14 < 25,5,2022-23,low,0.053366583231393955,0.035603704118498114,0.07071159767271644,10691
sweep: RSI14 < 25,5,2022-23,mid,0.06647848423285006,0.04829849927150025,0.08567361770097655,6352
sweep: RSI14 < 25,5,2022-23,high,0.07364658836200622,0.025083728359005766,0.12529119728603785,694
sweep: RSI14 < 25,5,2024-26,low,0.04833741680365767,0.03393943488301729,0.06131038258962487,14788
sweep: RSI14 < 25,5,2024-26,mid,0.0785221314781206,0.06254365506518361,0.09502428376483643,8265
sweep: RSI14 < 25,5,2024-26,high,0.010253842380640945,-0.07070656976523694,0.10647830720527088,417
sweep: RSI14 < 25,5,all,low,0.06796429342245561,0.05691927424878062,0.07789822736132805,31862
sweep: RSI14 < 25,5,all,mid,0.08668060774303156,0.07733996914477734,0.09682547621790488,21579
sweep: RSI14 < 25,5,all,high,0.06659534766457334,0.03965523426584364,0.09681784364953022,3098
price at 4h high (rangepos >= 0.98),10,2019,low,-0.1040643745523241,-0.12883076805060606,-0.08129883369171308,4132
price at 4h high (rangepos >= 0.98),10,2019,mid,-0.0757871005482742,-0.11637935761903755,-0.041826531092792656,1333
price at 4h high (rangepos >= 0.98),10,2019,high,,,,88
price at 4h high (rangepos >= 0.98),10,2020-21,low,-0.08703342557237496,-0.11886955352504773,-0.05740172148150426,2523
price at 4h high (rangepos >= 0.98),10,2020-21,mid,-0.08035473670470773,-0.09454094253472531,-0.06590576048313601,8733
price at 4h high (rangepos >= 0.98),10,2020-21,high,-0.09927001551443505,-0.1242178706374002,-0.07744676677847866,2605
price at 4h high (rangepos >= 0.98),10,2022-23,low,-0.05706560380133198,-0.07891190914386624,-0.03509048530461715,6128
price at 4h high (rangepos >= 0.98),10,2022-23,mid,-0.12134534533779714,-0.14263925002919667,-0.10101127194375299,3420
price at 4h high (rangepos >= 0.98),10,2022-23,high,,,,288
price at 4h high (rangepos >= 0.98),10,2024-26,low,-0.04953610780745918,-0.06200592954822723,-0.03552829511808936,17124
price at 4h high (rangepos >= 0.98),10,2024-26,mid,-0.06890197331732287,-0.08324359388765824,-0.052649710966255196,12353
price at 4h high (rangepos >= 0.98),10,2024-26,high,-0.08056908369408368,-0.1413958723984376,-0.03705081095494993,504
price at 4h high (rangepos >= 0.98),10,all,low,-0.0629149325010238,-0.07375453682325707,-0.052661162840638875,29907
price at 4h high (rangepos >= 0.98),10,all,mid,-0.0802165637427763,-0.09013485080517389,-0.07116730781381125,25839
price at 4h high (rangepos >= 0.98),10,all,high,-0.09426111908177905,-0.11621750143077426,-0.0745307008980867,3485
sweep: RSI14 < 25,3,2019,low,0.14572761549075683,0.1266425429058767,0.16467237949911215,3968
sweep: RSI14 < 25,3,2019,mid,0.14167320424978294,0.10187517988422609,0.17836551112744536,827
sweep: RSI14 < 25,3,2019,high,,,,69
sweep: RSI14 < 25,3,2020-21,low,0.11348415559090098,0.08770561661862032,0.14174601305635282,2415
sweep: RSI14 < 25,3,2020-21,mid,0.11986617030362123,0.1040654673292392,0.1373070171743965,6135
sweep: RSI14 < 25,3,2020-21,high,0.08571355607523354,0.05949402244143131,0.11045572047116314,1918
sweep: RSI14 < 25,3,2022-23,low,0.05358115600177829,0.03996516972924657,0.06901061353010689,10691
sweep: RSI14 < 25,3,2022-23,mid,0.06856538797275415,0.0550453155253143,0.08471230676923619,6352
sweep: RSI14 < 25,3,2022-23,high,0.06276046973093084,0.025011818780665197,0.11590621300396388,694
sweep: RSI14 < 25,3,2024-26,low,0.04267104012816568,0.031302931302700406,0.05302165356337392,14788
sweep: RSI14 < 25,3,2024-26,mid,0.06970703805294316,0.05546402884884481,0.08300736384155093,8265
sweep: RSI14 < 25,3,2024-26,high,0.06307385909454252,-0.01446815718157182,0.15255566215460348,417
sweep: RSI14 < 25,3,all,low,0.06465328493071097,0.05516424777335281,0.0733519335916151,31862
sweep: RSI14 < 25,3,all,mid,0.08648314698248297,0.0782294071642645,0.09557098398417169,21579
sweep: RSI14 < 25,3,all,high,0.0800329017998359,0.060256545981713275,0.10247321611989708,3098
sweep: RSI14 < 30,10,2019,low,0.10992865600408666,0.09488233653193257,0.1261368517208172,11332
sweep: RSI14 < 30,10,2019,mid,0.1069383966049488,0.0747558849386515,0.14324668867454718,2497
sweep: RSI14 < 30,10,2019,high,,,,205
sweep: RSI14 < 30,10,2020-21,low,0.11356390491575769,0.09468506442668723,0.1324721637082595,6865
sweep: RSI14 < 30,10,2020-21,mid,0.09567135678983198,0.08253617590389592,0.10828361193087256,18548
sweep: RSI14 < 30,10,2020-21,high,0.08406394337731703,0.06617039368097355,0.10379849120473374,5932
sweep: RSI14 < 30,10,2022-23,low,0.05845878609625066,0.0463052503259016,0.07113464160836105,25008
sweep: RSI14 < 30,10,2022-23,mid,0.06903851380391107,0.05600034190221538,0.08315549241401937,16596
sweep: RSI14 < 30,10,2022-23,high,0.08715723154651342,0.04095882204194921,0.13492360344534252,1838
sweep: RSI14 < 30,10,2024-26,low,0.0562137843669193,0.04553682633681232,0.06555226068802307,36616
sweep: RSI14 < 30,10,2024-26,mid,0.06496641105630308,0.0538402321005558,0.07491708457941916,23369
sweep: RSI14 < 30,10,2024-26,high,0.023490009822841145,-0.030935299591907023,0.08834469411712827,1162
sweep: RSI14 < 30,10,all,low,0.06883029508337309,0.06199641461468766,0.07536217931221331,79821
sweep: RSI14 < 30,10,all,mid,0.07715745413686813,0.07067068683800153,0.0848938860420193,61010
sweep: RSI14 < 30,10,all,high,0.07754186275582796,0.05963431534622184,0.09682927585569893,9137
RSI14 below 30,10,2019,low,0.10992865600408666,0.09488233653193257,0.1261368517208172,11332
RSI14 below 30,10,2019,mid,0.1069383966049488,0.0747558849386515,0.14324668867454718,2497
RSI14 below 30,10,2019,high,,,,205
RSI14 below 30,10,2020-21,low,0.11356390491575769,0.09468506442668723,0.1324721637082595,6865
RSI14 below 30,10,2020-21,mid,0.09567135678983198,0.08253617590389592,0.10828361193087256,18548
RSI14 below 30,10,2020-21,high,0.08406394337731703,0.06617039368097355,0.10379849120473374,5932
RSI14 below 30,10,2022-23,low,0.05845878609625066,0.0463052503259016,0.07113464160836105,25008
RSI14 below 30,10,2022-23,mid,0.06903851380391107,0.05600034190221538,0.08315549241401937,16596
RSI14 below 30,10,2022-23,high,0.08715723154651342,0.04095882204194921,0.13492360344534252,1838
RSI14 below 30,10,2024-26,low,0.0562137843669193,0.04553682633681232,0.06555226068802307,36616
RSI14 below 30,10,2024-26,mid,0.06496641105630308,0.0538402321005558,0.07491708457941916,23369
RSI14 below 30,10,2024-26,high,0.023490009822841145,-0.030935299591907023,0.08834469411712827,1162
RSI14 below 30,10,all,low,0.06883029508337309,0.06199641461468766,0.07536217931221331,79821
RSI14 below 30,10,all,mid,0.07715745413686813,0.07067068683800153,0.0848938860420193,61010
RSI14 below 30,10,all,high,0.07754186275582796,0.05963431534622184,0.09682927585569893,9137
RSI14 below 30,5,2019,low,0.11915845507596737,0.10693680318810844,0.13335317081981773,11332
RSI14 below 30,5,2019,mid,0.13946412409276182,0.10966269397080244,0.16719645636539426,2497
RSI14 below 30,5,2019,high,,,,205
RSI14 below 30,5,2020-21,low,0.10862568975549648,0.09117321480958814,0.12629532825073528,6865
RSI14 below 30,5,2020-21,mid,0.10676329011936347,0.09499518137737009,0.1177278994612802,18548
RSI14 below 30,5,2020-21,high,0.07822692067608575,0.061060462278279604,0.09595007338159661,5932
RSI14 below 30,5,2022-23,low,0.060735412185831075,0.050123739212480055,0.07229984359361503,25008
RSI14 below 30,5,2022-23,mid,0.06602838943291345,0.05580211954814588,0.07749256671055112,16596
RSI14 below 30,5,2022-23,high,0.05399266055550058,0.02332191279355599,0.09283731508980768,1838
RSI14 below 30,5,2024-26,low,0.04570642984288682,0.0365418829677156,0.05435514384509754,36616
RSI14 below 30,5,2024-26,mid,0.06326001088811863,0.05320953366370779,0.07358555368544244,23369
RSI14 below 30,5,2024-26,high,0.03665131304438534,-0.009743987721177218,0.09086268615736735,1162
RSI14 below 30,5,all,low,0.0658566670095242,0.06012563003997715,0.07190021278327247,79821
RSI14 below 30,5,all,mid,0.08040723459502686,0.07472108879994817,0.08598849216397746,61010
RSI14 below 30,5,all,high,0.06888154232581387,0.05300511022559148,0.08563463121429282,9137
sweep: RSI14 < 30,5,2019,low,0.11915845507596737,0.10693680318810844,0.13335317081981773,11332
sweep: RSI14 < 30,5,2019,mid,0.13946412409276182,0.10966269397080244,0.16719645636539426,2497
sweep: RSI14 < 30,5,2019,high,,,,205
sweep: RSI14 < 30,5,2020-21,low,0.10862568975549648,0.09117321480958814,0.12629532825073528,6865
sweep: RSI14 < 30,5,2020-21,mid,0.10676329011936347,0.09499518137737009,0.1177278994612802,18548
sweep: RSI14 < 30,5,2020-21,high,0.07822692067608575,0.061060462278279604,0.09595007338159661,5932
sweep: RSI14 < 30,5,2022-23,low,0.060735412185831075,0.050123739212480055,0.07229984359361503,25008
sweep: RSI14 < 30,5,2022-23,mid,0.06602838943291345,0.05580211954814588,0.07749256671055112,16596
sweep: RSI14 < 30,5,2022-23,high,0.05399266055550058,0.02332191279355599,0.09283731508980768,1838
sweep: RSI14 < 30,5,2024-26,low,0.04570642984288682,0.0365418829677156,0.05435514384509754,36616
sweep: RSI14 < 30,5,2024-26,mid,0.06326001088811863,0.05320953366370779,0.07358555368544244,23369
sweep: RSI14 < 30,5,2024-26,high,0.03665131304438534,-0.009743987721177218,0.09086268615736735,1162
sweep: RSI14 < 30,5,all,low,0.0658566670095242,0.06012563003997715,0.07190021278327247,79821
sweep: RSI14 < 30,5,all,mid,0.08040723459502686,0.07472108879994817,0.08598849216397746,61010
sweep: RSI14 < 30,5,all,high,0.06888154232581387,0.05300511022559148,0.08563463121429282,9137
sweep: RSI14 < 20,3,2019,low,0.14988706664860896,0.11457770748336248,0.18505504601250514,1276
sweep: RSI14 < 20,3,2019,mid,,,,275
sweep: RSI14 < 20,3,2019,high,,,,15
sweep: RSI14 < 20,3,2020-21,low,0.10448293818879928,0.06185460100247247,0.15122768678999937,767
sweep: RSI14 < 20,3,2020-21,mid,0.12793249257178185,0.09574060641171511,0.15837654805936058,1754
sweep: RSI14 < 20,3,2020-21,high,0.12691858735781955,0.08348279713049449,0.17488128060038519,448
sweep: RSI14 < 20,3,2022-23,low,0.04128843922514027,0.02135194969595557,0.0684430573506823,4404
sweep: RSI14 < 20,3,2022-23,mid,0.068933710609708,0.03981635536846425,0.1037413188363072,2026
sweep: RSI14 < 20,3,2022-23,high,,,,229
sweep: RSI14 < 20,3,2024-26,low,0.04958473799066925,0.030916097781633966,0.06940183141553904,5593
sweep: RSI14 < 20,3,2024-26,mid,0.09377712941998463,0.06779528899705071,0.12076549691966793,2389
sweep: RSI14 < 20,3,2024-26,high,,,,102
sweep: RSI14 < 20,3,all,low,0.06085843646564222,0.04704418716526792,0.07574932048659386,12040
sweep: RSI14 < 20,3,all,mid,0.09701518969626352,0.08136068237348486,0.11329246097625185,6444
sweep: RSI14 < 20,3,all,high,0.0906613563321335,0.0504564669217364,0.13299031828274827,794
sweep: range position < 0.05,10,2019,low,0.12983868668806048,0.10482977673249415,0.1548508403939265,4661
sweep: range position < 0.05,10,2019,mid,0.15605140500532386,0.11602596491635767,0.19724925880075242,1154
sweep: range position < 0.05,10,2019,high,,,,100
sweep: range position < 0.05,10,2020-21,low,0.12996797153537817,0.10371682743993899,0.15524404717931298,2831
sweep: range position < 0.05,10,2020-21,mid,0.1074624377063734,0.08976227075366701,0.12369822506206544,11457
sweep: range position < 0.05,10,2020-21,high,0.10605163273027912,0.084079977747161,0.12911163917580248,4223
sweep: range position < 0.05,10,2022-23,low,0.08448694934635402,0.06795954488615297,0.10118129657621074,10856
sweep: range position < 0.05,10,2022-23,mid,0.07924399177932166,0.057767496202553704,0.10128074823978385,9335
sweep: range position < 0.05,10,2022-23,high,0.05994395232840616,0.022746384868586288,0.11006923061495583,1666
sweep: range position < 0.05,10,2024-26,low,0.045172920202722795,0.034743595591471756,0.056843888039561495,30641
sweep: range position < 0.05,10,2024-26,mid,0.04898309860348447,0.03605301736346609,0.061497683494053955,21456
sweep: range position < 0.05,10,2024-26,high,0.058283311087643126,-0.0021148296429381857,0.1311698174392915,1033
sweep: range position < 0.05,10,all,low,0.06526074464898599,0.05617896888935188,0.07470259660759175,48989
sweep: range position < 0.05,10,all,mid,0.07373245843017961,0.06455783752568742,0.0828197201087419,43402
sweep: range position < 0.05,10,all,high,0.08729706636285958,0.0681175784782417,0.10858363688352737,7022
sweep: RSI60 < 40,30,2019,low,0.09414695349766539,0.0638419221596034,0.12434969577408116,8715
sweep: RSI60 < 40,30,2019,mid,0.08518899147877555,0.028498356341397586,0.15156969489806185,2098
sweep: RSI60 < 40,30,2019,high,,,,208
sweep: RSI60 < 40,30,2020-21,low,0.08942471025482264,0.04493266429160041,0.13944930944555162,5122
sweep: RSI60 < 40,30,2020-21,mid,0.07416818580609666,0.04645750759936439,0.10116767012814792,14940
sweep: RSI60 < 40,30,2020-21,high,0.1215593178226711,0.08171759165739839,0.1695167598166571,4168
sweep: RSI60 < 40,30,2022-23,low,0.08829847951112978,0.06459043414584466,0.11653616677649042,18604
sweep: RSI60 < 40,30,2022-23,mid,0.051829236092184004,0.02508223973894599,0.08307518655120559,14442
sweep: RSI60 < 40,30,2022-23,high,0.11977636375226736,0.05793210045785164,0.18673798994352767,1743
sweep: RSI60 < 40,30,2024-26,low,0.06081637507495208,0.04213859612688592,0.07802151752894636,28368
sweep: RSI60 < 40,30,2024-26,mid,0.07310845848228709,0.04954293061595403,0.0979455084295827,18140
sweep: RSI60 < 40,30,2024-26,high,0.08087588987895288,0.005546393501856785,0.1803988058570129,857
sweep: RSI60 < 40,30,all,low,0.07569636670688916,0.060741341590975974,0.08768503028114823,60809
sweep: RSI60 < 40,30,all,mid,0.06761660299100172,0.05385760744556488,0.08153518411039558,49620
sweep: RSI60 < 40,30,all,high,0.11455819531304123,0.08518486252405082,0.14392567803071157,6976
