pattern,horizon,ratio_all_years,ratio_within_eras,eras_used
sweep: range position > 0.95,30,1.5869164144405925,1.09584394360434,3
price at 4h high (rangepos >= 0.98),30,1.6936572468750346,1.2064619668157774,2
sweep: range position < 0.05,30,1.8036521363387708,1.1791979339402026,3
price at 4h low (rangepos <= 0.02),30,2.0422820788203295,1.465524252380682,3
price at 4h low (rangepos <= 0.02),15,1.5014158645416158,0.9584474787037114,3
price at 4h low (rangepos <= 0.02),10,1.477696678237554,0.902788648425883,3
sweep: range position < 0.1,30,1.5414608285831486,1.0421142040326132,3
sweep: range position > 0.95,15,1.3100689029834898,1.0742790755536535,3
price at 4h high (rangepos >= 0.98),15,1.4970497098409543,1.2864640561449818,2
sweep: range position > 0.90,30,1.3432229422042923,0.9060103336949751,4
sweep: 15-min move < -3 sd,3,1.411211682738551,3.2817120512687876,1
sweep: 5-min move < -3 sd,3,0.5163143795667615,0.4495866387980233,1
sweep: range position < 0.05,15,1.277058486314021,0.7652128755436302,3
sweep: RSI14 < 25,10,1.0338519985909698,0.7581583131523161,3
sweep: RSI14 < 25,5,0.9798578681694944,0.6574125152127642,3
price at 4h high (rangepos >= 0.98),10,1.4982312677557932,1.1901993255580718,2
sweep: RSI14 < 25,3,1.237878351975577,0.8592086878481615,3
sweep: RSI14 < 30,10,1.1265658916891563,0.8106502702285238,3
RSI14 below 30,10,1.1265658916891563,0.8106502702285238,3
RSI14 below 30,5,1.0459311935092648,0.7488095765224518,3
sweep: RSI14 < 30,5,1.0459311935092648,0.7488095765224518,3
sweep: RSI14 < 20,3,1.4897089310422327,1.2147302665673447,1
sweep: range position < 0.05,10,1.3376658025034656,0.8288442442731476,3
sweep: RSI60 < 40,30,1.5133909366698208,1.3559315725113394,3
