fdr,stable,max_z
0,0,3.7735214656010156
0,0,2.8764303422245194
0,0,2.9239154202687865
5,3,3.863655293426828
0,0,3.465128372564312
0,0,3.2226169686875346
0,0,2.6108481739586424
0,0,3.7048349879534457
0,0,3.155350598059739
0,0,3.3426443714100387
0,0,2.754033971707058
0,0,3.1896501203360295
0,0,3.4923325474457427
0,0,3.039018092723617
0,0,3.067222939542264
0,0,3.116699629327951
0,0,3.0015869752564
0,0,3.692955169301312
6,6,3.930096989417446
0,0,3.3188807505048725
0,0,3.1438739738113735
0,0,2.5660519165839792
0,0,3.1711598536046144
0,0,3.1901894337057657
0,0,2.9945402108960417
0,0,2.8354893433860813
0,0,3.2248918152923207
0,0,3.3079786667901905
0,0,2.8918268847985815
0,0,2.938608257731245
0,0,2.9140609027783766
0,0,3.0516818772780825
0,0,2.582604325442117
0,0,2.8689820084248288
0,0,3.666584573126221
0,0,2.838290742891642
0,0,2.939820947358087
0,0,2.725026993059315
0,0,3.238022615389274
0,0,3.3182457949888007
0,0,3.1280522858019406
0,0,3.3371587360870336
0,0,3.2821985054498533
0,0,3.334603744196708
0,0,3.1642781724273283
0,0,3.2022836956862535
0,0,3.221148343116139
0,0,3.331606004943451
0,0,3.168115500257915
529,84,5.863706989427111
0,0,3.219995733144829
0,0,2.8228235676635505
0,0,3.5769134655842056
0,0,3.4022539425954306
0,0,2.991791536616151
0,0,3.4650165845112624
0,0,3.2558294593449544
0,0,3.195656703693559
0,0,3.4090601972936976
38,31,4.50831477813081
0,0,3.5344408186259155
0,0,3.6540095188826998
0,0,3.668577164582594
0,0,3.0801732028039903
0,0,3.0387176816767822
0,0,3.1380840342812677
0,0,2.8384374525851896
0,0,3.4248404735762374
0,0,3.449404196060141
0,0,2.9093449672074883
0,0,3.3288725958247776
0,0,3.387589259628865
0,0,3.8593866937018646
0,0,3.2682079803559705
0,0,3.5048245692258497
0,0,2.768102797186296
0,0,3.367660252920661
0,0,2.945308863413758
0,0,3.1279847359422015
0,0,3.3196800486561555
0,0,2.7659773186651075
0,0,3.5537679893950815
0,0,2.7681267769351345
0,0,3.0353053986420084
0,0,3.110601489379078
3,3,4.339423381683627
0,0,3.323153671661114
0,0,3.0258015557963662
0,0,2.8633947275386475
0,0,2.5628032513289316
0,0,2.889606923659407
0,0,3.416645685428244
0,0,3.202743038353243
0,0,2.9915143786959058
0,0,2.731399124393511
6,6,4.716065450948686
0,0,3.3292948407342084
0,0,3.0810141931126385
0,0,3.4522555309154046
0,0,3.4451089459722675
0,0,3.3226358186295353
0,0,3.333268219646826
0,0,3.440832500103571
0,0,3.0906160425475604
0,0,3.5402632267066494
1,1,4.051324816575026
0,0,3.308377062528446
0,0,2.7827023017155423
0,0,3.658503156837623
0,0,2.850843955828225
0,0,3.5731362847175245
0,0,3.3437953296257277
0,0,2.817796543170342
0,0,3.2600847649668507
0,0,2.795658408989652
0,0,3.8198397238861848
0,0,3.243571469645844
2,2,3.7928108900797133
0,0,3.265481389981001
1,1,3.869452119316979
0,0,3.168689719656411
0,0,3.294705501088376
0,0,3.492407896849798
0,0,3.3533346812892173
0,0,3.4232252361223736
3,3,4.541724355661789
0,0,3.83374172842754
0,0,2.751277502593293
0,0,3.1092625611431863
0,0,3.550580185645506
0,0,3.084459075016468
0,0,3.3076671180382395
0,0,3.3974349971436184
0,0,2.9698701689930354
0,0,2.945099996308434
0,0,3.549488666743222
0,0,2.5514055822919848
0,0,3.1940986995701763
0,0,2.9238829430388824
0,0,2.7086014992516088
0,0,3.1885031397108246
0,0,2.901178732910548
0,0,2.9196322235270973
0,0,3.3443274298419645
0,0,3.2220968160499655
0,0,2.9483734199140317
1,1,3.951553455844073
0,0,2.801494620033297
0,0,3.364710632579252
0,0,2.864314783906738
1,1,3.899598972253603
0,0,3.4243861789879357
0,0,3.2474549681040523
0,0,2.9907856619742863
3,2,3.8572687034077546
639,147,6.265377950067307
0,0,2.8639196628011176
0,0,2.685505724687019
0,0,3.8191761580682013
0,0,3.795771173580376
0,0,3.3165728919217594
0,0,2.814891018118859
5,5,4.151048332836436
0,0,3.2077636078478164
0,0,2.391785618751365
0,0,3.3987954457243763
0,0,2.663637174204525
640,103,6.021333272871253
0,0,3.0604517356562146
0,0,3.5763088378770624
6,6,4.304388081931132
1,1,3.9131907123000773
0,0,3.3313336835037375
0,0,2.789392999498192
0,0,3.8599052032374668
3,3,4.127982220815315
0,0,3.191411172480085
0,0,2.9071540241176694
0,0,2.835533497256254
15,14,3.9716314218723454
0,0,2.657734071271531
0,0,3.1442427386145004
0,0,3.351817765025593
0,0,3.123579908921557
0,0,3.1044869300634397
0,0,3.2232241087418094
0,0,3.00271006183378
0,0,3.3721252423037025
0,0,3.0914802736393048
0,0,3.11177632903859
0,0,3.2270281666665763
0,0,3.3967396629094653
0,0,3.141074521013399
0,0,3.2170158577613464
0,0,2.718269815541942
3,3,4.224565045878799
0,0,3.780411413079181
1,1,4.224557587830457
0,0,2.8440573006060594
0,0,2.6350106917383753
