minute,month,max_depth,learning_rate,n_estimators,min_child_weight,subsample,colsample_bytree,reg_lambda
0,2026-01,2,0.02286912281984925,150,53,0.6097778226214075,0.8122478034573789,1.5361797599500042
0,2026-02,5,0.019912483055753345,300,82,0.50073484279424,0.6801903900692501,1.871010944396673
0,2026-03,3,0.013858560188953033,150,75,0.8017000797109389,0.9723995480687349,12.171089759976484
0,2026-04,2,0.012783202515999584,200,104,0.5607053174400823,0.6943892863677227,1.1827003523619088
0,2026-05,2,0.01692484318278048,650,150,0.5973399190176204,0.7347593095291165,12.454386703627044
0,2026-06,2,0.017494668250248816,400,54,0.5012038797024568,0.8977338787324444,0.8148953093729451
0,2026-07,6,0.013661009657150433,300,37,0.8389513953552319,0.6043879724208928,8.727942743178833
0,2026-08,4,0.014842027424330405,400,39,0.6148796275329911,0.714969103430003,0.7479302473063338
3,2026-01,3,0.010106623449819085,750,34,0.5732404901707316,0.8893719843038147,1.344866180299851
3,2026-02,5,0.011349515258265778,300,21,0.5021688781570316,0.7685285138213029,4.194311502246797
3,2026-03,5,0.011977195682764619,600,57,0.6051912805369204,0.477355778592912,1.6006823105040158
3,2026-04,3,0.024034032163452748,200,53,0.6657565945015046,0.9861199055680909,2.4933887909642407
3,2026-05,5,0.010560945490815111,500,26,0.6835318126612335,0.5947295261511695,1.7551146615075264
3,2026-06,4,0.018012840549880987,400,43,0.6160701282888463,0.9183855033182613,8.38756199999762
3,2026-07,2,0.020802203302532882,350,27,0.8491538486447138,0.9457761414741255,1.6909499959190966
3,2026-08,5,0.010055161644905147,650,36,0.5843663738731413,0.659226696392692,1.5640542120850942
