minute,rule,rule_accuracy,logistic-all,forest,hgb-all,xgb-price,xgb-all,best,best_minus_rule,low,high,n
0,prev-window,0.522076474622771,0.5289351851851852,0.5264917695473251,0.5272633744855967,0.5238340192043895,0.5237482853223594,logistic-all,0.006858710562414266,-0.0001286008230452675,0.013675625857338815,23328
1,lead-z,0.5885631001371742,0.5921210562414266,0.5922067901234568,0.5933641975308642,0.590835048010974,0.5923782578875172,hgb-all,0.004801097393689987,0.0005572702331961591,0.00883166152263374,23328
2,lead-z,0.6324159807956105,0.6252143347050755,0.6315157750342936,0.6305727023319616,0.6325017146776406,0.6287722908093278,xgb-price,8.573388203017832e-05,-0.003729423868312757,0.00411522633744856,23328
3,lead-z,0.663451646090535,0.6566358024691358,0.6612654320987654,0.66349451303155,0.6613940329218106,0.6627657750342936,hgb-all,4.286694101508916e-05,-0.002914951989026063,0.0029160236625514345,23328
4,lead-z,0.68269890260631,0.6773405349794238,0.681241426611797,0.6819701646090535,0.6827846364883402,0.682227366255144,xgb-price,8.573388203017832e-05,-0.0030435528120713305,0.003087491426611791,23328
5,lead-z,0.6998456790123457,0.6908864883401921,0.6998028120713305,0.6985168038408779,0.6991169410150891,0.6995884773662552,forest,-4.286694101508916e-05,-0.0033436213991769547,0.0033436213991769547,23328
6,lead-z,0.7290380658436214,0.722608024691358,0.7289951989026063,0.7281378600823045,0.7290380658436214,0.7276663237311386,xgb-price,0.0,-0.0024862825788751716,0.0024005486968449933,23328
7,lead-z,0.7566015089163237,0.7478995198902606,0.7557013031550068,0.7555727023319616,0.7550154320987654,0.7554869684499315,forest,-0.0009002057613168725,-0.0027434842249657062,0.0009859396433470507,23328
8,lead-z,0.7746484910836763,0.7686899862825789,0.7751200274348422,0.7737911522633745,0.774519890260631,0.7733196159122085,forest,0.0004715363511659808,-0.0012431412894375858,0.0021433470507544582,23328
9,lead-z,0.7958676268861454,0.7903377914951989,0.7942815500685871,0.7938957475994513,0.7958247599451304,0.794710219478738,xgb-price,-4.286694101508916e-05,-0.0024434156378600825,0.002357681755829904,23328
10,lead-z,0.8225308641975309,0.8163151577503429,0.8200017146776406,0.8203446502057613,0.8199159807956105,0.8203875171467764,xgb-all,-0.0021433470507544582,-0.004116298010973935,-0.0002143347050754458,23328
11,lead-z,0.8445644718792867,0.8404492455418381,0.8437928669410151,0.842806927297668,0.8425497256515775,0.842335390946502,forest,-0.0007716049382716049,-0.0022719478737997256,0.0006430041152263374,23328
12,lead-z,0.8635116598079561,0.8616683813443072,0.8634259259259259,0.8633401920438958,0.8628257887517147,0.862482853223594,forest,-8.573388203017832e-05,-0.0013717421124828531,0.0012431412894375858,23328
13,lead-z,0.8922753772290809,0.8904320987654321,0.89184670781893,0.8915895061728395,0.8907750342935528,0.8904749657064472,forest,-0.0004286694101508916,-0.001328875171467764,0.0004715363511659808,23328
14,lead-z,0.9230109739368999,0.9193672839506173,0.923053840877915,0.9223679698216736,0.9224965706447188,0.9223251028806584,forest,4.286694101508916e-05,-0.00051440329218107,0.0006430041152263374,23328
