minute,model,month,n,accuracy
0,majority,2026-01,2976,0.5067204301075269
0,majority,2026-02,2688,0.4962797619047619
0,majority,2026-03,2976,0.5006720430107527
0,majority,2026-04,2880,0.49027777777777776
0,majority,2026-05,2976,0.49294354838709675
0,majority,2026-06,2880,0.5243055555555556
0,majority,2026-07,2976,0.5026881720430108
0,majority,2026-08,2976,0.4969758064516129
0,prev-window,2026-01,2976,0.5329301075268817
0,prev-window,2026-02,2688,0.5301339285714286
0,prev-window,2026-03,2976,0.5110887096774194
0,prev-window,2026-04,2880,0.5302083333333333
0,prev-window,2026-05,2976,0.519489247311828
0,prev-window,2026-06,2880,0.5256944444444445
0,prev-window,2026-07,2976,0.5178091397849462
0,prev-window,2026-08,2976,0.5104166666666666
0,win1-logistic,2026-01,2976,0.5329301075268817
0,win1-logistic,2026-02,2688,0.5301339285714286
0,win1-logistic,2026-03,2976,0.5124327956989247
0,win1-logistic,2026-04,2880,0.5350694444444445
0,win1-logistic,2026-05,2976,0.519489247311828
0,win1-logistic,2026-06,2880,0.5263888888888889
0,win1-logistic,2026-07,2976,0.5110887096774194
0,win1-logistic,2026-08,2976,0.508736559139785
0,logistic-all,2026-01,2976,0.5272177419354839
0,logistic-all,2026-02,2688,0.5174851190476191
0,logistic-all,2026-03,2976,0.532258064516129
0,logistic-all,2026-04,2880,0.5375
0,logistic-all,2026-05,2976,0.5325940860215054
0,logistic-all,2026-06,2880,0.5246527777777777
0,logistic-all,2026-07,2976,0.5376344086021505
0,logistic-all,2026-08,2976,0.5211693548387096
0,forest,2026-01,2976,0.5305779569892473
0,forest,2026-02,2688,0.5122767857142857
0,forest,2026-03,2976,0.5265456989247311
0,forest,2026-04,2880,0.5309027777777777
0,forest,2026-05,2976,0.5221774193548387
0,forest,2026-06,2880,0.5340277777777778
0,forest,2026-07,2976,0.5288978494623656
0,forest,2026-08,2976,0.5255376344086021
0,hgb-all,2026-01,2976,0.5265456989247311
0,hgb-all,2026-02,2688,0.5238095238095238
0,hgb-all,2026-03,2976,0.5329301075268817
0,hgb-all,2026-04,2880,0.5350694444444445
0,hgb-all,2026-05,2976,0.5241935483870968
0,hgb-all,2026-06,2880,0.5222222222222223
0,hgb-all,2026-07,2976,0.5315860215053764
0,hgb-all,2026-08,2976,0.521505376344086
0,xgb-price,2026-01,2976,0.5228494623655914
0,xgb-price,2026-02,2688,0.5163690476190477
0,xgb-price,2026-03,2976,0.5262096774193549
0,xgb-price,2026-04,2880,0.5201388888888889
0,xgb-price,2026-05,2976,0.5309139784946236
0,xgb-price,2026-06,2880,0.5166666666666667
0,xgb-price,2026-07,2976,0.532258064516129
0,xgb-price,2026-08,2976,0.5241935483870968
0,xgb-all,2026-01,2976,0.5278897849462365
0,xgb-all,2026-02,2688,0.5182291666666666
0,xgb-all,2026-03,2976,0.5114247311827957
0,xgb-all,2026-04,2880,0.5354166666666667
0,xgb-all,2026-05,2976,0.5262096774193549
0,xgb-all,2026-06,2880,0.5204861111111111
0,xgb-all,2026-07,2976,0.5235215053763441
0,xgb-all,2026-08,2976,0.5265456989247311
1,majority,2026-01,2976,0.5067204301075269
1,majority,2026-02,2688,0.4962797619047619
1,majority,2026-03,2976,0.5006720430107527
1,majority,2026-04,2880,0.49027777777777776
1,majority,2026-05,2976,0.49294354838709675
1,majority,2026-06,2880,0.5243055555555556
1,majority,2026-07,2976,0.5026881720430108
1,majority,2026-08,2976,0.4969758064516129
1,lead-only,2026-01,2976,0.5809811827956989
1,lead-only,2026-02,2688,0.5710565476190477
1,lead-only,2026-03,2976,0.5803091397849462
1,lead-only,2026-04,2880,0.5993055555555555
1,lead-only,2026-05,2976,0.5880376344086021
1,lead-only,2026-06,2880,0.6142361111111111
1,lead-only,2026-07,2976,0.6038306451612904
1,lead-only,2026-08,2976,0.5745967741935484
1,lead-z,2026-01,2976,0.5772849462365591
1,lead-z,2026-02,2688,0.5706845238095238
1,lead-z,2026-03,2976,0.5786290322580645
1,lead-z,2026-04,2880,0.6052083333333333
1,lead-z,2026-05,2976,0.5877016129032258
1,lead-z,2026-06,2880,0.6104166666666667
1,lead-z,2026-07,2976,0.604502688172043
1,lead-z,2026-08,2976,0.5735887096774194
1,logistic-all,2026-01,2976,0.5823252688172043
1,logistic-all,2026-02,2688,0.5840773809523809
1,logistic-all,2026-03,2976,0.5856854838709677
1,logistic-all,2026-04,2880,0.5979166666666667
1,logistic-all,2026-05,2976,0.5920698924731183
1,logistic-all,2026-06,2880,0.6128472222222222
1,logistic-all,2026-07,2976,0.5994623655913979
1,logistic-all,2026-08,2976,0.5826612903225806
1,forest,2026-01,2976,0.5789650537634409
1,forest,2026-02,2688,0.5729166666666666
1,forest,2026-03,2976,0.5853494623655914
1,forest,2026-04,2880,0.6034722222222222
1,forest,2026-05,2976,0.605510752688172
1,forest,2026-06,2880,0.6059027777777778
1,forest,2026-07,2976,0.6008064516129032
1,forest,2026-08,2976,0.5836693548387096
1,hgb-all,2026-01,2976,0.5786290322580645
1,hgb-all,2026-02,2688,0.5788690476190477
1,hgb-all,2026-03,2976,0.5893817204301075
1,hgb-all,2026-04,2880,0.6003472222222223
1,hgb-all,2026-05,2976,0.6041666666666666
1,hgb-all,2026-06,2880,0.6086805555555556
1,hgb-all,2026-07,2976,0.604502688172043
1,hgb-all,2026-08,2976,0.5816532258064516
1,xgb-price,2026-01,2976,0.5776209677419355
1,xgb-price,2026-02,2688,0.5732886904761905
1,xgb-price,2026-03,2976,0.5866935483870968
1,xgb-price,2026-04,2880,0.6079861111111111
1,xgb-price,2026-05,2976,0.6001344086021505
1,xgb-price,2026-06,2880,0.6048611111111111
1,xgb-price,2026-07,2976,0.6014784946236559
1,xgb-price,2026-08,2976,0.5739247311827957
1,xgb-all,2026-01,2976,0.5766129032258065
1,xgb-all,2026-02,2688,0.5811011904761905
1,xgb-all,2026-03,2976,0.5890456989247311
1,xgb-all,2026-04,2880,0.6027777777777777
1,xgb-all,2026-05,2976,0.6048387096774194
1,xgb-all,2026-06,2880,0.6027777777777777
1,xgb-all,2026-07,2976,0.5940860215053764
1,xgb-all,2026-08,2976,0.5873655913978495
2,majority,2026-01,2976,0.5067204301075269
2,majority,2026-02,2688,0.4962797619047619
2,majority,2026-03,2976,0.5006720430107527
2,majority,2026-04,2880,0.49027777777777776
2,majority,2026-05,2976,0.49294354838709675
2,majority,2026-06,2880,0.5243055555555556
2,majority,2026-07,2976,0.5026881720430108
2,majority,2026-08,2976,0.4969758064516129
2,lead-only,2026-01,2976,0.6233198924731183
2,lead-only,2026-02,2688,0.6264880952380952
2,lead-only,2026-03,2976,0.6360887096774194
2,lead-only,2026-04,2880,0.6364583333333333
2,lead-only,2026-05,2976,0.6350806451612904
2,lead-only,2026-06,2880,0.6413194444444444
2,lead-only,2026-07,2976,0.6303763440860215
2,lead-only,2026-08,2976,0.6095430107526881
2,lead-z,2026-01,2976,0.626008064516129
2,lead-z,2026-02,2688,0.6261160714285714
2,lead-z,2026-03,2976,0.6354166666666666
2,lead-z,2026-04,2880,0.6361111111111111
2,lead-z,2026-05,2976,0.6377688172043011
2,lead-z,2026-06,2880,0.6413194444444444
2,lead-z,2026-07,2976,0.6303763440860215
2,lead-z,2026-08,2976,0.626008064516129
2,logistic-all,2026-01,2976,0.6233198924731183
2,logistic-all,2026-02,2688,0.6294642857142857
2,logistic-all,2026-03,2976,0.6276881720430108
2,logistic-all,2026-04,2880,0.6263888888888889
2,logistic-all,2026-05,2976,0.6243279569892473
2,logistic-all,2026-06,2880,0.6288194444444445
2,logistic-all,2026-07,2976,0.6236559139784946
2,logistic-all,2026-08,2976,0.6186155913978495
2,forest,2026-01,2976,0.6293682795698925
2,forest,2026-02,2688,0.6324404761904762
2,forest,2026-03,2976,0.6307123655913979
2,forest,2026-04,2880,0.6454861111111111
2,forest,2026-05,2976,0.6334005376344086
2,forest,2026-06,2880,0.6315972222222223
2,forest,2026-07,2976,0.6303763440860215
2,forest,2026-08,2976,0.6192876344086021
2,hgb-all,2026-01,2976,0.6202956989247311
2,hgb-all,2026-02,2688,0.6298363095238095
2,hgb-all,2026-03,2976,0.6283602150537635
2,hgb-all,2026-04,2880,0.6402777777777777
2,hgb-all,2026-05,2976,0.6320564516129032
2,hgb-all,2026-06,2880,0.6413194444444444
2,hgb-all,2026-07,2976,0.6334005376344086
2,hgb-all,2026-08,2976,0.6196236559139785
2,xgb-price,2026-01,2976,0.6263440860215054
2,xgb-price,2026-02,2688,0.6264880952380952
2,xgb-price,2026-03,2976,0.636760752688172
2,xgb-price,2026-04,2880,0.6447916666666667
2,xgb-price,2026-05,2976,0.6354166666666666
2,xgb-price,2026-06,2880,0.640625
2,xgb-price,2026-07,2976,0.6387768817204301
2,xgb-price,2026-08,2976,0.6108870967741935
2,xgb-all,2026-01,2976,0.625
2,xgb-all,2026-02,2688,0.6272321428571429
2,xgb-all,2026-03,2976,0.6280241935483871
2,xgb-all,2026-04,2880,0.6375
2,xgb-all,2026-05,2976,0.6381048387096774
2,xgb-all,2026-06,2880,0.6347222222222222
2,xgb-all,2026-07,2976,0.6253360215053764
2,xgb-all,2026-08,2976,0.6145833333333334
3,majority,2026-01,2976,0.5067204301075269
3,majority,2026-02,2688,0.4962797619047619
3,majority,2026-03,2976,0.5006720430107527
3,majority,2026-04,2880,0.49027777777777776
3,majority,2026-05,2976,0.49294354838709675
3,majority,2026-06,2880,0.5243055555555556
3,majority,2026-07,2976,0.5026881720430108
3,majority,2026-08,2976,0.4969758064516129
3,lead-only,2026-01,2976,0.6549059139784946
3,lead-only,2026-02,2688,0.6551339285714286
3,lead-only,2026-03,2976,0.6528897849462365
3,lead-only,2026-04,2880,0.6621527777777778
3,lead-only,2026-05,2976,0.6656586021505376
3,lead-only,2026-06,2880,0.6697916666666667
3,lead-only,2026-07,2976,0.6676747311827957
3,lead-only,2026-08,2976,0.6764112903225806
3,lead-z,2026-01,2976,0.65625
3,lead-z,2026-02,2688,0.6551339285714286
3,lead-z,2026-03,2976,0.6515456989247311
3,lead-z,2026-04,2880,0.6611111111111111
3,lead-z,2026-05,2976,0.6646505376344086
3,lead-z,2026-06,2880,0.6704861111111111
3,lead-z,2026-07,2976,0.6703629032258065
3,lead-z,2026-08,2976,0.6774193548387096
3,logistic-all,2026-01,2976,0.6575940860215054
3,logistic-all,2026-02,2688,0.6462053571428571
3,logistic-all,2026-03,2976,0.6458333333333334
3,logistic-all,2026-04,2880,0.6628472222222223
3,logistic-all,2026-05,2976,0.6485215053763441
3,logistic-all,2026-06,2880,0.6649305555555556
3,logistic-all,2026-07,2976,0.6616263440860215
3,logistic-all,2026-08,2976,0.664986559139785
3,forest,2026-01,2976,0.657258064516129
3,forest,2026-02,2688,0.6499255952380952
3,forest,2026-03,2976,0.6451612903225806
3,forest,2026-04,2880,0.6618055555555555
3,forest,2026-05,2976,0.6700268817204301
3,forest,2026-06,2880,0.6677083333333333
3,forest,2026-07,2976,0.6673387096774194
3,forest,2026-08,2976,0.6700268817204301
3,hgb-all,2026-01,2976,0.6626344086021505
3,hgb-all,2026-02,2688,0.6502976190476191
3,hgb-all,2026-03,2976,0.646505376344086
3,hgb-all,2026-04,2880,0.6642361111111111
3,hgb-all,2026-05,2976,0.6693548387096774
3,hgb-all,2026-06,2880,0.6673611111111111
3,hgb-all,2026-07,2976,0.6710349462365591
3,hgb-all,2026-08,2976,0.6754032258064516
3,xgb-price,2026-01,2976,0.6532258064516129
3,xgb-price,2026-02,2688,0.6488095238095238
3,xgb-price,2026-03,2976,0.6508736559139785
3,xgb-price,2026-04,2880,0.6659722222222222
3,xgb-price,2026-05,2976,0.6663306451612904
3,xgb-price,2026-06,2880,0.6607638888888889
3,xgb-price,2026-07,2976,0.6696908602150538
3,xgb-price,2026-08,2976,0.6743951612903226
3,xgb-all,2026-01,2976,0.6596102150537635
3,xgb-all,2026-02,2688,0.6517857142857143
3,xgb-all,2026-03,2976,0.6458333333333334
3,xgb-all,2026-04,2880,0.6663194444444445
3,xgb-all,2026-05,2976,0.6690188172043011
3,xgb-all,2026-06,2880,0.6673611111111111
3,xgb-all,2026-07,2976,0.6696908602150538
3,xgb-all,2026-08,2976,0.6717069892473119
4,majority,2026-01,2976,0.5067204301075269
4,majority,2026-02,2688,0.4962797619047619
4,majority,2026-03,2976,0.5006720430107527
4,majority,2026-04,2880,0.49027777777777776
4,majority,2026-05,2976,0.49294354838709675
4,majority,2026-06,2880,0.5243055555555556
4,majority,2026-07,2976,0.5026881720430108
4,majority,2026-08,2976,0.4969758064516129
4,lead-only,2026-01,2976,0.6854838709677419
4,lead-only,2026-02,2688,0.671875
4,lead-only,2026-03,2976,0.6686827956989247
4,lead-only,2026-04,2880,0.6809027777777777
4,lead-only,2026-05,2976,0.6878360215053764
4,lead-only,2026-06,2880,0.6829861111111111
4,lead-only,2026-07,2976,0.6915322580645161
4,lead-only,2026-08,2976,0.6898521505376344
4,lead-z,2026-01,2976,0.6858198924731183
4,lead-z,2026-02,2688,0.6715029761904762
4,lead-z,2026-03,2976,0.6700268817204301
4,lead-z,2026-04,2880,0.6798611111111111
4,lead-z,2026-05,2976,0.6895161290322581
4,lead-z,2026-06,2880,0.6822916666666666
4,lead-z,2026-07,2976,0.6915322580645161
4,lead-z,2026-08,2976,0.6898521505376344
4,logistic-all,2026-01,2976,0.6858198924731183
4,logistic-all,2026-02,2688,0.6729910714285714
4,logistic-all,2026-03,2976,0.664986559139785
4,logistic-all,2026-04,2880,0.6770833333333334
4,logistic-all,2026-05,2976,0.6720430107526881
4,logistic-all,2026-06,2880,0.6826388888888889
4,logistic-all,2026-07,2976,0.6831317204301075
4,logistic-all,2026-08,2976,0.6797715053763441
4,forest,2026-01,2976,0.6898521505376344
4,forest,2026-02,2688,0.6752232142857143
4,forest,2026-03,2976,0.6656586021505376
4,forest,2026-04,2880,0.6795138888888889
4,forest,2026-05,2976,0.6858198924731183
4,forest,2026-06,2880,0.6833333333333333
4,forest,2026-07,2976,0.6895161290322581
4,forest,2026-08,2976,0.6804435483870968
4,hgb-all,2026-01,2976,0.6831317204301075
4,hgb-all,2026-02,2688,0.6763392857142857
4,hgb-all,2026-03,2976,0.668010752688172
4,hgb-all,2026-04,2880,0.6833333333333333
4,hgb-all,2026-05,2976,0.6851478494623656
4,hgb-all,2026-06,2880,0.6847222222222222
4,hgb-all,2026-07,2976,0.6905241935483871
4,hgb-all,2026-08,2976,0.6841397849462365
4,xgb-price,2026-01,2976,0.6871639784946236
4,xgb-price,2026-02,2688,0.6729910714285714
4,xgb-price,2026-03,2976,0.6690188172043011
4,xgb-price,2026-04,2880,0.6822916666666666
4,xgb-price,2026-05,2976,0.6898521505376344
4,xgb-price,2026-06,2880,0.6836805555555555
4,xgb-price,2026-07,2976,0.6871639784946236
4,xgb-price,2026-08,2976,0.6891801075268817
4,xgb-all,2026-01,2976,0.6868279569892473
4,xgb-all,2026-02,2688,0.6752232142857143
4,xgb-all,2026-03,2976,0.6639784946236559
4,xgb-all,2026-04,2880,0.6850694444444444
4,xgb-all,2026-05,2976,0.6878360215053764
4,xgb-all,2026-06,2880,0.6868055555555556
4,xgb-all,2026-07,2976,0.6898521505376344
4,xgb-all,2026-08,2976,0.6817876344086021
5,majority,2026-01,2976,0.5067204301075269
5,majority,2026-02,2688,0.4962797619047619
5,majority,2026-03,2976,0.5006720430107527
5,majority,2026-04,2880,0.49027777777777776
5,majority,2026-05,2976,0.49294354838709675
5,majority,2026-06,2880,0.5243055555555556
5,majority,2026-07,2976,0.5026881720430108
5,majority,2026-08,2976,0.4969758064516129
5,lead-only,2026-01,2976,0.7043010752688172
5,lead-only,2026-02,2688,0.6871279761904762
5,lead-only,2026-03,2976,0.6875
5,lead-only,2026-04,2880,0.6881944444444444
5,lead-only,2026-05,2976,0.7019489247311828
5,lead-only,2026-06,2880,0.7020833333333333
5,lead-only,2026-07,2976,0.7116935483870968
5,lead-only,2026-08,2976,0.7157258064516129
5,lead-z,2026-01,2976,0.7053091397849462
5,lead-z,2026-02,2688,0.6875
5,lead-z,2026-03,2976,0.688508064516129
5,lead-z,2026-04,2880,0.6857638888888888
5,lead-z,2026-05,2976,0.699260752688172
5,lead-z,2026-06,2880,0.7027777777777777
5,lead-z,2026-07,2976,0.7116935483870968
5,lead-z,2026-08,2976,0.7163978494623656
5,logistic-all,2026-01,2976,0.6979166666666666
5,logistic-all,2026-02,2688,0.6815476190476191
5,logistic-all,2026-03,2976,0.6790994623655914
5,logistic-all,2026-04,2880,0.678125
5,logistic-all,2026-05,2976,0.6898521505376344
5,logistic-all,2026-06,2880,0.6954861111111111
5,logistic-all,2026-07,2976,0.7073252688172043
5,logistic-all,2026-08,2976,0.6965725806451613
5,forest,2026-01,2976,0.7086693548387096
5,forest,2026-02,2688,0.6878720238095238
5,forest,2026-03,2976,0.6871639784946236
5,forest,2026-04,2880,0.6920138888888889
5,forest,2026-05,2976,0.7026209677419355
5,forest,2026-06,2880,0.6930555555555555
5,forest,2026-07,2976,0.7180779569892473
5,forest,2026-08,2976,0.7073252688172043
5,hgb-all,2026-01,2976,0.7056451612903226
5,hgb-all,2026-02,2688,0.6848958333333334
5,hgb-all,2026-03,2976,0.688508064516129
5,hgb-all,2026-04,2880,0.6868055555555556
5,hgb-all,2026-05,2976,0.6995967741935484
5,hgb-all,2026-06,2880,0.7006944444444444
5,hgb-all,2026-07,2976,0.7116935483870968
5,hgb-all,2026-08,2976,0.7086693548387096
5,xgb-price,2026-01,2976,0.7029569892473119
5,xgb-price,2026-02,2688,0.6878720238095238
5,xgb-price,2026-03,2976,0.6875
5,xgb-price,2026-04,2880,0.6923611111111111
5,xgb-price,2026-05,2976,0.7006048387096774
5,xgb-price,2026-06,2880,0.6940972222222223
5,xgb-price,2026-07,2976,0.7143817204301075
5,xgb-price,2026-08,2976,0.7116935483870968
5,xgb-all,2026-01,2976,0.7076612903225806
5,xgb-all,2026-02,2688,0.6875
5,xgb-all,2026-03,2976,0.6858198924731183
5,xgb-all,2026-04,2880,0.6913194444444445
5,xgb-all,2026-05,2976,0.6979166666666666
5,xgb-all,2026-06,2880,0.7013888888888888
5,xgb-all,2026-07,2976,0.7130376344086021
5,xgb-all,2026-08,2976,0.7106854838709677
6,majority,2026-01,2976,0.5067204301075269
6,majority,2026-02,2688,0.4962797619047619
6,majority,2026-03,2976,0.5006720430107527
6,majority,2026-04,2880,0.49027777777777776
6,majority,2026-05,2976,0.49294354838709675
6,majority,2026-06,2880,0.5243055555555556
6,majority,2026-07,2976,0.5026881720430108
6,majority,2026-08,2976,0.4969758064516129
6,lead-only,2026-01,2976,0.7291666666666666
6,lead-only,2026-02,2688,0.7213541666666666
6,lead-only,2026-03,2976,0.7163978494623656
6,lead-only,2026-04,2880,0.7194444444444444
6,lead-only,2026-05,2976,0.7318548387096774
6,lead-only,2026-06,2880,0.7357638888888889
6,lead-only,2026-07,2976,0.7365591397849462
6,lead-only,2026-08,2976,0.7379032258064516
6,lead-z,2026-01,2976,0.7301747311827957
6,lead-z,2026-02,2688,0.7209821428571429
6,lead-z,2026-03,2976,0.7160618279569892
6,lead-z,2026-04,2880,0.7194444444444444
6,lead-z,2026-05,2976,0.7315188172043011
6,lead-z,2026-06,2880,0.7347222222222223
6,lead-z,2026-07,2976,0.7379032258064516
6,lead-z,2026-08,2976,0.7405913978494624
6,logistic-all,2026-01,2976,0.7288306451612904
6,logistic-all,2026-02,2688,0.7198660714285714
6,logistic-all,2026-03,2976,0.7093413978494624
6,logistic-all,2026-04,2880,0.7163194444444444
6,logistic-all,2026-05,2976,0.7093413978494624
6,logistic-all,2026-06,2880,0.7375
6,logistic-all,2026-07,2976,0.7335349462365591
6,logistic-all,2026-08,2976,0.7261424731182796
6,forest,2026-01,2976,0.7328629032258065
6,forest,2026-02,2688,0.7168898809523809
6,forest,2026-03,2976,0.7140456989247311
6,forest,2026-04,2880,0.7246527777777778
6,forest,2026-05,2976,0.7328629032258065
6,forest,2026-06,2880,0.7340277777777777
6,forest,2026-07,2976,0.7385752688172043
6,forest,2026-08,2976,0.7368951612903226
6,hgb-all,2026-01,2976,0.729502688172043
6,hgb-all,2026-02,2688,0.7217261904761905
6,hgb-all,2026-03,2976,0.7153897849462365
6,hgb-all,2026-04,2880,0.7225694444444445
6,hgb-all,2026-05,2976,0.7315188172043011
6,hgb-all,2026-06,2880,0.73125
6,hgb-all,2026-07,2976,0.7358870967741935
6,hgb-all,2026-08,2976,0.7365591397849462
6,xgb-price,2026-01,2976,0.7315188172043011
6,xgb-price,2026-02,2688,0.7250744047619048
6,xgb-price,2026-03,2976,0.7163978494623656
6,xgb-price,2026-04,2880,0.7229166666666667
6,xgb-price,2026-05,2976,0.7291666666666666
6,xgb-price,2026-06,2880,0.7340277777777777
6,xgb-price,2026-07,2976,0.7375672043010753
6,xgb-price,2026-08,2976,0.7352150537634409
6,xgb-all,2026-01,2976,0.7291666666666666
6,xgb-all,2026-02,2688,0.7150297619047619
6,xgb-all,2026-03,2976,0.7143817204301075
6,xgb-all,2026-04,2880,0.7232638888888889
6,xgb-all,2026-05,2976,0.7318548387096774
6,xgb-all,2026-06,2880,0.7329861111111111
6,xgb-all,2026-07,2976,0.7345430107526881
6,xgb-all,2026-08,2976,0.7389112903225806
7,majority,2026-01,2976,0.5067204301075269
7,majority,2026-02,2688,0.4962797619047619
7,majority,2026-03,2976,0.5006720430107527
7,majority,2026-04,2880,0.49027777777777776
7,majority,2026-05,2976,0.49294354838709675
7,majority,2026-06,2880,0.5243055555555556
7,majority,2026-07,2976,0.5026881720430108
7,majority,2026-08,2976,0.4969758064516129
7,lead-only,2026-01,2976,0.7590725806451613
7,lead-only,2026-02,2688,0.7302827380952381
7,lead-only,2026-03,2976,0.75
7,lead-only,2026-04,2880,0.7545138888888889
7,lead-only,2026-05,2976,0.7627688172043011
7,lead-only,2026-06,2880,0.7673611111111112
7,lead-only,2026-07,2976,0.7641129032258065
7,lead-only,2026-08,2976,0.7563844086021505
7,lead-z,2026-01,2976,0.7590725806451613
7,lead-z,2026-02,2688,0.7306547619047619
7,lead-z,2026-03,2976,0.7496639784946236
7,lead-z,2026-04,2880,0.7538194444444445
7,lead-z,2026-05,2976,0.7627688172043011
7,lead-z,2026-06,2880,0.7677083333333333
7,lead-z,2026-07,2976,0.7641129032258065
7,lead-z,2026-08,2976,0.7627688172043011
7,logistic-all,2026-01,2976,0.7506720430107527
7,logistic-all,2026-02,2688,0.7395833333333334
7,logistic-all,2026-03,2976,0.7442876344086021
7,logistic-all,2026-04,2880,0.7479166666666667
7,logistic-all,2026-05,2976,0.7372311827956989
7,logistic-all,2026-06,2880,0.7628472222222222
7,logistic-all,2026-07,2976,0.7543682795698925
7,logistic-all,2026-08,2976,0.7459677419354839
7,forest,2026-01,2976,0.760752688172043
7,forest,2026-02,2688,0.7313988095238095
7,forest,2026-03,2976,0.748991935483871
7,forest,2026-04,2880,0.7569444444444444
7,forest,2026-05,2976,0.7580645161290323
7,forest,2026-06,2880,0.7663194444444444
7,forest,2026-07,2976,0.7604166666666666
7,forest,2026-08,2976,0.760752688172043
7,hgb-all,2026-01,2976,0.7536962365591398
7,hgb-all,2026-02,2688,0.7340029761904762
7,hgb-all,2026-03,2976,0.7536962365591398
7,hgb-all,2026-04,2880,0.7541666666666667
7,hgb-all,2026-05,2976,0.7584005376344086
7,hgb-all,2026-06,2880,0.7673611111111112
7,hgb-all,2026-07,2976,0.7604166666666666
7,hgb-all,2026-08,2976,0.7610887096774194
7,xgb-price,2026-01,2976,0.7557123655913979
7,xgb-price,2026-02,2688,0.7299107142857143
7,xgb-price,2026-03,2976,0.7483198924731183
7,xgb-price,2026-04,2880,0.7541666666666667
7,xgb-price,2026-05,2976,0.7580645161290323
7,xgb-price,2026-06,2880,0.7666666666666667
7,xgb-price,2026-07,2976,0.7614247311827957
7,xgb-price,2026-08,2976,0.7637768817204301
7,xgb-all,2026-01,2976,0.7573924731182796
7,xgb-all,2026-02,2688,0.7332589285714286
7,xgb-all,2026-03,2976,0.7493279569892473
7,xgb-all,2026-04,2880,0.7517361111111112
7,xgb-all,2026-05,2976,0.759744623655914
7,xgb-all,2026-06,2880,0.7652777777777777
7,xgb-all,2026-07,2976,0.7631048387096774
7,xgb-all,2026-08,2976,0.7620967741935484
8,majority,2026-01,2976,0.5067204301075269
8,majority,2026-02,2688,0.4962797619047619
8,majority,2026-03,2976,0.5006720430107527
8,majority,2026-04,2880,0.49027777777777776
8,majority,2026-05,2976,0.49294354838709675
8,majority,2026-06,2880,0.5243055555555556
8,majority,2026-07,2976,0.5026881720430108
8,majority,2026-08,2976,0.4969758064516129
8,lead-only,2026-01,2976,0.7829301075268817
8,lead-only,2026-02,2688,0.7492559523809523
8,lead-only,2026-03,2976,0.7711693548387096
8,lead-only,2026-04,2880,0.7708333333333334
8,lead-only,2026-05,2976,0.7856182795698925
8,lead-only,2026-06,2880,0.7763888888888889
8,lead-only,2026-07,2976,0.7792338709677419
8,lead-only,2026-08,2976,0.7741935483870968
8,lead-z,2026-01,2976,0.7836021505376344
8,lead-z,2026-02,2688,0.7496279761904762
8,lead-z,2026-03,2976,0.770497311827957
8,lead-z,2026-04,2880,0.7715277777777778
8,lead-z,2026-05,2976,0.7849462365591398
8,lead-z,2026-06,2880,0.7767361111111111
8,lead-z,2026-07,2976,0.7809139784946236
8,lead-z,2026-08,2976,0.7768817204301075
8,logistic-all,2026-01,2976,0.7782258064516129
8,logistic-all,2026-02,2688,0.7488839285714286
8,logistic-all,2026-03,2976,0.7708333333333334
8,logistic-all,2026-04,2880,0.7631944444444444
8,logistic-all,2026-05,2976,0.7738575268817204
8,logistic-all,2026-06,2880,0.775
8,logistic-all,2026-07,2976,0.7782258064516129
8,logistic-all,2026-08,2976,0.7594086021505376
8,forest,2026-01,2976,0.7846102150537635
8,forest,2026-02,2688,0.7522321428571429
8,forest,2026-03,2976,0.7708333333333334
8,forest,2026-04,2880,0.7739583333333333
8,forest,2026-05,2976,0.7829301075268817
8,forest,2026-06,2880,0.7802083333333333
8,forest,2026-07,2976,0.7815860215053764
8,forest,2026-08,2976,0.772513440860215
8,hgb-all,2026-01,2976,0.7819220430107527
8,hgb-all,2026-02,2688,0.7462797619047619
8,hgb-all,2026-03,2976,0.7758736559139785
8,hgb-all,2026-04,2880,0.7725694444444444
8,hgb-all,2026-05,2976,0.7832661290322581
8,hgb-all,2026-06,2880,0.7756944444444445
8,hgb-all,2026-07,2976,0.78125
8,hgb-all,2026-08,2976,0.7708333333333334
8,xgb-price,2026-01,2976,0.78125
8,xgb-price,2026-02,2688,0.7477678571428571
8,xgb-price,2026-03,2976,0.7752016129032258
8,xgb-price,2026-04,2880,0.7715277777777778
8,xgb-price,2026-05,2976,0.7849462365591398
8,xgb-price,2026-06,2880,0.7791666666666667
8,xgb-price,2026-07,2976,0.7842741935483871
8,xgb-price,2026-08,2976,0.769489247311828
8,xgb-all,2026-01,2976,0.7785618279569892
8,xgb-all,2026-02,2688,0.7496279761904762
8,xgb-all,2026-03,2976,0.7752016129032258
8,xgb-all,2026-04,2880,0.7704861111111111
8,xgb-all,2026-05,2976,0.7829301075268817
8,xgb-all,2026-06,2880,0.7767361111111111
8,xgb-all,2026-07,2976,0.7825940860215054
8,xgb-all,2026-08,2976,0.7681451612903226
9,majority,2026-01,2976,0.5067204301075269
9,majority,2026-02,2688,0.4962797619047619
9,majority,2026-03,2976,0.5006720430107527
9,majority,2026-04,2880,0.49027777777777776
9,majority,2026-05,2976,0.49294354838709675
9,majority,2026-06,2880,0.5243055555555556
9,majority,2026-07,2976,0.5026881720430108
9,majority,2026-08,2976,0.4969758064516129
9,lead-only,2026-01,2976,0.7916666666666666
9,lead-only,2026-02,2688,0.7842261904761905
9,lead-only,2026-03,2976,0.7960349462365591
9,lead-only,2026-04,2880,0.7916666666666666
9,lead-only,2026-05,2976,0.7997311827956989
9,lead-only,2026-06,2880,0.8027777777777778
9,lead-only,2026-07,2976,0.8040994623655914
9,lead-only,2026-08,2976,0.7913306451612904
9,lead-z,2026-01,2976,0.7916666666666666
9,lead-z,2026-02,2688,0.7842261904761905
9,lead-z,2026-03,2976,0.7956989247311828
9,lead-z,2026-04,2880,0.7916666666666666
9,lead-z,2026-05,2976,0.7997311827956989
9,lead-z,2026-06,2880,0.803125
9,lead-z,2026-07,2976,0.8040994623655914
9,lead-z,2026-08,2976,0.7956989247311828
9,logistic-all,2026-01,2976,0.793010752688172
9,logistic-all,2026-02,2688,0.7853422619047619
9,logistic-all,2026-03,2976,0.7896505376344086
9,logistic-all,2026-04,2880,0.7822916666666667
9,logistic-all,2026-05,2976,0.7923387096774194
9,logistic-all,2026-06,2880,0.8013888888888889
9,logistic-all,2026-07,2976,0.7983870967741935
9,logistic-all,2026-08,2976,0.7799059139784946
9,forest,2026-01,2976,0.7923387096774194
9,forest,2026-02,2688,0.7838541666666666
9,forest,2026-03,2976,0.7943548387096774
9,forest,2026-04,2880,0.7899305555555556
9,forest,2026-05,2976,0.7990591397849462
9,forest,2026-06,2880,0.8034722222222223
9,forest,2026-07,2976,0.7983870967741935
9,forest,2026-08,2976,0.792002688172043
9,hgb-all,2026-01,2976,0.7936827956989247
9,hgb-all,2026-02,2688,0.7849702380952381
9,hgb-all,2026-03,2976,0.7967069892473119
9,hgb-all,2026-04,2880,0.7857638888888889
9,hgb-all,2026-05,2976,0.801747311827957
9,hgb-all,2026-06,2880,0.8017361111111111
9,hgb-all,2026-07,2976,0.7960349462365591
9,hgb-all,2026-08,2976,0.7896505376344086
9,xgb-price,2026-01,2976,0.7960349462365591
9,xgb-price,2026-02,2688,0.7816220238095238
9,xgb-price,2026-03,2976,0.7963709677419355
9,xgb-price,2026-04,2880,0.7916666666666666
9,xgb-price,2026-05,2976,0.8000672043010753
9,xgb-price,2026-06,2880,0.8038194444444444
9,xgb-price,2026-07,2976,0.8047715053763441
9,xgb-price,2026-08,2976,0.790994623655914
9,xgb-all,2026-01,2976,0.793010752688172
9,xgb-all,2026-02,2688,0.7853422619047619
9,xgb-all,2026-03,2976,0.7943548387096774
9,xgb-all,2026-04,2880,0.7899305555555556
9,xgb-all,2026-05,2976,0.7993951612903226
9,xgb-all,2026-06,2880,0.8013888888888889
9,xgb-all,2026-07,2976,0.8004032258064516
9,xgb-all,2026-08,2976,0.793010752688172
10,majority,2026-01,2976,0.5067204301075269
10,majority,2026-02,2688,0.4962797619047619
10,majority,2026-03,2976,0.5006720430107527
10,majority,2026-04,2880,0.49027777777777776
10,majority,2026-05,2976,0.49294354838709675
10,majority,2026-06,2880,0.5243055555555556
10,majority,2026-07,2976,0.5026881720430108
10,majority,2026-08,2976,0.4969758064516129
10,lead-only,2026-01,2976,0.8158602150537635
10,lead-only,2026-02,2688,0.8165922619047619
10,lead-only,2026-03,2976,0.8269489247311828
10,lead-only,2026-04,2880,0.8204861111111111
10,lead-only,2026-05,2976,0.8336693548387096
10,lead-only,2026-06,2880,0.8302083333333333
10,lead-only,2026-07,2976,0.8192204301075269
10,lead-only,2026-08,2976,0.8111559139784946
10,lead-z,2026-01,2976,0.8158602150537635
10,lead-z,2026-02,2688,0.8169642857142857
10,lead-z,2026-03,2976,0.8269489247311828
10,lead-z,2026-04,2880,0.8215277777777777
10,lead-z,2026-05,2976,0.834005376344086
10,lead-z,2026-06,2880,0.8309027777777778
10,lead-z,2026-07,2976,0.8209005376344086
10,lead-z,2026-08,2976,0.8128360215053764
10,logistic-all,2026-01,2976,0.8198924731182796
10,logistic-all,2026-02,2688,0.8128720238095238
10,logistic-all,2026-03,2976,0.8205645161290323
10,logistic-all,2026-04,2880,0.8104166666666667
10,logistic-all,2026-05,2976,0.8192204301075269
10,logistic-all,2026-06,2880,0.8277777777777777
10,logistic-all,2026-07,2976,0.813508064516129
10,logistic-all,2026-08,2976,0.8061155913978495
10,forest,2026-01,2976,0.8128360215053764
10,forest,2026-02,2688,0.8128720238095238
10,forest,2026-03,2976,0.8239247311827957
10,forest,2026-04,2880,0.8159722222222222
10,forest,2026-05,2976,0.8299731182795699
10,forest,2026-06,2880,0.8291666666666667
10,forest,2026-07,2976,0.8185483870967742
10,forest,2026-08,2976,0.8161962365591398
10,hgb-all,2026-01,2976,0.8111559139784946
10,hgb-all,2026-02,2688,0.8117559523809523
10,hgb-all,2026-03,2976,0.8239247311827957
10,hgb-all,2026-04,2880,0.8177083333333334
10,hgb-all,2026-05,2976,0.8296370967741935
10,hgb-all,2026-06,2880,0.8309027777777778
10,hgb-all,2026-07,2976,0.8209005376344086
10,hgb-all,2026-08,2976,0.8161962365591398
10,xgb-price,2026-01,2976,0.8125
10,xgb-price,2026-02,2688,0.8136160714285714
10,xgb-price,2026-03,2976,0.8245967741935484
10,xgb-price,2026-04,2880,0.8177083333333334
10,xgb-price,2026-05,2976,0.8279569892473119
10,xgb-price,2026-06,2880,0.8295138888888889
10,xgb-price,2026-07,2976,0.8175403225806451
10,xgb-price,2026-08,2976,0.8155241935483871
10,xgb-all,2026-01,2976,0.8125
10,xgb-all,2026-02,2688,0.8128720238095238
10,xgb-all,2026-03,2976,0.8239247311827957
10,xgb-all,2026-04,2880,0.8177083333333334
10,xgb-all,2026-05,2976,0.8293010752688172
10,xgb-all,2026-06,2880,0.8305555555555556
10,xgb-all,2026-07,2976,0.8192204301075269
10,xgb-all,2026-08,2976,0.8165322580645161
11,majority,2026-01,2976,0.5067204301075269
11,majority,2026-02,2688,0.4962797619047619
11,majority,2026-03,2976,0.5006720430107527
11,majority,2026-04,2880,0.49027777777777776
11,majority,2026-05,2976,0.49294354838709675
11,majority,2026-06,2880,0.5243055555555556
11,majority,2026-07,2976,0.5026881720430108
11,majority,2026-08,2976,0.4969758064516129
11,lead-only,2026-01,2976,0.8390456989247311
11,lead-only,2026-02,2688,0.8363095238095238
11,lead-only,2026-03,2976,0.8440860215053764
11,lead-only,2026-04,2880,0.8378472222222222
11,lead-only,2026-05,2976,0.8467741935483871
11,lead-only,2026-06,2880,0.8559027777777778
11,lead-only,2026-07,2976,0.8494623655913979
11,lead-only,2026-08,2976,0.8410618279569892
11,lead-z,2026-01,2976,0.8380376344086021
11,lead-z,2026-02,2688,0.8374255952380952
11,lead-z,2026-03,2976,0.8444220430107527
11,lead-z,2026-04,2880,0.8378472222222222
11,lead-z,2026-05,2976,0.8474462365591398
11,lead-z,2026-06,2880,0.8559027777777778
11,lead-z,2026-07,2976,0.8497983870967742
11,lead-z,2026-08,2976,0.8450940860215054
11,logistic-all,2026-01,2976,0.8380376344086021
11,logistic-all,2026-02,2688,0.8363095238095238
11,logistic-all,2026-03,2976,0.8464381720430108
11,logistic-all,2026-04,2880,0.8322916666666667
11,logistic-all,2026-05,2976,0.8430779569892473
11,logistic-all,2026-06,2880,0.8520833333333333
11,logistic-all,2026-07,2976,0.8434139784946236
11,logistic-all,2026-08,2976,0.8316532258064516
11,forest,2026-01,2976,0.8343413978494624
11,forest,2026-02,2688,0.8366815476190477
11,forest,2026-03,2976,0.8450940860215054
11,forest,2026-04,2880,0.8413194444444444
11,forest,2026-05,2976,0.8467741935483871
11,forest,2026-06,2880,0.8545138888888889
11,forest,2026-07,2976,0.8504704301075269
11,forest,2026-08,2976,0.8407258064516129
11,hgb-all,2026-01,2976,0.8387096774193549
11,hgb-all,2026-02,2688,0.8351934523809523
11,hgb-all,2026-03,2976,0.8444220430107527
11,hgb-all,2026-04,2880,0.8402777777777778
11,hgb-all,2026-05,2976,0.8430779569892473
11,hgb-all,2026-06,2880,0.8565972222222222
11,hgb-all,2026-07,2976,0.8484543010752689
11,hgb-all,2026-08,2976,0.8353494623655914
11,xgb-price,2026-01,2976,0.8366935483870968
11,xgb-price,2026-02,2688,0.8337053571428571
11,xgb-price,2026-03,2976,0.8430779569892473
11,xgb-price,2026-04,2880,0.8402777777777778
11,xgb-price,2026-05,2976,0.8450940860215054
11,xgb-price,2026-06,2880,0.8541666666666666
11,xgb-price,2026-07,2976,0.8487903225806451
11,xgb-price,2026-08,2976,0.8380376344086021
11,xgb-all,2026-01,2976,0.8343413978494624
11,xgb-all,2026-02,2688,0.8344494047619048
11,xgb-all,2026-03,2976,0.8464381720430108
11,xgb-all,2026-04,2880,0.8416666666666667
11,xgb-all,2026-05,2976,0.842741935483871
11,xgb-all,2026-06,2880,0.8538194444444445
11,xgb-all,2026-07,2976,0.8474462365591398
11,xgb-all,2026-08,2976,0.8373655913978495
12,majority,2026-01,2976,0.5067204301075269
12,majority,2026-02,2688,0.4962797619047619
12,majority,2026-03,2976,0.5006720430107527
12,majority,2026-04,2880,0.49027777777777776
12,majority,2026-05,2976,0.49294354838709675
12,majority,2026-06,2880,0.5243055555555556
12,majority,2026-07,2976,0.5026881720430108
12,majority,2026-08,2976,0.4969758064516129
12,lead-only,2026-01,2976,0.8575268817204301
12,lead-only,2026-02,2688,0.8552827380952381
12,lead-only,2026-03,2976,0.8645833333333334
12,lead-only,2026-04,2880,0.865625
12,lead-only,2026-05,2976,0.865255376344086
12,lead-only,2026-06,2880,0.8739583333333333
12,lead-only,2026-07,2976,0.8665994623655914
12,lead-only,2026-08,2976,0.8581989247311828
12,lead-z,2026-01,2976,0.8578629032258065
12,lead-z,2026-02,2688,0.8556547619047619
12,lead-z,2026-03,2976,0.8645833333333334
12,lead-z,2026-04,2880,0.8670138888888889
12,lead-z,2026-05,2976,0.8635752688172043
12,lead-z,2026-06,2880,0.8739583333333333
12,lead-z,2026-07,2976,0.8665994623655914
12,lead-z,2026-08,2976,0.8585349462365591
12,logistic-all,2026-01,2976,0.8625672043010753
12,logistic-all,2026-02,2688,0.8567708333333334
12,logistic-all,2026-03,2976,0.8612231182795699
12,logistic-all,2026-04,2880,0.8642361111111111
12,logistic-all,2026-05,2976,0.8605510752688172
12,logistic-all,2026-06,2880,0.875
12,logistic-all,2026-07,2976,0.8635752688172043
12,logistic-all,2026-08,2976,0.8494623655913979
12,forest,2026-01,2976,0.8561827956989247
12,forest,2026-02,2688,0.8552827380952381
12,forest,2026-03,2976,0.864247311827957
12,forest,2026-04,2880,0.8684027777777777
12,forest,2026-05,2976,0.8645833333333334
12,forest,2026-06,2880,0.8732638888888888
12,forest,2026-07,2976,0.8665994623655914
12,forest,2026-08,2976,0.8585349462365591
12,hgb-all,2026-01,2976,0.8558467741935484
12,hgb-all,2026-02,2688,0.8578869047619048
12,hgb-all,2026-03,2976,0.8655913978494624
12,hgb-all,2026-04,2880,0.8680555555555556
12,hgb-all,2026-05,2976,0.8639112903225806
12,hgb-all,2026-06,2880,0.8746527777777777
12,hgb-all,2026-07,2976,0.8639112903225806
12,hgb-all,2026-08,2976,0.8568548387096774
12,xgb-price,2026-01,2976,0.8568548387096774
12,xgb-price,2026-02,2688,0.8552827380952381
12,xgb-price,2026-03,2976,0.8635752688172043
12,xgb-price,2026-04,2880,0.8680555555555556
12,xgb-price,2026-05,2976,0.8618951612903226
12,xgb-price,2026-06,2880,0.8715277777777778
12,xgb-price,2026-07,2976,0.8645833333333334
12,xgb-price,2026-08,2976,0.8605510752688172
12,xgb-all,2026-01,2976,0.8578629032258065
12,xgb-all,2026-02,2688,0.8578869047619048
12,xgb-all,2026-03,2976,0.8649193548387096
12,xgb-all,2026-04,2880,0.8666666666666667
12,xgb-all,2026-05,2976,0.8608870967741935
12,xgb-all,2026-06,2880,0.8701388888888889
12,xgb-all,2026-07,2976,0.8635752688172043
12,xgb-all,2026-08,2976,0.8578629032258065
13,majority,2026-01,2976,0.5067204301075269
13,majority,2026-02,2688,0.4962797619047619
13,majority,2026-03,2976,0.5006720430107527
13,majority,2026-04,2880,0.49027777777777776
13,majority,2026-05,2976,0.49294354838709675
13,majority,2026-06,2880,0.5243055555555556
13,majority,2026-07,2976,0.5026881720430108
13,majority,2026-08,2976,0.4969758064516129
13,lead-only,2026-01,2976,0.894489247311828
13,lead-only,2026-02,2688,0.8824404761904762
13,lead-only,2026-03,2976,0.8887768817204301
13,lead-only,2026-04,2880,0.8861111111111111
13,lead-only,2026-05,2976,0.8911290322580645
13,lead-only,2026-06,2880,0.9079861111111112
13,lead-only,2026-07,2976,0.8995295698924731
13,lead-only,2026-08,2976,0.885752688172043
13,lead-z,2026-01,2976,0.8941532258064516
13,lead-z,2026-02,2688,0.8835565476190477
13,lead-z,2026-03,2976,0.8874327956989247
13,lead-z,2026-04,2880,0.8854166666666666
13,lead-z,2026-05,2976,0.8911290322580645
13,lead-z,2026-06,2880,0.9079861111111112
13,lead-z,2026-07,2976,0.9012096774193549
13,lead-z,2026-08,2976,0.886760752688172
13,logistic-all,2026-01,2976,0.8924731182795699
13,logistic-all,2026-02,2688,0.8816964285714286
13,logistic-all,2026-03,2976,0.8911290322580645
13,logistic-all,2026-04,2880,0.88125
13,logistic-all,2026-05,2976,0.8911290322580645
13,logistic-all,2026-06,2880,0.9069444444444444
13,logistic-all,2026-07,2976,0.8971774193548387
13,logistic-all,2026-08,2976,0.8810483870967742
13,forest,2026-01,2976,0.8934811827956989
13,forest,2026-02,2688,0.8843005952380952
13,forest,2026-03,2976,0.8877688172043011
13,forest,2026-04,2880,0.884375
13,forest,2026-05,2976,0.8897849462365591
13,forest,2026-06,2880,0.909375
13,forest,2026-07,2976,0.8991935483870968
13,forest,2026-08,2976,0.8860887096774194
13,hgb-all,2026-01,2976,0.8904569892473119
13,hgb-all,2026-02,2688,0.8828125
13,hgb-all,2026-03,2976,0.886760752688172
13,hgb-all,2026-04,2880,0.8861111111111111
13,hgb-all,2026-05,2976,0.8914650537634409
13,hgb-all,2026-06,2880,0.9083333333333333
13,hgb-all,2026-07,2976,0.8998655913978495
13,hgb-all,2026-08,2976,0.8864247311827957
13,xgb-price,2026-01,2976,0.8918010752688172
13,xgb-price,2026-02,2688,0.8816964285714286
13,xgb-price,2026-03,2976,0.8854166666666666
13,xgb-price,2026-04,2880,0.8840277777777777
13,xgb-price,2026-05,2976,0.8897849462365591
13,xgb-price,2026-06,2880,0.9076388888888889
13,xgb-price,2026-07,2976,0.8991935483870968
13,xgb-price,2026-08,2976,0.8860887096774194
13,xgb-all,2026-01,2976,0.8918010752688172
13,xgb-all,2026-02,2688,0.8816964285714286
13,xgb-all,2026-03,2976,0.884744623655914
13,xgb-all,2026-04,2880,0.8836805555555556
13,xgb-all,2026-05,2976,0.8887768817204301
13,xgb-all,2026-06,2880,0.9079861111111112
13,xgb-all,2026-07,2976,0.8995295698924731
13,xgb-all,2026-08,2976,0.8850806451612904
14,majority,2026-01,2976,0.5067204301075269
14,majority,2026-02,2688,0.4962797619047619
14,majority,2026-03,2976,0.5006720430107527
14,majority,2026-04,2880,0.49027777777777776
14,majority,2026-05,2976,0.49294354838709675
14,majority,2026-06,2880,0.5243055555555556
14,majority,2026-07,2976,0.5026881720430108
14,majority,2026-08,2976,0.4969758064516129
14,lead-only,2026-01,2976,0.9294354838709677
14,lead-only,2026-02,2688,0.9129464285714286
14,lead-only,2026-03,2976,0.9129704301075269
14,lead-only,2026-04,2880,0.9201388888888888
14,lead-only,2026-05,2976,0.9196908602150538
14,lead-only,2026-06,2880,0.9326388888888889
14,lead-only,2026-07,2976,0.9290994623655914
14,lead-only,2026-08,2976,0.9264112903225806
14,lead-z,2026-01,2976,0.9294354838709677
14,lead-z,2026-02,2688,0.9122023809523809
14,lead-z,2026-03,2976,0.9126344086021505
14,lead-z,2026-04,2880,0.9204861111111111
14,lead-z,2026-05,2976,0.9193548387096774
14,lead-z,2026-06,2880,0.9329861111111111
14,lead-z,2026-07,2976,0.9294354838709677
14,lead-z,2026-08,2976,0.926747311827957
14,logistic-all,2026-01,2976,0.9220430107526881
14,logistic-all,2026-02,2688,0.9095982142857143
14,logistic-all,2026-03,2976,0.9119623655913979
14,logistic-all,2026-04,2880,0.9145833333333333
14,logistic-all,2026-05,2976,0.914986559139785
14,logistic-all,2026-06,2880,0.9295138888888889
14,logistic-all,2026-07,2976,0.9274193548387096
14,logistic-all,2026-08,2976,0.9240591397849462
14,forest,2026-01,2976,0.9294354838709677
14,forest,2026-02,2688,0.9125744047619048
14,forest,2026-03,2976,0.9136424731182796
14,forest,2026-04,2880,0.9197916666666667
14,forest,2026-05,2976,0.9196908602150538
14,forest,2026-06,2880,0.9326388888888889
14,forest,2026-07,2976,0.9297715053763441
14,forest,2026-08,2976,0.9260752688172043
14,hgb-all,2026-01,2976,0.9284274193548387
14,hgb-all,2026-02,2688,0.9136904761904762
14,hgb-all,2026-03,2976,0.9106182795698925
14,hgb-all,2026-04,2880,0.9194444444444444
14,hgb-all,2026-05,2976,0.9186827956989247
14,hgb-all,2026-06,2880,0.9326388888888889
14,hgb-all,2026-07,2976,0.9284274193548387
14,hgb-all,2026-08,2976,0.9264112903225806
14,xgb-price,2026-01,2976,0.9290994623655914
14,xgb-price,2026-02,2688,0.9107142857142857
14,xgb-price,2026-03,2976,0.9102822580645161
14,xgb-price,2026-04,2880,0.9211805555555556
14,xgb-price,2026-05,2976,0.9196908602150538
14,xgb-price,2026-06,2880,0.9315972222222222
14,xgb-price,2026-07,2976,0.9284274193548387
14,xgb-price,2026-08,2976,0.9280913978494624
14,xgb-all,2026-01,2976,0.9280913978494624
14,xgb-all,2026-02,2688,0.9118303571428571
14,xgb-all,2026-03,2976,0.9112903225806451
14,xgb-all,2026-04,2880,0.9197916666666667
14,xgb-all,2026-05,2976,0.9196908602150538
14,xgb-all,2026-06,2880,0.9309027777777777
14,xgb-all,2026-07,2976,0.928763440860215
14,xgb-all,2026-08,2976,0.9274193548387096
