pattern,bucket,fires,years,years_held,next5,next5_dev,next5_lo,next5_hi,close,close_dev,close_lo,close_hi,agree,move_c
sweep: 5-min move < -3 sd,minutes 1-4,5986,9,9,0.5763448045439359,0.07783678344351601,0.5600192765249581,0.5928578335837453,0.21333110591379886,-0.2893257500111511,0.19792823085597447,0.2281388826602313,0.5775141997995322,5.554208948651727
sweep: 5-min move < -3 sd,minutes 5-7,5324,9,9,0.5796393688955672,0.07767275913702522,0.5635681985235371,0.5952300294019177,0.040007513148009016,-0.46249101553280275,0.03398110079430053,0.046385695764642645,0.4569872276483847,1.8685233845197158
sweep: 5-min move < -3 sd,minutes 8-10,4910,9,8,0.5725050916496945,0.06774032987084855,0.5543046268649742,0.5882727128421402,0.026680244399185336,-0.47581884691647003,0.02215218378582042,0.03191513976507146,0.45336048879837065,1.949939746643513
sweep: 5-min move > +3 sd,minutes 1-4,6526,9,9,0.4379405455102666,-0.06026008990938016,0.4237726027158167,0.45251060416988376,0.7845540913269997,0.2819105188352225,0.7708374231149421,0.7977524839845263,0.5973030953110634,3.8641822750104007
sweep: 5-min move > +3 sd,minutes 5-7,5222,9,9,0.4435082343929529,-0.05839765571577135,0.42825729365633264,0.45976172707994417,0.9659134431252394,0.46328516150983645,0.960418554291024,0.9714393085306275,0.4718498659517426,0.46668561777189765
sweep: 5-min move > +3 sd,minutes 8-10,4841,9,8,0.44019830613509603,-0.06465625760476414,0.4223118864743671,0.45749601121247097,0.9717000619706673,0.46905463899294636,0.9657692557553427,0.9768306796112459,0.4676719686015286,0.5076223534009725
sweep: RSI14 < 25,minutes 1-4,16959,9,9,0.5856477386638363,0.08695952970250367,0.575021298855712,0.5959605298765842,0.3137567073530279,-0.1885400757691172,0.3021019854789087,0.32392283535295024,0.6337637832419364,11.743383059949952
sweep: RSI14 < 25,minutes 5-7,13131,9,9,0.5725382682202422,0.0703961652317095,0.5618230065123576,0.5821611218776916,0.12070672454496992,-0.3814536616442506,0.11152303363009491,0.13006479422582395,0.5309572766735207,8.534622018608383
sweep: RSI14 < 25,minutes 8-10,13326,9,9,0.5721897043373856,0.0674208044743629,0.5610529311785024,0.5843267694247576,0.04404922707489119,-0.4580653557540247,0.03936852409671695,0.049344103956211215,0.46840762419330634,6.461776394373217
sweep: RSI14 > 75,minutes 1-4,19316,9,9,0.42503623938703666,-0.07354402926194277,0.41636900963172535,0.43483656627572864,0.6868916960033133,0.18428610919580304,0.6772183246706085,0.6973964196648899,0.6451646303582522,8.459539277629466
sweep: RSI14 > 75,minutes 5-7,14381,9,9,0.4416243654822335,-0.06052704805646311,0.43099973094231714,0.45158763742848873,0.890271886516932,0.38769131631728293,0.8823586715678661,0.8980798784929245,0.5322995619219804,3.8204308800543254
sweep: RSI14 > 75,minutes 8-10,14439,9,9,0.44151257012258466,-0.06340430051825914,0.4294286588714715,0.45313367807906807,0.9600387838492971,0.4574675449567688,0.9556550126325676,0.9644670681215419,0.4792575663134566,1.5582211671435713
sweep: range position < 0.05,minutes 1-4,29194,9,9,0.5695690895389464,0.0710608500769134,0.5617266064444606,0.5763762255566225,0.3981640063026649,-0.10341568382217656,0.38989446619837037,0.40663039019639097,0.6835651161197507,10.2739408869201
sweep: range position < 0.05,minutes 5-7,21956,9,9,0.5492348333029696,0.047150256492664286,0.5405677717192394,0.5573837383539232,0.2344233922390235,-0.2671137477623118,0.22752405658578748,0.24102193468413427,0.6288030606667881,9.384978042442981
sweep: range position < 0.05,minutes 8-10,22330,9,9,0.5376623376623376,0.033577905115683516,0.5289243314976301,0.5473732208421555,0.1309896999552172,-0.37051497586971505,0.12447901899750846,0.13754923766350244,0.5794446932377967,8.593622068670982
sweep: range position > 0.95,minutes 1-4,40789,9,9,0.4390644536517198,-0.05954854395008375,0.43258202709861515,0.44533913763479005,0.6002353575718944,0.097808828098485,0.5924109638450628,0.6071394130924073,0.6832969673196205,8.835331341576994
sweep: range position > 0.95,minutes 5-7,29821,9,9,0.46162100533181316,-0.040508465612793684,0.4540502827763167,0.4688470784270294,0.7620133462995875,0.2596283164342952,0.7553439161564417,0.7686114025003488,0.63622950269944,7.007048622005805
sweep: range position > 0.95,minutes 8-10,30067,9,9,0.4672564605713906,-0.03713382227137995,0.4590656580705982,0.4747334272287202,0.8621079588918082,0.359773692445082,0.8561727133862709,0.8673930278997847,0.5866564672232015,5.465718869865483
wick rejection at the 4h low,minutes 1-4,11944,9,9,0.577947086403215,0.0798002442431926,0.5691330424051404,0.5877278087113964,0.4626590756865372,-0.039574255395882475,0.45216689222312284,0.4735594486960496,0.6928164768921634,9.022713575921443
wick rejection at the 4h low,minutes 5-7,8456,9,9,0.559484389782403,0.057593924117971186,0.5475186500097646,0.5717043401576153,0.244678334910123,-0.2574677354055246,0.2343284768733632,0.2548286412452001,0.6331598864711447,8.086123017327132
wick rejection at the 4h low,minutes 8-10,8359,9,8,0.5449216413446585,0.040710141412545864,0.532769407235598,0.55739524667099,0.13506400287115683,-0.36706781587835224,0.1276164206663975,0.14326488299718848,0.5750687881325517,7.073674943917263
wick rejection at the 4h high,minutes 1-4,13424,9,9,0.42491060786650775,-0.0734608630658932,0.41595131108493005,0.43402187663458563,0.5385131108462455,0.03572497381128043,0.5289803120508428,0.5476285048007693,0.6892878426698451,8.70820816650044
wick rejection at the 4h high,minutes 5-7,9025,9,9,0.4510803324099723,-0.05096808350995509,0.43966695960363433,0.4617729321351024,0.7664265927977839,0.26361285745077573,0.7573792016806723,0.7757983689703593,0.6285872576177285,6.423449442548124
wick rejection at the 4h high,minutes 8-10,8684,9,9,0.4510594196222939,-0.05326693210099979,0.4391908238557303,0.4613761689061449,0.8671119299861815,0.3644848770764263,0.8591883190956648,0.8747730297670274,0.5662137263933671,4.777977154391116
"liquidity sweep of the 1h low (took it out, closed back above)",minutes 1-4,25558,9,9,0.5692151185538774,0.07103142360148747,0.5628640052960622,0.5755852547774213,0.441701228578136,-0.06087718086706264,0.43539824445184644,0.4483976619910674,0.6869473354722592,9.93653233528554
"liquidity sweep of the 1h low (took it out, closed back above)",minutes 5-7,18448,9,9,0.5429314830875975,0.04108856791035471,0.5344389896138024,0.5498468915654184,0.23639418907198612,-0.2661559043479868,0.22960230829182315,0.24286323919916938,0.6354618386816999,9.293725107717592
"liquidity sweep of the 1h low (took it out, closed back above)",minutes 8-10,18106,9,9,0.5432453330387716,0.038933829224606815,0.535552837929869,0.5508113417760317,0.1330498177399757,-0.3694988240088198,0.12815014077647022,0.13808308396856117,0.5757759858610405,8.247103262462378
"liquidity sweep of the 1h high (took it out, closed back below)",minutes 1-4,26630,9,9,0.4326323695080736,-0.06563800233063705,0.4261951990896095,0.43884978952189396,0.5550131430717237,0.052210401867208135,0.5480382675853714,0.56152479743,0.6886594066841908,9.009188859782732
"liquidity sweep of the 1h high (took it out, closed back below)",minutes 5-7,18338,9,9,0.45332097284327627,-0.04865699684826308,0.4460458300437347,0.46046215420988373,0.7678045588395681,0.2649157302246351,0.7604999278986323,0.774477321002762,0.6285854509761152,7.144563702758585
"liquidity sweep of the 1h high (took it out, closed back below)",minutes 8-10,17841,9,9,0.46079255647104983,-0.043560698621073056,0.4532260441079943,0.4680493480885145,0.8684490779664817,0.36565372342951996,0.8632261432780801,0.8735280551626915,0.577209797657082,5.615785330072802
volume climax at a new 1h low (hour's largest volume),minutes 1-4,9761,9,9,0.5692039750025613,0.07096326350716999,0.5592210342049383,0.5790013363486842,0.3088822866509579,-0.19396124174074303,0.29877830194672417,0.32008363970588233,0.6394836594611207,7.86216942951046
volume climax at a new 1h low (hour's largest volume),minutes 5-7,6571,9,8,0.5519707807030894,0.05001414236349697,0.5394772897885423,0.5651077302976326,0.1553796986760006,-0.3473407966453003,0.1457130588073455,0.16503435517970402,0.5708415766245625,6.378911021719211
volume climax at a new 1h low (hour's largest volume),minutes 8-10,6356,9,9,0.5626179987413468,0.058051428042267844,0.549552215288392,0.5760115469493269,0.09093769666456891,-0.41176061773725514,0.08352585258525852,0.09900380405162659,0.5173064820641913,5.097250792013294
volume climax at a new 1h high (hour's largest volume),minutes 1-4,9157,9,9,0.4423937970951185,-0.05581841851052984,0.4319241941214651,0.45368231959365257,0.7020858359724801,0.19910609309585045,0.6916289767571916,0.7115738209686167,0.6391831385825052,6.336751778538498
volume climax at a new 1h high (hour's largest volume),minutes 5-7,6046,9,9,0.4594773403903407,-0.04254204482283242,0.4462609042309741,0.47378590647519925,0.8516374462454516,0.34866034346215674,0.841968589044701,0.8612592200260596,0.5754217664571618,4.116533634967957
volume climax at a new 1h high (hour's largest volume),minutes 8-10,5480,9,9,0.46478102189781023,-0.0398919225128262,0.45152160477869163,0.47818234799327086,0.916970802919708,0.41410236891342606,0.9095997193325283,0.9248618840082518,0.5408759124087591,2.9787035651417524
failed breakdown below the 4h low,minutes 1-4,40184,9,7,0.5102030658968744,0.011873847291231844,0.50354634422056,0.5164669821212898,0.6169619749153892,0.11462653042357274,0.6089811418880312,0.6251433878494397,0.6807684650607206,8.539947261891848
failed breakdown below the 4h low,minutes 5-7,30340,9,5,0.5058668424522083,0.003946307840831345,0.4991073607542164,0.5140609410107594,0.6712590639419908,0.1689263717135489,0.6632005293519139,0.6789497420249128,0.6783124588002637,8.331502789463613
failed breakdown below the 4h low,minutes 8-10,30693,9,9,0.5179356856612257,0.013598992549525837,0.5102960955076928,0.5257380642404249,0.6641905320431368,0.1618426892818691,0.655620026074589,0.6720428079581322,0.6753982992864822,8.464151104890275
failed breakout above the 4h high,minutes 1-4,42571,9,8,0.48035047332691266,-0.018172919872386256,0.47394146776351104,0.48701970084145285,0.37852058913344766,-0.12405638653151367,0.3710968231575738,0.38568600819756976,0.6856780437386953,9.997865425631863
failed breakout above the 4h high,minutes 5-7,32730,9,6,0.4852734494347693,-0.0166874991881568,0.4781053020320398,0.49278095764819363,0.3288420409410327,-0.17375310228519072,0.3214257984051732,0.3358220078648295,0.6749770852428965,10.316380442520332
failed breakout above the 4h high,minutes 8-10,33461,9,9,0.48130659573832224,-0.02311742161702129,0.4745522009280741,0.48839702984130445,0.3302650847255013,-0.17237706482806706,0.3225071892702555,0.3378495232802138,0.6683302949702639,10.531883533408374
reclaimed the session VWAP in the last 5 minutes after 30+ minutes below,minutes 1-4,11274,9,9,0.45077168706758913,-0.04774441659864128,0.4397121441816635,0.46284181101932015,0.673407841050204,0.170731804306072,0.659013680435606,0.6869017196901218,0.660457690260777,8.728669957383662
reclaimed the session VWAP in the last 5 minutes after 30+ minutes below,minutes 5-7,7992,9,7,0.46046046046046046,-0.04157877963681139,0.4455838765351942,0.47418345990639604,0.8517267267267268,0.34905602221623455,0.8397029888775172,0.8609181987878115,0.5754504504504504,5.885153439059163
reclaimed the session VWAP in the last 5 minutes after 30+ minutes below,minutes 8-10,6936,9,8,0.46265859284890426,-0.04201357278521555,0.447413895135519,0.4779560650209182,0.9235870818915801,0.4208073236462205,0.9153763720272742,0.931628996139614,0.5275374855824683,3.9081902564206987
lost the session VWAP in the last 5 minutes after 30+ minutes above,minutes 1-4,11765,9,8,0.525116872078198,0.02648614743636871,0.5134872286089432,0.5379442034916456,0.33523161920951977,-0.16747585834384704,0.32231713926257677,0.3481534928250898,0.6662983425414365,10.722993669623714
lost the session VWAP in the last 5 minutes after 30+ minutes above,minutes 5-7,8362,9,8,0.5259507294905525,0.023833571453892213,0.5116515239240231,0.5401914558905737,0.16036833293470462,-0.34239316582946216,0.15002606150744346,0.1725702396790246,0.5966276010523798,9.317184760178556
lost the session VWAP in the last 5 minutes after 30+ minutes above,minutes 8-10,7024,9,9,0.5385820045558086,0.033936657471281204,0.5233260541503857,0.5526058979217779,0.07816059225512528,-0.4245491499953676,0.06929143937968943,0.08689028005438446,0.5250569476082004,7.632170003579245
